redeem,hiveid,server,date,retcode,retmsg
devnote2025dscollab,samuer007,china,2025-01-13T01:49:05.024697Z,(H306),无效的优惠券代码。<br/>请重新确认。
swxdshappy25,samuer007,china,2025-01-13T01:51:03.935692Z,(H304),已使用过的优惠券代码。
sw2025jan6a8,samuer007,china,2025-01-13T01:52:21.979325Z,(H304),已使用过的优惠券代码。
sw2024decs9q,samuer007,china,2025-01-13T01:54:17.682565Z,(H306),无效的优惠券代码。<br/>请重新确认。
devnote2025dscollab,safety007,china,2025-01-13T01:55:17.524913Z,(H306),无效的优惠券代码。<br/>请重新确认。
swxdshappy25,safety007,china,2025-01-13T01:56:02.430231Z,(H304),已使用过的优惠券代码。
sw2025jan6a8,safety007,china,2025-01-13T01:58:01.663674Z,(H304),已使用过的优惠券代码。
sw2024decs9q,safety007,china,2025-01-13T01:58:35.871645Z,(H306),无效的优惠券代码。<br/>请重新确认。
devnote2025dscollab,1940519852,china,2025-01-13T02:00:23.888813Z,(H306),无效的优惠券代码。<br/>请重新确认。
swxdshappy25,1940519852,china,2025-01-13T02:00:57.934023Z,(H304),已使用过的优惠券代码。
sw2025jan6a8,1940519852,china,2025-01-13T02:01:38.612607Z,(H304),已使用过的优惠券代码。
sw2024decs9q,1940519852,china,2025-01-13T02:03:26.790080Z,(H306),无效的优惠券代码。<br/>请重新确认。
devnote2025dscollab,763066,china,2025-01-13T02:05:12.852974Z,(H306),无效的优惠券代码。<br/>请重新确认。
swxdshappy25,763066,china,2025-01-13T02:06:01.246154Z,(H304),已使用过的优惠券代码。
sw2025jan6a8,763066,china,2025-01-13T02:07:12.066279Z,(H304),已使用过的优惠券代码。
sw2024decs9q,763066,china,2025-01-13T02:08:59.010129Z,(H306),无效的优惠券代码。<br/>请重新确认。
devnote2025dscollab,Vittical,china,2025-01-13T02:10:31.828687Z,(H306),无效的优惠券代码。<br/>请重新确认。
swxdshappy25,Vittical,china,2025-01-13T02:11:45.821352Z,(H304),已使用过的优惠券代码。
sw2025jan6a8,Vittical,china,2025-01-13T02:12:58.717910Z,(H304),已使用过的优惠券代码。
sw2024decs9q,Vittical,china,2025-01-13T02:14:23.744903Z,(H306),无效的优惠券代码。<br/>请重新确认。
devnote2025dscollab,759830,china,2025-01-13T02:15:46.827038Z,(H306),无效的优惠券代码。<br/>请重新确认。
swxdshappy25,759830,china,2025-01-13T02:16:27.479143Z,(H304),已使用过的优惠券代码。
sw2025jan6a8,759830,china,2025-01-13T02:17:01.002922Z,(H304),已使用过的优惠券代码。
sw2024decs9q,759830,china,2025-01-13T02:18:33.834163Z,(H306),无效的优惠券代码。<br/>请重新确认。
devnote2025dscollab,ZQLDHJ,china,2025-01-13T02:20:16.819518Z,(H306),无效的优惠券代码。<br/>请重新确认。
swxdshappy25,ZQLDHJ,china,2025-01-13T02:21:13.749043Z,(H304),已使用过的优惠券代码。
sw2025jan6a8,ZQLDHJ,china,2025-01-13T02:22:07.161657Z,(H304),已使用过的优惠券代码。
sw2024decs9q,ZQLDHJ,china,2025-01-13T02:23:17.233283Z,(H306),无效的优惠券代码。<br/>请重新确认。
devnote2025dscollab,zhang921027,china,2025-01-13T02:24:26.645899Z,(H306),无效的优惠券代码。<br/>请重新确认。
swxdshappy25,zhang921027,china,2025-01-13T02:25:33.918189Z,(H304),已使用过的优惠券代码。
sw2025jan6a8,zhang921027,china,2025-01-13T02:28:03.851135Z,(H304),已使用过的优惠券代码。
sw2024decs9q,zhang921027,china,2025-01-13T02:29:08.111129Z,(H306),无效的优惠券代码。<br/>请重新确认。
devnote2025dscollab,hyyni1234,china,2025-01-13T02:31:00.059366Z,(H306),无效的优惠券代码。<br/>请重新确认。
swxdshappy25,hyyni1234,china,2025-01-13T02:31:46.667887Z,(H304),已使用过的优惠券代码。
sw2025jan6a8,hyyni1234,china,2025-01-13T02:33:12.462669Z,(H304),已使用过的优惠券代码。
sw2024decs9q,hyyni1234,china,2025-01-13T02:34:25.773564Z,(H306),无效的优惠券代码。<br/>请重新确认。
swxdshappy25,ZXFAILXY0322,china,2025-01-13T02:36:58.144168Z,(H304),已使用过的优惠券代码。
sw2025jan6a8,ZXFAILXY0322,china,2025-01-13T02:38:45.152538Z,(H304),已使用过的优惠券代码。
sw2024decs9q,ZXFAILXY0322,china,2025-01-13T02:40:14.031442Z,(H306),无效的优惠券代码。<br/>请重新确认。
devnote2025dscollab,linchao0510,china,2025-01-13T02:41:36.674389Z,(H306),无效的优惠券代码。<br/>请重新确认。
swxdshappy25,linchao0510,china,2025-01-13T02:43:33.050153Z,(H304),已使用过的优惠券代码。
sw2025jan6a8,linchao0510,china,2025-01-13T02:45:00.936358Z,(H304),已使用过的优惠券代码。
sw2024decs9q,linchao0510,china,2025-01-13T02:46:41.108815Z,(H306),无效的优惠券代码。<br/>请重新确认。
devnote2025dscollab,gcnu2768,china,2025-01-13T02:47:52.714324Z,(H306),无效的优惠券代码。<br/>请重新确认。
swxdshappy25,gcnu2768,china,2025-01-13T02:49:34.896407Z,(H304),已使用过的优惠券代码。
sw2025jan6a8,gcnu2768,china,2025-01-13T02:50:15.881169Z,(H304),已使用过的优惠券代码。
sw2024decs9q,gcnu2768,china,2025-01-13T02:50:59.633041Z,(H306),无效的优惠券代码。<br/>请重新确认。
devnote2025dscollab,wwcc998,china,2025-01-13T02:53:07.161445Z,(H306),无效的优惠券代码。<br/>请重新确认。
swxdshappy25,wwcc998,china,2025-01-13T02:54:28.673677Z,(H304),已使用过的优惠券代码。
sw2025jan6a8,wwcc998,china,2025-01-13T02:55:39.142631Z,(H304),已使用过的优惠券代码。
sw2024decs9q,wwcc998,china,2025-01-13T02:56:26.085524Z,(H306),无效的优惠券代码。<br/>请重新确认。
devnote2025dscollab,78619630,china,2025-01-13T02:57:28.989675Z,(H306),无效的优惠券代码。<br/>请重新确认。
swxdshappy25,78619630,china,2025-01-13T02:58:16.261005Z,(H304),已使用过的优惠券代码。
sw2025jan6a8,78619630,china,2025-01-13T03:00:04.465691Z,(H304),已使用过的优惠券代码。
sw2024decs9q,78619630,china,2025-01-13T03:01:02.209159Z,(H306),无效的优惠券代码。<br/>请重新确认。
devnote2025dscollab,jk187,china,2025-01-13T03:03:09.377602Z,(H306),无效的优惠券代码。<br/>请重新确认。
swxdshappy25,jk187,china,2025-01-13T03:03:46.543870Z,(H304),已使用过的优惠券代码。
sw2025jan6a8,jk187,china,2025-01-13T03:05:26.518777Z,(H304),已使用过的优惠券代码。
sw2024decs9q,jk187,china,2025-01-13T03:07:03.276219Z,(H306),无效的优惠券代码。<br/>请重新确认。
devnote2025dscollab,dshujun,china,2025-01-13T03:08:46.008279Z,(H306),无效的优惠券代码。<br/>请重新确认。
swxdshappy25,dshujun,china,2025-01-13T03:09:41.352753Z,(H304),已使用过的优惠券代码。
sw2025jan6a8,dshujun,china,2025-01-13T03:10:06.888285Z,(H304),已使用过的优惠券代码。
sw2024decs9q,dshujun,china,2025-01-13T03:10:55.317196Z,(H306),无效的优惠券代码。<br/>请重新确认。
devnote2025dscollab,kkws228,china,2025-01-13T03:11:51.815029Z,(H306),无效的优惠券代码。<br/>请重新确认。
swxdshappy25,kkws228,china,2025-01-13T03:12:34.376290Z,(H304),已使用过的优惠券代码。
sw2025jan6a8,kkws228,china,2025-01-13T03:14:40.824717Z,(H304),已使用过的优惠券代码。
sw2024decs9q,kkws228,china,2025-01-13T03:15:49.259795Z,(H306),无效的优惠券代码。<br/>请重新确认。
bereadyforss32,samuer007,china,2025-01-18T20:17:42.558239Z,100,优惠券礼物已支付。
allthebestin2025,samuer007,china,2025-01-18T20:19:35.696253Z,100,优惠券礼物已支付。
bereadyforss32,safety007,china,2025-01-18T20:20:37.735264Z,100,优惠券礼物已支付。
allthebestin2025,safety007,china,2025-01-18T20:21:37.193254Z,100,优惠券礼物已支付。
bereadyforss32,1940519852,china,2025-01-18T20:23:14.721121Z,(H304),已使用过的优惠券代码。
allthebestin2025,1940519852,china,2025-01-18T20:24:54.857926Z,(H304),已使用过的优惠券代码。
bereadyforss32,763066,china,2025-01-18T20:26:47.570514Z,100,优惠券礼物已支付。
allthebestin2025,763066,china,2025-01-18T20:27:59.309466Z,100,优惠券礼物已支付。
bereadyforss32,Vittical,china,2025-01-18T20:29:10.791412Z,100,优惠券礼物已支付。
allthebestin2025,Vittical,china,2025-01-18T20:30:06.711456Z,100,优惠券礼物已支付。
bereadyforss32,759830,china,2025-01-18T20:31:34.038728Z,100,优惠券礼物已支付。
allthebestin2025,759830,china,2025-01-18T20:32:44.102441Z,100,优惠券礼物已支付。
bereadyforss32,ZQLDHJ,china,2025-01-18T20:33:45.295539Z,100,优惠券礼物已支付。
allthebestin2025,ZQLDHJ,china,2025-01-18T20:34:59.845342Z,100,优惠券礼物已支付。
bereadyforss32,zhang921027,china,2025-01-18T20:35:47.598327Z,100,优惠券礼物已支付。
allthebestin2025,zhang921027,china,2025-01-18T20:37:20.936270Z,100,优惠券礼物已支付。
bereadyforss32,hyyni1234,china,2025-01-18T20:38:21.369113Z,100,优惠券礼物已支付。
allthebestin2025,hyyni1234,china,2025-01-18T20:39:16.263706Z,100,优惠券礼物已支付。
bereadyforss32,ZXFAILXY0322,china,2025-01-18T20:40:38.661079Z,100,优惠券礼物已支付。
allthebestin2025,ZXFAILXY0322,china,2025-01-18T20:42:41.289343Z,100,优惠券礼物已支付。
bereadyforss32,linchao0510,china,2025-01-18T20:44:23.538509Z,100,优惠券礼物已支付。
allthebestin2025,linchao0510,china,2025-01-18T20:44:59.194947Z,100,优惠券礼物已支付。
bereadyforss32,gcnu2768,china,2025-01-18T20:46:30.608183Z,(H304),已使用过的优惠券代码。
allthebestin2025,gcnu2768,china,2025-01-18T20:46:59.921840Z,(H304),已使用过的优惠券代码。
bereadyforss32,wwcc998,china,2025-01-18T20:48:19.130784Z,(H304),已使用过的优惠券代码。
allthebestin2025,wwcc998,china,2025-01-18T20:49:43.211344Z,(H304),已使用过的优惠券代码。
bereadyforss32,78619630,china,2025-01-18T20:50:07.816329Z,(H304),已使用过的优惠券代码。
allthebestin2025,78619630,china,2025-01-18T20:51:06.740105Z,(H304),已使用过的优惠券代码。
bereadyforss32,jk187,china,2025-01-18T20:52:32.697027Z,(H304),已使用过的优惠券代码。
allthebestin2025,jk187,china,2025-01-18T20:53:25.008012Z,100,优惠券礼物已支付。
bereadyforss32,dshujun,china,2025-01-18T20:55:27.846506Z,100,优惠券礼物已支付。
allthebestin2025,dshujun,china,2025-01-18T20:56:22.449290Z,100,优惠券礼物已支付。
bereadyforss32,kkws228,china,2025-01-18T20:57:32.844245Z,(H304),已使用过的优惠券代码。
allthebestin2025,kkws228,china,2025-01-18T20:59:16.797211Z,(H304),已使用过的优惠券代码。
devnote2025dscollab,1029709109,china,2025-01-18T22:33:09.038891Z,(H306),无效的优惠券代码。<br/>请重新确认。
swxdshappy25,1029709109,china,2025-01-18T22:33:37.043303Z,100,优惠券礼物已支付。
sw2025jan6a8,1029709109,china,2025-01-18T22:35:34.637670Z,(H304),已使用过的优惠券代码。
sw2024decs9q,1029709109,china,2025-01-18T22:36:26.285838Z,(H306),无效的优惠券代码。<br/>请重新确认。
bereadyforss32,1029709109,china,2025-01-18T22:37:39.498152Z,100,优惠券礼物已支付。
allthebestin2025,1029709109,china,2025-01-18T22:38:30.407792Z,100,优惠券礼物已支付。
devnote2025dscollab,yh.24288,china,2025-01-18T23:30:48.278859Z,(H306),无效的优惠券代码。<br/>请重新确认。
swxdshappy25,yh.24288,china,2025-01-18T23:31:33.313257Z,(H304),已使用过的优惠券代码。
sw2025jan6a8,yh.24288,china,2025-01-18T23:32:16.154602Z,(H304),已使用过的优惠券代码。
sw2024decs9q,yh.24288,china,2025-01-18T23:34:06.679005Z,(H306),无效的优惠券代码。<br/>请重新确认。
bereadyforss32,yh.24288,china,2025-01-18T23:34:49.611890Z,(H304),已使用过的优惠券代码。
allthebestin2025,yh.24288,china,2025-01-18T23:36:37.020629Z,(H304),已使用过的优惠券代码。
devnote2025dscollab,hedgehogss,china,2025-01-18T23:46:51.895552Z,(H306),无效的优惠券代码。<br/>请重新确认。
swxdshappy25,hedgehogss,china,2025-01-18T23:48:55.138886Z,(H304),已使用过的优惠券代码。
sw2025jan6a8,hedgehogss,china,2025-01-18T23:50:05.738662Z,(H304),已使用过的优惠券代码。
sw2024decs9q,hedgehogss,china,2025-01-18T23:51:31.366387Z,(H306),无效的优惠券代码。<br/>请重新确认。
bereadyforss32,hedgehogss,china,2025-01-18T23:52:43.814362Z,(H304),已使用过的优惠券代码。
allthebestin2025,hedgehogss,china,2025-01-18T23:53:41.343485Z,(H304),已使用过的优惠券代码。
devnote2025dscollab,si04172,china,2025-01-19T19:03:56.518755Z,(H306),无效的优惠券代码。<br/>请重新确认。
swxdshappy25,si04172,china,2025-01-19T19:05:52.023005Z,(H304),已使用过的优惠券代码。
sw2025jan6a8,si04172,china,2025-01-19T19:06:35.398202Z,(H304),已使用过的优惠券代码。
sw2024decs9q,si04172,china,2025-01-19T19:07:41.652861Z,(H306),无效的优惠券代码。<br/>请重新确认。
bereadyforss32,si04172,china,2025-01-19T19:08:51.971216Z,(H304),已使用过的优惠券代码。
allthebestin2025,si04172,china,2025-01-19T19:10:16.843744Z,(H304),已使用过的优惠券代码。
devnote2025dscollab,828511124,china,2025-01-20T00:07:56.537239Z,(H306),无效的优惠券代码。<br/>请重新确认。
swxdshappy25,828511124,china,2025-01-20T00:09:38.249429Z,(H304),已使用过的优惠券代码。
sw2025jan6a8,828511124,china,2025-01-20T00:10:10.592740Z,(H304),已使用过的优惠券代码。
sw2024decs9q,828511124,china,2025-01-20T00:12:12.561525Z,(H306),无效的优惠券代码。<br/>请重新确认。
bereadyforss32,828511124,china,2025-01-20T00:14:07.381824Z,(H304),已使用过的优惠券代码。
allthebestin2025,828511124,china,2025-01-20T00:15:30.303156Z,(H304),已使用过的优惠券代码。
MINGNIANHAILAI,samuer007,china,2025-01-25T21:44:36.237503Z,100,优惠券礼物已支付。
MINGNIANHAILAI,safety007,china,2025-01-25T21:45:44.068223Z,100,优惠券礼物已支付。
MINGNIANHAILAI,1940519852,china,2025-01-25T21:47:06.981691Z,(H304),已使用过的优惠券代码。
MINGNIANHAILAI,763066,china,2025-01-25T21:47:58.778809Z,100,优惠券礼物已支付。
MINGNIANHAILAI,Vittical,china,2025-01-25T21:49:37.666193Z,100,优惠券礼物已支付。
MINGNIANHAILAI,759830,china,2025-01-25T21:50:43.092438Z,100,优惠券礼物已支付。
MINGNIANHAILAI,ZQLDHJ,china,2025-01-25T21:51:46.407816Z,100,优惠券礼物已支付。
MINGNIANHAILAI,zhang921027,china,2025-01-25T21:53:07.542608Z,100,优惠券礼物已支付。
MINGNIANHAILAI,hyyni1234,china,2025-01-25T21:54:14.974198Z,100,优惠券礼物已支付。
MINGNIANHAILAI,ZXFAILXY0322,china,2025-01-25T21:55:20.328089Z,100,优惠券礼物已支付。
MINGNIANHAILAI,linchao0510,china,2025-01-25T21:55:49.804162Z,100,优惠券礼物已支付。
MINGNIANHAILAI,gcnu2768,china,2025-01-25T21:56:19.124486Z,(H304),已使用过的优惠券代码。
MINGNIANHAILAI,wwcc998,china,2025-01-25T21:57:11.029316Z,(H304),已使用过的优惠券代码。
MINGNIANHAILAI,78619630,china,2025-01-25T21:58:12.545497Z,(H304),已使用过的优惠券代码。
MINGNIANHAILAI,jk187,china,2025-01-25T22:00:08.446980Z,(H304),已使用过的优惠券代码。
MINGNIANHAILAI,dshujun,china,2025-01-25T22:01:14.165248Z,100,优惠券礼物已支付。
MINGNIANHAILAI,kkws228,china,2025-01-25T22:03:10.975286Z,(H304),已使用过的优惠券代码。
MINGNIANHAILAI,1029709109,china,2025-01-25T22:05:20.100176Z,100,优惠券礼物已支付。
MINGNIANHAILAI,yh.24288,china,2025-01-25T22:06:04.129882Z,(H304),已使用过的优惠券代码。
MINGNIANHAILAI,hedgehogss,china,2025-01-25T22:07:39.132412Z,(H304),已使用过的优惠券代码。
MINGNIANHAILAI,si04172,china,2025-01-25T22:08:39.760218Z,(H304),已使用过的优惠券代码。
MINGNIANHAILAI,828511124,china,2025-01-25T22:09:20.401941Z,(H304),已使用过的优惠券代码。
HI2025SHANGHAI,samuer007,china,2025-01-26T00:40:33.861453Z,100,优惠券礼物已支付。
HI2025SHANGHAI,safety007,china,2025-01-26T00:42:09.176654Z,(H304),已使用过的优惠券代码。
HI2025SHANGHAI,1940519852,china,2025-01-26T00:43:13.796162Z,(H304),已使用过的优惠券代码。
HI2025SHANGHAI,763066,china,2025-01-26T00:44:46.954246Z,100,优惠券礼物已支付。
HI2025SHANGHAI,Vittical,china,2025-01-26T00:45:24.473831Z,100,优惠券礼物已支付。
HI2025SHANGHAI,759830,china,2025-01-26T00:46:20.831588Z,100,优惠券礼物已支付。
HI2025SHANGHAI,ZQLDHJ,china,2025-01-26T00:47:56.252874Z,100,优惠券礼物已支付。
HI2025SHANGHAI,zhang921027,china,2025-01-26T00:49:20.722533Z,100,优惠券礼物已支付。
HI2025SHANGHAI,hyyni1234,china,2025-01-26T00:51:12.401157Z,100,优惠券礼物已支付。
HI2025SHANGHAI,ZXFAILXY0322,china,2025-01-26T00:52:44.909629Z,100,优惠券礼物已支付。
HI2025SHANGHAI,linchao0510,china,2025-01-26T00:54:55.197188Z,100,优惠券礼物已支付。
HI2025SHANGHAI,gcnu2768,china,2025-01-26T00:56:42.234111Z,(H304),已使用过的优惠券代码。
HI2025SHANGHAI,wwcc998,china,2025-01-26T00:57:20.898450Z,(H304),已使用过的优惠券代码。
HI2025SHANGHAI,78619630,china,2025-01-26T00:57:44.294916Z,(H304),已使用过的优惠券代码。
HI2025SHANGHAI,jk187,china,2025-01-26T00:59:09.084439Z,(H304),已使用过的优惠券代码。
HI2025SHANGHAI,dshujun,china,2025-01-26T01:00:08.354110Z,100,优惠券礼物已支付。
HI2025SHANGHAI,kkws228,china,2025-01-26T01:00:37.419302Z,(H304),已使用过的优惠券代码。
HI2025SHANGHAI,1029709109,china,2025-01-26T01:02:19.086090Z,100,优惠券礼物已支付。
HI2025SHANGHAI,yh.24288,china,2025-01-26T01:03:43.688857Z,(H304),已使用过的优惠券代码。
HI2025SHANGHAI,hedgehogss,china,2025-01-26T01:04:19.101521Z,(H304),已使用过的优惠券代码。
HI2025SHANGHAI,828511124,china,2025-01-26T01:12:31.125842Z,(H304),已使用过的优惠券代码。
sw2025feb3d9,samuer007,china,2025-02-01T23:20:15.561534Z,100,优惠券礼物已支付。
sw2025feb3d9,safety007,china,2025-02-01T23:20:49.981889Z,100,优惠券礼物已支付。
sw2025feb3d9,1940519852,china,2025-02-01T23:21:27.441733Z,100,优惠券礼物已支付。
sw2025feb3d9,763066,china,2025-02-01T23:23:22.055602Z,100,优惠券礼物已支付。
sw2025feb3d9,Vittical,china,2025-02-01T23:25:19.227487Z,100,优惠券礼物已支付。
sw2025feb3d9,759830,china,2025-02-01T23:27:19.132892Z,100,优惠券礼物已支付。
sw2025feb3d9,ZQLDHJ,china,2025-02-01T23:27:47.595323Z,100,优惠券礼物已支付。
sw2025feb3d9,zhang921027,china,2025-02-01T23:28:27.865302Z,100,优惠券礼物已支付。
sw2025feb3d9,hyyni1234,china,2025-02-01T23:29:43.796209Z,100,优惠券礼物已支付。
sw2025feb3d9,ZXFAILXY0322,china,2025-02-01T23:31:50.848820Z,100,优惠券礼物已支付。
sw2025feb3d9,linchao0510,china,2025-02-01T23:33:04.460904Z,100,优惠券礼物已支付。
sw2025feb3d9,gcnu2768,china,2025-02-01T23:33:37.998453Z,(H304),已使用过的优惠券代码。
sw2025feb3d9,wwcc998,china,2025-02-01T23:34:53.600334Z,(H304),已使用过的优惠券代码。
sw2025feb3d9,78619630,china,2025-02-01T23:35:24.798630Z,100,优惠券礼物已支付。
sw2025feb3d9,jk187,china,2025-02-01T23:36:05.819718Z,(H304),已使用过的优惠券代码。
sw2025feb3d9,dshujun,china,2025-02-01T23:37:53.519337Z,100,优惠券礼物已支付。
sw2025feb3d9,kkws228,china,2025-02-01T23:39:45.499883Z,(H304),已使用过的优惠券代码。
sw2025feb3d9,1029709109,china,2025-02-01T23:41:31.911476Z,100,优惠券礼物已支付。
sw2025feb3d9,yh.24288,china,2025-02-01T23:42:29.101815Z,100,优惠券礼物已支付。
sw2025feb3d9,hedgehogss,china,2025-02-01T23:44:17.783014Z,(H304),已使用过的优惠券代码。
sw2025feb3d9,si04172,china,2025-02-01T23:45:02.963235Z,100,优惠券礼物已支付。
sw2025feb3d9,828511124,china,2025-02-01T23:46:26.886606Z,(H304),已使用过的优惠券代码。
sankaimenojvsk,samuer007,china,2025-02-10T04:54:50.844589Z,100,优惠券礼物已支付。
20jpteamhadare25,samuer007,china,2025-02-10T04:55:45.399018Z,100,优惠券礼物已支付。
nextmar8tokyo,samuer007,china,2025-02-10T04:56:03.302084Z,(H306),无效的优惠券代码。<br/>请重新确认。
sankaimenojvsk,safety007,china,2025-02-10T04:57:44.776778Z,100,优惠券礼物已支付。
nayasupermatch25,samuer007,china,2025-02-10T04:57:45.879902Z,(H306),无效的优惠券代码。<br/>请重新确认。
20jpteamhadare25,safety007,china,2025-02-10T04:58:22.614913Z,100,优惠券礼物已支付。
nextmar8tokyo,safety007,china,2025-02-10T04:58:38.746334Z,(H306),无效的优惠券代码。<br/>请重新确认。
nayasupermatch25,safety007,china,2025-02-10T04:59:14.553653Z,(H306),无效的优惠券代码。<br/>请重新确认。
20jpteamhadare25,1940519852,china,2025-02-10T04:59:43.058507Z,100,优惠券礼物已支付。
sankaimenojvsk,1940519852,china,2025-02-10T04:59:44.620884Z,100,优惠券礼物已支付。
nextmar8tokyo,1940519852,china,2025-02-10T05:01:22.158905Z,(H306),无效的优惠券代码。<br/>请重新确认。
nayasupermatch25,1940519852,china,2025-02-10T05:01:47.374911Z,(H306),无效的优惠券代码。<br/>请重新确认。
sankaimenojvsk,763066,china,2025-02-10T05:01:50.145158Z,100,优惠券礼物已支付。
nextmar8tokyo,763066,china,2025-02-10T05:03:58.292017Z,(H306),无效的优惠券代码。<br/>请重新确认。
nayasupermatch25,763066,china,2025-02-10T05:05:23.303708Z,(H306),无效的优惠券代码。<br/>请重新确认。
sankaimenojvsk,Vittical,china,2025-02-10T05:07:00.671419Z,100,优惠券礼物已支付。
20jpteamhadare25,Vittical,china,2025-02-10T05:26:44.015858Z,100,优惠券礼物已支付。
nextmar8tokyo,Vittical,china,2025-02-10T05:27:30.075509Z,(H306),无效的优惠券代码。<br/>请重新确认。
nayasupermatch25,Vittical,china,2025-02-10T05:29:28.842155Z,(H306),无效的优惠券代码。<br/>请重新确认。
sankaimenojvsk,759830,china,2025-02-10T05:30:13.103780Z,100,优惠券礼物已支付。
20jpteamhadare25,759830,china,2025-02-10T05:31:27.283154Z,100,优惠券礼物已支付。
nextmar8tokyo,759830,china,2025-02-10T05:32:07.351282Z,(H306),无效的优惠券代码。<br/>请重新确认。
nayasupermatch25,759830,china,2025-02-10T05:32:36.319129Z,(H306),无效的优惠券代码。<br/>请重新确认。
sankaimenojvsk,ZQLDHJ,china,2025-02-10T05:33:40.845226Z,100,优惠券礼物已支付。
20jpteamhadare25,ZQLDHJ,china,2025-02-10T05:35:32.401569Z,100,优惠券礼物已支付。
nextmar8tokyo,ZQLDHJ,china,2025-02-10T05:36:55.327947Z,(H306),无效的优惠券代码。<br/>请重新确认。
nayasupermatch25,ZQLDHJ,china,2025-02-10T05:38:39.455068Z,(H306),无效的优惠券代码。<br/>请重新确认。
sankaimenojvsk,zhang921027,china,2025-02-10T05:39:33.366883Z,100,优惠券礼物已支付。
20jpteamhadare25,zhang921027,china,2025-02-10T05:40:56.597874Z,100,优惠券礼物已支付。
nextmar8tokyo,zhang921027,china,2025-02-10T05:42:45.325250Z,(H306),无效的优惠券代码。<br/>请重新确认。
nayasupermatch25,zhang921027,china,2025-02-10T05:43:37.541622Z,(H306),无效的优惠券代码。<br/>请重新确认。
sankaimenojvsk,hyyni1234,china,2025-02-10T05:45:28.459261Z,100,优惠券礼物已支付。
20jpteamhadare25,hyyni1234,china,2025-02-10T05:47:26.902146Z,100,优惠券礼物已支付。
nextmar8tokyo,hyyni1234,china,2025-02-10T05:48:53.546361Z,(H306),无效的优惠券代码。<br/>请重新确认。
nayasupermatch25,hyyni1234,china,2025-02-10T05:50:58.640354Z,(H306),无效的优惠券代码。<br/>请重新确认。
sankaimenojvsk,ZXFAILXY0322,china,2025-02-10T05:52:42.839671Z,100,优惠券礼物已支付。
20jpteamhadare25,ZXFAILXY0322,china,2025-02-10T05:54:29.323783Z,100,优惠券礼物已支付。
nextmar8tokyo,ZXFAILXY0322,china,2025-02-10T05:56:32.619790Z,(H306),无效的优惠券代码。<br/>请重新确认。
nayasupermatch25,ZXFAILXY0322,china,2025-02-10T05:58:34.948799Z,(H306),无效的优惠券代码。<br/>请重新确认。
sankaimenojvsk,linchao0510,china,2025-02-10T05:59:58.228604Z,100,优惠券礼物已支付。
20jpteamhadare25,linchao0510,china,2025-02-10T06:01:58.723246Z,100,优惠券礼物已支付。
nextmar8tokyo,linchao0510,china,2025-02-10T06:03:27.624364Z,(H306),无效的优惠券代码。<br/>请重新确认。
nayasupermatch25,linchao0510,china,2025-02-10T06:04:24.956842Z,(H306),无效的优惠券代码。<br/>请重新确认。
sankaimenojvsk,gcnu2768,china,2025-02-10T06:05:27.466851Z,100,优惠券礼物已支付。
20jpteamhadare25,gcnu2768,china,2025-02-10T06:07:25.301261Z,100,优惠券礼物已支付。
nextmar8tokyo,gcnu2768,china,2025-02-10T06:09:16.049407Z,(H306),无效的优惠券代码。<br/>请重新确认。
nayasupermatch25,gcnu2768,china,2025-02-10T06:10:58.537686Z,(H306),无效的优惠券代码。<br/>请重新确认。
sankaimenojvsk,wwcc998,china,2025-02-10T06:11:30.274064Z,(H304),已使用过的优惠券代码。
20jpteamhadare25,wwcc998,china,2025-02-10T06:13:27.091468Z,(H304),已使用过的优惠券代码。
nextmar8tokyo,wwcc998,china,2025-02-10T06:15:29.213076Z,(H306),无效的优惠券代码。<br/>请重新确认。
nayasupermatch25,wwcc998,china,2025-02-10T06:16:27.003307Z,(H306),无效的优惠券代码。<br/>请重新确认。
sankaimenojvsk,78619630,china,2025-02-10T06:18:09.546726Z,(H304),已使用过的优惠券代码。
20jpteamhadare25,78619630,china,2025-02-10T06:19:14.443863Z,(H304),已使用过的优惠券代码。
nextmar8tokyo,78619630,china,2025-02-10T06:20:06.679710Z,(H306),无效的优惠券代码。<br/>请重新确认。
nayasupermatch25,78619630,china,2025-02-10T06:20:56.167872Z,(H306),无效的优惠券代码。<br/>请重新确认。
sankaimenojvsk,jk187,china,2025-02-10T06:22:21.471481Z,(H304),已使用过的优惠券代码。
20jpteamhadare25,jk187,china,2025-02-10T06:23:43.084019Z,(H304),已使用过的优惠券代码。
nextmar8tokyo,jk187,china,2025-02-10T06:24:32.933940Z,(H306),无效的优惠券代码。<br/>请重新确认。
nayasupermatch25,jk187,china,2025-02-10T06:26:18.362258Z,(H306),无效的优惠券代码。<br/>请重新确认。
20jpteamhadare25,dshujun,china,2025-02-10T06:42:43.289735Z,100,优惠券礼物已支付。
nextmar8tokyo,dshujun,china,2025-02-10T06:44:21.594408Z,(H306),无效的优惠券代码。<br/>请重新确认。
nayasupermatch25,dshujun,china,2025-02-10T06:45:29.709599Z,(H306),无效的优惠券代码。<br/>请重新确认。
sankaimenojvsk,kkws228,china,2025-02-10T06:47:34.544510Z,(H304),已使用过的优惠券代码。
20jpteamhadare25,kkws228,china,2025-02-10T06:48:55.922405Z,(H304),已使用过的优惠券代码。
nextmar8tokyo,kkws228,china,2025-02-10T06:50:21.135628Z,(H306),无效的优惠券代码。<br/>请重新确认。
nayasupermatch25,kkws228,china,2025-02-10T06:51:40.664378Z,(H306),无效的优惠券代码。<br/>请重新确认。
sankaimenojvsk,1029709109,china,2025-02-10T06:52:41.258416Z,100,优惠券礼物已支付。
20jpteamhadare25,1029709109,china,2025-02-10T06:53:05.096903Z,100,优惠券礼物已支付。
nextmar8tokyo,1029709109,china,2025-02-10T06:54:04.825605Z,(H306),无效的优惠券代码。<br/>请重新确认。
nayasupermatch25,1029709109,china,2025-02-10T06:55:07.595301Z,(H306),无效的优惠券代码。<br/>请重新确认。
sankaimenojvsk,yh.24288,china,2025-02-10T06:57:14.515131Z,100,优惠券礼物已支付。
20jpteamhadare25,yh.24288,china,2025-02-10T06:59:03.536783Z,100,优惠券礼物已支付。
nextmar8tokyo,yh.24288,china,2025-02-10T07:01:00.744020Z,(H306),无效的优惠券代码。<br/>请重新确认。
nayasupermatch25,yh.24288,china,2025-02-10T07:01:38.171083Z,(H306),无效的优惠券代码。<br/>请重新确认。
sankaimenojvsk,hedgehogss,china,2025-02-10T07:02:25.668800Z,(H304),已使用过的优惠券代码。
20jpteamhadare25,hedgehogss,china,2025-02-10T07:04:26.178747Z,(H304),已使用过的优惠券代码。
nextmar8tokyo,hedgehogss,china,2025-02-10T07:06:21.240785Z,(H306),无效的优惠券代码。<br/>请重新确认。
nayasupermatch25,hedgehogss,china,2025-02-10T07:06:55.938524Z,(H306),无效的优惠券代码。<br/>请重新确认。
sankaimenojvsk,si04172,china,2025-02-10T07:07:48.804612Z,100,优惠券礼物已支付。
20jpteamhadare25,si04172,china,2025-02-10T07:08:32.772399Z,100,优惠券礼物已支付。
nextmar8tokyo,si04172,china,2025-02-10T07:09:47.533268Z,(H306),无效的优惠券代码。<br/>请重新确认。
nayasupermatch25,si04172,china,2025-02-10T07:10:34.686198Z,(H306),无效的优惠券代码。<br/>请重新确认。
sankaimenojvsk,828511124,china,2025-02-10T07:11:09.881757Z,(H304),已使用过的优惠券代码。
20jpteamhadare25,828511124,china,2025-02-10T07:11:59.437692Z,(H304),已使用过的优惠券代码。
nextmar8tokyo,828511124,china,2025-02-10T07:12:41.565562Z,(H306),无效的优惠券代码。<br/>请重新确认。
nayasupermatch25,828511124,china,2025-02-10T07:13:16.436007Z,(H306),无效的优惠券代码。<br/>请重新确认。
sw2025feb3d9,1711365230,china,2025-02-11T15:43:15.016446Z,(H304),已使用过的优惠券代码。
devnote2025dscollab,1711365230,china,2025-02-11T15:44:45.563718Z,(H306),无效的优惠券代码。<br/>请重新确认。
sankaimenojvsk,1711365230,china,2025-02-11T15:46:54.615483Z,(H306),无效的优惠券代码。<br/>请重新确认。
20jpteamhadare25,1711365230,china,2025-02-11T15:48:20.131338Z,(H306),无效的优惠券代码。<br/>请重新确认。
nextmar8tokyo,1711365230,china,2025-02-11T15:49:20.588225Z,(H306),无效的优惠券代码。<br/>请重新确认。
nayasupermatch25,1711365230,china,2025-02-11T15:50:23.998409Z,(H306),无效的优惠券代码。<br/>请重新确认。
swxdshappy25,1711365230,china,2025-02-11T15:51:21.578018Z,100,优惠券礼物已支付。
sw2025jan6a8,1711365230,china,2025-02-11T15:51:46.987022Z,(H306),无效的优惠券代码。<br/>请重新确认。
2025GHLSKAISHI,samuer007,china,2025-02-15T18:50:09.696270Z,100,优惠券礼物已支付。
2025GHLSKAISHI,safety007,china,2025-02-15T18:51:18.287942Z,100,优惠券礼物已支付。
2025GHLSKAISHI,1940519852,china,2025-02-15T18:52:54.889954Z,100,优惠券礼物已支付。
2025GHLSKAISHI,763066,china,2025-02-15T18:54:52.276758Z,100,优惠券礼物已支付。
2025GHLSKAISHI,Vittical,china,2025-02-15T18:56:14.409528Z,100,优惠券礼物已支付。
2025GHLSKAISHI,759830,china,2025-02-15T18:56:40.538783Z,100,优惠券礼物已支付。
2025GHLSKAISHI,ZQLDHJ,china,2025-02-15T18:57:12.508519Z,100,优惠券礼物已支付。
2025GHLSKAISHI,zhang921027,china,2025-02-15T18:57:56.448163Z,100,优惠券礼物已支付。
2025GHLSKAISHI,hyyni1234,china,2025-02-15T18:58:33.203853Z,100,优惠券礼物已支付。
2025GHLSKAISHI,ZXFAILXY0322,china,2025-02-15T18:59:14.897665Z,100,优惠券礼物已支付。
2025GHLSKAISHI,linchao0510,china,2025-02-15T18:59:51.515758Z,100,优惠券礼物已支付。
2025GHLSKAISHI,gcnu2768,china,2025-02-15T19:00:25.332047Z,100,优惠券礼物已支付。
2025GHLSKAISHI,wwcc998,china,2025-02-15T19:01:01.448735Z,(H304),已使用过的优惠券代码。
2025GHLSKAISHI,78619630,china,2025-02-15T19:02:03.782450Z,(H304),已使用过的优惠券代码。
2025GHLSKAISHI,jk187,china,2025-02-15T19:03:59.760408Z,(H304),已使用过的优惠券代码。
2025GHLSKAISHI,dshujun,china,2025-02-15T19:04:55.333220Z,(H304),已使用过的优惠券代码。
2025GHLSKAISHI,kkws228,china,2025-02-15T19:05:24.991105Z,(H304),已使用过的优惠券代码。
2025GHLSKAISHI,1029709109,china,2025-02-15T19:05:58.753285Z,100,优惠券礼物已支付。
2025GHLSKAISHI,yh.24288,china,2025-02-15T19:07:49.633860Z,(H304),已使用过的优惠券代码。
2025GHLSKAISHI,hedgehogss,china,2025-02-15T19:09:33.991511Z,100,优惠券礼物已支付。
2025GHLSKAISHI,si04172,china,2025-02-15T19:10:52.266480Z,100,优惠券礼物已支付。
2025GHLSKAISHI,828511124,china,2025-02-15T19:11:16.036414Z,100,优惠券礼物已支付。
2025GHLSKAISHI,1711365230,china,2025-02-15T19:12:00.288974Z,100,优惠券礼物已支付。
swelday1,samuer007,china,2025-02-20T17:30:42.472760Z,100,优惠券礼物已支付。
swelishere,samuer007,china,2025-02-20T17:31:13.095746Z,(H305),无效的优惠券代码。<br/>请重新确认。
swelday1,safety007,china,2025-02-20T17:31:56.105163Z,100,优惠券礼物已支付。
swelishere,safety007,china,2025-02-20T17:32:32.703726Z,(H305),无效的优惠券代码。<br/>请重新确认。
swelday1,1940519852,china,2025-02-20T17:34:17.382811Z,100,优惠券礼物已支付。
swelishere,1940519852,china,2025-02-20T17:35:29.313772Z,(H305),无效的优惠券代码。<br/>请重新确认。
swelday1,763066,china,2025-02-20T17:36:03.085844Z,100,优惠券礼物已支付。
swelishere,763066,china,2025-02-20T17:37:52.331830Z,(H305),无效的优惠券代码。<br/>请重新确认。
swelday1,Vittical,china,2025-02-20T17:39:27.060853Z,100,优惠券礼物已支付。
swelishere,Vittical,china,2025-02-20T17:41:09.677086Z,(H305),无效的优惠券代码。<br/>请重新确认。
swelday1,759830,china,2025-02-20T17:42:43.589046Z,100,优惠券礼物已支付。
swelishere,759830,china,2025-02-20T17:44:36.301172Z,(H305),无效的优惠券代码。<br/>请重新确认。
swelday1,ZQLDHJ,china,2025-02-20T17:45:29.314514Z,100,优惠券礼物已支付。
swelishere,ZQLDHJ,china,2025-02-20T17:46:22.729414Z,(H305),无效的优惠券代码。<br/>请重新确认。
swelday1,zhang921027,china,2025-02-20T17:46:56.826809Z,100,优惠券礼物已支付。
swelishere,zhang921027,china,2025-02-20T17:48:53.248305Z,(H305),无效的优惠券代码。<br/>请重新确认。
swelday1,hyyni1234,china,2025-02-20T17:50:02.745439Z,100,优惠券礼物已支付。
swelishere,hyyni1234,china,2025-02-20T17:51:42.279998Z,(H305),无效的优惠券代码。<br/>请重新确认。
swelday1,ZXFAILXY0322,china,2025-02-20T17:53:29.117767Z,100,优惠券礼物已支付。
swelishere,ZXFAILXY0322,china,2025-02-20T17:55:26.333565Z,(H305),无效的优惠券代码。<br/>请重新确认。
swelday1,linchao0510,china,2025-02-20T17:55:56.984582Z,100,优惠券礼物已支付。
swelishere,linchao0510,china,2025-02-20T17:57:55.403212Z,(H305),无效的优惠券代码。<br/>请重新确认。
swelday1,gcnu2768,china,2025-02-20T17:58:39.887959Z,100,优惠券礼物已支付。
swelishere,gcnu2768,china,2025-02-20T18:00:36.717049Z,(H305),无效的优惠券代码。<br/>请重新确认。
swelday1,wwcc998,china,2025-02-20T18:02:19.355890Z,(H304),已使用过的优惠券代码。
swelishere,wwcc998,china,2025-02-20T18:03:18.227990Z,(H304),已使用过的优惠券代码。
swelday1,78619630,china,2025-02-20T18:03:55.520457Z,(H304),已使用过的优惠券代码。
swelishere,78619630,china,2025-02-20T18:04:38.798059Z,(H304),已使用过的优惠券代码。
swelday1,jk187,china,2025-02-20T18:05:56.160614Z,(H304),已使用过的优惠券代码。
swelishere,jk187,china,2025-02-20T18:07:02.257062Z,(H304),已使用过的优惠券代码。
swelday1,dshujun,china,2025-02-20T18:08:20.493043Z,(H304),已使用过的优惠券代码。
swelishere,dshujun,china,2025-02-20T18:08:55.475581Z,(H304),已使用过的优惠券代码。
swelday1,kkws228,china,2025-02-20T18:09:30.492937Z,(H304),已使用过的优惠券代码。
swelishere,kkws228,china,2025-02-20T18:10:25.947832Z,(H304),已使用过的优惠券代码。
swelday1,1029709109,china,2025-02-20T18:11:50.858258Z,(H305),无效的优惠券代码。<br/>请重新确认。
swelishere,1029709109,china,2025-02-20T18:13:03.804721Z,(H305),无效的优惠券代码。<br/>请重新确认。
swelday1,yh.24288,china,2025-02-20T18:14:20.514090Z,(H304),已使用过的优惠券代码。
swelishere,yh.24288,china,2025-02-20T18:15:16.256335Z,(H304),已使用过的优惠券代码。
swelday1,hedgehogss,china,2025-02-20T18:16:52.164883Z,(H304),已使用过的优惠券代码。
swelishere,hedgehogss,china,2025-02-20T18:18:28.748574Z,(H305),无效的优惠券代码。<br/>请重新确认。
swelday1,si04172,china,2025-02-20T18:19:40.223510Z,(H305),无效的优惠券代码。<br/>请重新确认。
swelishere,si04172,china,2025-02-20T18:20:31.004241Z,(H305),无效的优惠券代码。<br/>请重新确认。
swelday1,828511124,china,2025-02-20T18:22:15.332708Z,(H305),无效的优惠券代码。<br/>请重新确认。
swelishere,828511124,china,2025-02-20T18:23:00.766512Z,(H305),无效的优惠券代码。<br/>请重新确认。
swelday1,1711365230,china,2025-02-20T18:25:02.490456Z,(H305),无效的优惠券代码。<br/>请重新确认。
swelishere,1711365230,china,2025-02-20T18:26:12.533139Z,(H305),无效的优惠券代码。<br/>请重新确认。
c2uday2inv,samuer007,china,2025-02-20T19:17:35.422235Z,(H306),无效的优惠券代码。<br/>请重新确认。
c2uday2inv,safety007,china,2025-02-20T19:18:16.256253Z,(H306),无效的优惠券代码。<br/>请重新确认。
c2uday2inv,1940519852,china,2025-02-20T19:19:59.203965Z,(H306),无效的优惠券代码。<br/>请重新确认。
c2uday2inv,763066,china,2025-02-20T19:20:35.367407Z,(H306),无效的优惠券代码。<br/>请重新确认。
c2uday2inv,Vittical,china,2025-02-20T19:22:14.599538Z,(H306),无效的优惠券代码。<br/>请重新确认。
c2uday2inv,759830,china,2025-02-20T19:22:53.270500Z,(H306),无效的优惠券代码。<br/>请重新确认。
c2uday2inv,ZQLDHJ,china,2025-02-20T19:24:40.941102Z,(H306),无效的优惠券代码。<br/>请重新确认。
c2uday2inv,zhang921027,china,2025-02-20T19:26:50.182517Z,(H306),无效的优惠券代码。<br/>请重新确认。
c2uday2inv,hyyni1234,china,2025-02-20T19:28:22.462398Z,(H306),无效的优惠券代码。<br/>请重新确认。
c2uday2inv,ZXFAILXY0322,china,2025-02-20T19:29:43.917788Z,(H306),无效的优惠券代码。<br/>请重新确认。
c2uday2inv,linchao0510,china,2025-02-20T19:31:50.676967Z,(H306),无效的优惠券代码。<br/>请重新确认。
c2uday2inv,gcnu2768,china,2025-02-20T19:32:46.521400Z,(H306),无效的优惠券代码。<br/>请重新确认。
c2uday2inv,wwcc998,china,2025-02-20T19:33:57.517174Z,(H306),无效的优惠券代码。<br/>请重新确认。
c2uday2inv,78619630,china,2025-02-20T19:35:45.677417Z,(H306),无效的优惠券代码。<br/>请重新确认。
c2uday2inv,jk187,china,2025-02-20T19:36:09.675216Z,(H306),无效的优惠券代码。<br/>请重新确认。
c2uday2inv,dshujun,china,2025-02-20T19:36:42.312508Z,(H306),无效的优惠券代码。<br/>请重新确认。
c2uday2inv,kkws228,china,2025-02-20T19:37:41.481125Z,(H306),无效的优惠券代码。<br/>请重新确认。
c2uday2inv,1029709109,china,2025-02-20T19:39:06.499187Z,(H306),无效的优惠券代码。<br/>请重新确认。
c2uday2inv,yh.24288,china,2025-02-20T19:40:17.639709Z,(H306),无效的优惠券代码。<br/>请重新确认。
c2uday2inv,hedgehogss,china,2025-02-20T19:41:45.441787Z,(H306),无效的优惠券代码。<br/>请重新确认。
c2uday2inv,si04172,china,2025-02-20T19:43:20.462367Z,(H306),无效的优惠券代码。<br/>请重新确认。
c2uday2inv,828511124,china,2025-02-20T19:45:19.710658Z,(H306),无效的优惠券代码。<br/>请重新确认。
c2uday2inv,1711365230,china,2025-02-20T19:46:41.991866Z,(H306),无效的优惠券代码。<br/>请重新确认。
http://withhive.me/313/THX4ENJDSCOLLAB,samuer007,china,2025-03-01T11:48:00.951092Z,(H302),无效的优惠券代码。<br/>请重新确认。
THX4ENJDSCOLLAB,samuer007,china,2025-03-01T11:49:35.585303Z,100,优惠券礼物已支付。
http://withhive.me/313/THX4ENJDSCOLLAB,safety007,china,2025-03-01T11:50:35.121514Z,(H302),无效的优惠券代码。<br/>请重新确认。
THX4ENJDSCOLLAB,safety007,china,2025-03-01T11:52:22.018488Z,100,优惠券礼物已支付。
http://withhive.me/313/THX4ENJDSCOLLAB,1940519852,china,2025-03-01T11:53:42.093472Z,(H302),无效的优惠券代码。<br/>请重新确认。
THX4ENJDSCOLLAB,1940519852,china,2025-03-01T11:54:13.829835Z,100,优惠券礼物已支付。
http://withhive.me/313/THX4ENJDSCOLLAB,763066,china,2025-03-01T11:54:42.054649Z,(H302),无效的优惠券代码。<br/>请重新确认。
THX4ENJDSCOLLAB,763066,china,2025-03-01T11:56:00.977793Z,100,优惠券礼物已支付。
http://withhive.me/313/THX4ENJDSCOLLAB,Vittical,china,2025-03-01T11:56:57.643460Z,(H302),无效的优惠券代码。<br/>请重新确认。
THX4ENJDSCOLLAB,Vittical,china,2025-03-01T11:57:48.068645Z,100,优惠券礼物已支付。
http://withhive.me/313/THX4ENJDSCOLLAB,759830,china,2025-03-01T11:59:21.150728Z,(H302),无效的优惠券代码。<br/>请重新确认。
THX4ENJDSCOLLAB,759830,china,2025-03-01T11:59:58.572328Z,100,优惠券礼物已支付。
http://withhive.me/313/THX4ENJDSCOLLAB,ZQLDHJ,china,2025-03-01T12:00:22.860576Z,(H302),无效的优惠券代码。<br/>请重新确认。
THX4ENJDSCOLLAB,ZQLDHJ,china,2025-03-01T12:01:08.733593Z,100,优惠券礼物已支付。
http://withhive.me/313/THX4ENJDSCOLLAB,zhang921027,china,2025-03-01T12:03:04.585944Z,(H302),无效的优惠券代码。<br/>请重新确认。
THX4ENJDSCOLLAB,zhang921027,china,2025-03-01T12:03:27.992091Z,100,优惠券礼物已支付。
http://withhive.me/313/THX4ENJDSCOLLAB,hyyni1234,china,2025-03-01T12:05:32.679521Z,(H302),无效的优惠券代码。<br/>请重新确认。
THX4ENJDSCOLLAB,hyyni1234,china,2025-03-01T12:06:08.348230Z,100,优惠券礼物已支付。
http://withhive.me/313/THX4ENJDSCOLLAB,ZXFAILXY0322,china,2025-03-01T12:06:56.017643Z,(H302),无效的优惠券代码。<br/>请重新确认。
THX4ENJDSCOLLAB,ZXFAILXY0322,china,2025-03-01T12:07:50.226694Z,100,优惠券礼物已支付。
sw2025mar1n3,samuer007,china,2025-03-01T12:26:04.535169Z,100,优惠券礼物已支付。
25ltsgofghtrs,samuer007,china,2025-03-01T12:27:28.116404Z,(H305),无效的优惠券代码。<br/>请重新确认。
321cnqrrnxt12,samuer007,china,2025-03-01T12:28:55.382051Z,(H305),无效的优惠券代码。<br/>请重新确认。
sw2025mar1n3,safety007,china,2025-03-01T12:29:43.775343Z,100,优惠券礼物已支付。
25ltsgofghtrs,safety007,china,2025-03-01T12:31:14.208174Z,(H305),无效的优惠券代码。<br/>请重新确认。
321cnqrrnxt12,safety007,china,2025-03-01T12:32:03.902815Z,(H305),无效的优惠券代码。<br/>请重新确认。
sw2025mar1n3,1940519852,china,2025-03-01T12:33:22.276691Z,100,优惠券礼物已支付。
25ltsgofghtrs,1940519852,china,2025-03-01T12:33:51.570606Z,(H305),无效的优惠券代码。<br/>请重新确认。
321cnqrrnxt12,1940519852,china,2025-03-01T12:35:36.949962Z,(H305),无效的优惠券代码。<br/>请重新确认。
sw2025mar1n3,763066,china,2025-03-01T12:36:46.952283Z,100,优惠券礼物已支付。
25ltsgofghtrs,763066,china,2025-03-01T12:37:45.483870Z,(H305),无效的优惠券代码。<br/>请重新确认。
321cnqrrnxt12,763066,china,2025-03-01T12:38:13.822914Z,(H305),无效的优惠券代码。<br/>请重新确认。
sw2025mar1n3,Vittical,china,2025-03-01T12:38:46.465686Z,100,优惠券礼物已支付。
25ltsgofghtrs,Vittical,china,2025-03-01T12:40:25.139653Z,(H305),无效的优惠券代码。<br/>请重新确认。
321cnqrrnxt12,Vittical,china,2025-03-01T12:41:47.723109Z,(H305),无效的优惠券代码。<br/>请重新确认。
sw2025mar1n3,759830,china,2025-03-01T12:43:26.779563Z,100,优惠券礼物已支付。
25ltsgofghtrs,759830,china,2025-03-01T12:44:08.156477Z,(H305),无效的优惠券代码。<br/>请重新确认。
321cnqrrnxt12,759830,china,2025-03-01T12:44:40.468912Z,(H305),无效的优惠券代码。<br/>请重新确认。
sw2025mar1n3,ZQLDHJ,china,2025-03-01T12:46:28.984863Z,100,优惠券礼物已支付。
25ltsgofghtrs,ZQLDHJ,china,2025-03-01T12:47:26.080982Z,(H305),无效的优惠券代码。<br/>请重新确认。
321cnqrrnxt12,ZQLDHJ,china,2025-03-01T12:48:25.881106Z,(H305),无效的优惠券代码。<br/>请重新确认。
sw2025mar1n3,zhang921027,china,2025-03-01T12:49:34.744692Z,100,优惠券礼物已支付。
25ltsgofghtrs,zhang921027,china,2025-03-01T12:50:49.975189Z,(H305),无效的优惠券代码。<br/>请重新确认。
321cnqrrnxt12,zhang921027,china,2025-03-01T12:51:54.460794Z,(H305),无效的优惠券代码。<br/>请重新确认。
sw2025mar1n3,hyyni1234,china,2025-03-01T12:53:24.957275Z,100,优惠券礼物已支付。
25ltsgofghtrs,hyyni1234,china,2025-03-01T12:55:08.813115Z,(H305),无效的优惠券代码。<br/>请重新确认。
321cnqrrnxt12,hyyni1234,china,2025-03-01T12:56:08.745735Z,(H305),无效的优惠券代码。<br/>请重新确认。
sw2025mar1n3,ZXFAILXY0322,china,2025-03-01T12:56:38.745013Z,100,优惠券礼物已支付。
25ltsgofghtrs,ZXFAILXY0322,china,2025-03-01T12:58:40.039010Z,(H305),无效的优惠券代码。<br/>请重新确认。
321cnqrrnxt12,ZXFAILXY0322,china,2025-03-01T13:00:42.358376Z,(H305),无效的优惠券代码。<br/>请重新确认。
THX4ENJDSCOLLAB,linchao0510,china,2025-03-01T13:02:22.558667Z,100,优惠券礼物已支付。
sw2025mar1n3,linchao0510,china,2025-03-01T13:03:32.975800Z,100,优惠券礼物已支付。
25ltsgofghtrs,linchao0510,china,2025-03-01T13:05:30.415229Z,(H305),无效的优惠券代码。<br/>请重新确认。
321cnqrrnxt12,linchao0510,china,2025-03-01T13:07:03.710715Z,(H305),无效的优惠券代码。<br/>请重新确认。
http://withhive.me/313/THX4ENJDSCOLLAB,gcnu2768,china,2025-03-01T13:08:24.830864Z,(H302),无效的优惠券代码。<br/>请重新确认。
THX4ENJDSCOLLAB,gcnu2768,china,2025-03-01T13:10:07.401538Z,100,优惠券礼物已支付。
sw2025mar1n3,gcnu2768,china,2025-03-01T13:12:07.094056Z,100,优惠券礼物已支付。
25ltsgofghtrs,gcnu2768,china,2025-03-01T13:12:53.312351Z,(H305),无效的优惠券代码。<br/>请重新确认。
321cnqrrnxt12,gcnu2768,china,2025-03-01T13:13:58.711866Z,(H305),无效的优惠券代码。<br/>请重新确认。
http://withhive.me/313/THX4ENJDSCOLLAB,wwcc998,china,2025-03-01T13:15:05.224346Z,(H302),无效的优惠券代码。<br/>请重新确认。
THX4ENJDSCOLLAB,wwcc998,china,2025-03-01T13:16:18.583916Z,(H304),已使用过的优惠券代码。
sw2025mar1n3,wwcc998,china,2025-03-01T13:16:49.321909Z,(H304),已使用过的优惠券代码。
25ltsgofghtrs,wwcc998,china,2025-03-01T13:18:20.407842Z,(H305),无效的优惠券代码。<br/>请重新确认。
321cnqrrnxt12,wwcc998,china,2025-03-01T13:19:44.316585Z,(H305),无效的优惠券代码。<br/>请重新确认。
http://withhive.me/313/THX4ENJDSCOLLAB,78619630,china,2025-03-01T13:21:44.202175Z,(H302),无效的优惠券代码。<br/>请重新确认。
THX4ENJDSCOLLAB,78619630,china,2025-03-01T13:22:47.589456Z,(H304),已使用过的优惠券代码。
sw2025mar1n3,78619630,china,2025-03-01T13:23:54.547788Z,(H304),已使用过的优惠券代码。
25ltsgofghtrs,78619630,china,2025-03-01T13:25:09.844380Z,(H305),无效的优惠券代码。<br/>请重新确认。
321cnqrrnxt12,78619630,china,2025-03-01T13:26:45.983851Z,(H305),无效的优惠券代码。<br/>请重新确认。
http://withhive.me/313/THX4ENJDSCOLLAB,jk187,china,2025-03-01T13:28:21.552525Z,(H302),无效的优惠券代码。<br/>请重新确认。
THX4ENJDSCOLLAB,jk187,china,2025-03-01T13:29:34.710459Z,(H304),已使用过的优惠券代码。
sw2025mar1n3,jk187,china,2025-03-01T13:31:29.605719Z,(H304),已使用过的优惠券代码。
25ltsgofghtrs,jk187,china,2025-03-01T13:33:05.453096Z,(H305),无效的优惠券代码。<br/>请重新确认。
321cnqrrnxt12,jk187,china,2025-03-01T13:33:40.059216Z,(H304),已使用过的优惠券代码。
http://withhive.me/313/THX4ENJDSCOLLAB,dshujun,china,2025-03-01T13:34:50.798261Z,(H302),无效的优惠券代码。<br/>请重新确认。
THX4ENJDSCOLLAB,dshujun,china,2025-03-01T13:36:02.016495Z,(H304),已使用过的优惠券代码。
sw2025mar1n3,dshujun,china,2025-03-01T13:36:45.351939Z,(H304),已使用过的优惠券代码。
25ltsgofghtrs,dshujun,china,2025-03-01T13:38:13.801548Z,(H305),无效的优惠券代码。<br/>请重新确认。
321cnqrrnxt12,dshujun,china,2025-03-01T13:39:19.386579Z,(H304),已使用过的优惠券代码。
http://withhive.me/313/THX4ENJDSCOLLAB,kkws228,china,2025-03-01T13:41:25.944015Z,(H302),无效的优惠券代码。<br/>请重新确认。
THX4ENJDSCOLLAB,kkws228,china,2025-03-01T13:43:03.946310Z,(H304),已使用过的优惠券代码。
sw2025mar1n3,kkws228,china,2025-03-01T13:43:44.102330Z,(H304),已使用过的优惠券代码。
25ltsgofghtrs,kkws228,china,2025-03-01T13:45:18.268454Z,(H305),无效的优惠券代码。<br/>请重新确认。
321cnqrrnxt12,kkws228,china,2025-03-01T13:46:32.887433Z,(H305),无效的优惠券代码。<br/>请重新确认。
http://withhive.me/313/THX4ENJDSCOLLAB,1029709109,china,2025-03-01T13:48:32.765355Z,(H302),无效的优惠券代码。<br/>请重新确认。
THX4ENJDSCOLLAB,1029709109,china,2025-03-01T13:50:02.524155Z,100,优惠券礼物已支付。
sw2025mar1n3,1029709109,china,2025-03-01T13:50:52.604813Z,100,优惠券礼物已支付。
25ltsgofghtrs,1029709109,china,2025-03-01T13:52:27.395778Z,(H305),无效的优惠券代码。<br/>请重新确认。
321cnqrrnxt12,1029709109,china,2025-03-01T13:53:12.637243Z,(H305),无效的优惠券代码。<br/>请重新确认。
http://withhive.me/313/THX4ENJDSCOLLAB,yh.24288,china,2025-03-01T13:54:29.170505Z,(H302),无效的优惠券代码。<br/>请重新确认。
THX4ENJDSCOLLAB,yh.24288,china,2025-03-01T13:56:32.931341Z,(H304),已使用过的优惠券代码。
sw2025mar1n3,yh.24288,china,2025-03-01T13:57:09.924555Z,100,优惠券礼物已支付。
25ltsgofghtrs,yh.24288,china,2025-03-01T13:58:44.628629Z,(H305),无效的优惠券代码。<br/>请重新确认。
321cnqrrnxt12,yh.24288,china,2025-03-01T13:59:34.872478Z,(H305),无效的优惠券代码。<br/>请重新确认。
http://withhive.me/313/THX4ENJDSCOLLAB,hedgehogss,china,2025-03-01T14:01:09.702571Z,(H302),无效的优惠券代码。<br/>请重新确认。
THX4ENJDSCOLLAB,hedgehogss,china,2025-03-01T14:02:17.906865Z,(H304),已使用过的优惠券代码。
sw2025mar1n3,hedgehogss,china,2025-03-01T14:03:28.540245Z,100,优惠券礼物已支付。
25ltsgofghtrs,hedgehogss,china,2025-03-01T14:05:02.826317Z,(H305),无效的优惠券代码。<br/>请重新确认。
321cnqrrnxt12,hedgehogss,china,2025-03-01T14:06:20.239007Z,(H305),无效的优惠券代码。<br/>请重新确认。
http://withhive.me/313/THX4ENJDSCOLLAB,si04172,china,2025-03-01T14:06:52.986974Z,(H302),无效的优惠券代码。<br/>请重新确认。
THX4ENJDSCOLLAB,si04172,china,2025-03-01T14:08:46.632365Z,100,优惠券礼物已支付。
sw2025mar1n3,si04172,china,2025-03-01T14:10:08.063714Z,(H304),已使用过的优惠券代码。
25ltsgofghtrs,si04172,china,2025-03-01T14:11:15.545741Z,(H305),无效的优惠券代码。<br/>请重新确认。
321cnqrrnxt12,si04172,china,2025-03-01T14:12:12.162395Z,(H305),无效的优惠券代码。<br/>请重新确认。
http://withhive.me/313/THX4ENJDSCOLLAB,828511124,china,2025-03-01T14:14:10.280070Z,(H302),无效的优惠券代码。<br/>请重新确认。
THX4ENJDSCOLLAB,828511124,china,2025-03-01T14:16:14.179745Z,(H304),已使用过的优惠券代码。
sw2025mar1n3,828511124,china,2025-03-01T14:17:55.131043Z,(H304),已使用过的优惠券代码。
25ltsgofghtrs,828511124,china,2025-03-01T14:18:29.001994Z,(H305),无效的优惠券代码。<br/>请重新确认。
321cnqrrnxt12,828511124,china,2025-03-01T14:20:17.335831Z,(H305),无效的优惠券代码。<br/>请重新确认。
http://withhive.me/313/THX4ENJDSCOLLAB,1711365230,china,2025-03-01T14:21:09.984177Z,(H302),无效的优惠券代码。<br/>请重新确认。
THX4ENJDSCOLLAB,1711365230,china,2025-03-01T14:22:07.016115Z,100,优惠券礼物已支付。
sw2025mar1n3,1711365230,china,2025-03-01T14:23:24.868785Z,100,优惠券礼物已支付。
25ltsgofghtrs,1711365230,china,2025-03-01T14:24:14.088351Z,(H305),无效的优惠券代码。<br/>请重新确认。
321cnqrrnxt12,1711365230,china,2025-03-01T14:25:22.538556Z,(H305),无效的优惠券代码。<br/>请重新确认。
thx4enjdscollab,samuer007,china,2025-03-03T18:16:01.942987Z,(H304),已使用过的优惠券代码。
thx4enjdscollab,safety007,china,2025-03-03T18:17:34.890893Z,(H304),已使用过的优惠券代码。
thx4enjdscollab,1940519852,china,2025-03-03T18:18:34.544417Z,(H304),已使用过的优惠券代码。
thx4enjdscollab,763066,china,2025-03-03T18:19:01.381042Z,(H304),已使用过的优惠券代码。
thx4enjdscollab,Vittical,china,2025-03-03T18:19:42.486989Z,(H304),已使用过的优惠券代码。
thx4enjdscollab,759830,china,2025-03-03T18:21:02.625717Z,(H304),已使用过的优惠券代码。
thx4enjdscollab,ZQLDHJ,china,2025-03-03T18:22:59.139586Z,(H304),已使用过的优惠券代码。
thx4enjdscollab,zhang921027,china,2025-03-03T18:24:04.385438Z,(H304),已使用过的优惠券代码。
thx4enjdscollab,hyyni1234,china,2025-03-03T18:26:05.209935Z,(H304),已使用过的优惠券代码。
thx4enjdscollab,ZXFAILXY0322,china,2025-03-03T18:26:42.140730Z,(H304),已使用过的优惠券代码。
thx4enjdscollab,linchao0510,china,2025-03-03T18:27:37.247839Z,(H304),已使用过的优惠券代码。
thx4enjdscollab,gcnu2768,china,2025-03-03T18:29:29.017102Z,(H304),已使用过的优惠券代码。
thx4enjdscollab,wwcc998,china,2025-03-03T18:30:35.435713Z,(H304),已使用过的优惠券代码。
thx4enjdscollab,78619630,china,2025-03-03T18:31:30.144306Z,(H304),已使用过的优惠券代码。
thx4enjdscollab,jk187,china,2025-03-03T18:32:53.744248Z,(H304),已使用过的优惠券代码。
thx4enjdscollab,dshujun,china,2025-03-03T18:33:22.580105Z,(H304),已使用过的优惠券代码。
thx4enjdscollab,kkws228,china,2025-03-03T18:35:29.832373Z,(H304),已使用过的优惠券代码。
thx4enjdscollab,1029709109,china,2025-03-03T18:37:32.097842Z,(H304),已使用过的优惠券代码。
thx4enjdscollab,yh.24288,china,2025-03-03T18:37:57.774054Z,(H304),已使用过的优惠券代码。
thx4enjdscollab,hedgehogss,china,2025-03-03T18:40:02.762595Z,(H304),已使用过的优惠券代码。
thx4enjdscollab,si04172,china,2025-03-03T18:40:32.439568Z,(H304),已使用过的优惠券代码。
thx4enjdscollab,828511124,china,2025-03-03T18:41:18.068956Z,(H304),已使用过的优惠券代码。
thx4enjdscollab,1711365230,china,2025-03-03T18:42:41.880317Z,(H304),已使用过的优惠券代码。
SWELFORU,samuer007,china,2025-03-06T12:20:57.277038Z,100,优惠券礼物已支付。
EULEAGUEGO,samuer007,china,2025-03-06T12:22:58.608784Z,100,优惠券礼物已支付。
SWELFORU,safety007,china,2025-03-06T12:24:03.941293Z,100,优惠券礼物已支付。
EULEAGUEGO,safety007,china,2025-03-06T12:25:22.159050Z,100,优惠券礼物已支付。
SWELFORU,1940519852,china,2025-03-06T12:25:47.024710Z,100,优惠券礼物已支付。
EULEAGUEGO,1940519852,china,2025-03-06T12:26:17.788713Z,100,优惠券礼物已支付。
SWELFORU,763066,china,2025-03-06T12:28:14.721338Z,(H304),已使用过的优惠券代码。
EULEAGUEGO,763066,china,2025-03-06T12:29:43.178808Z,(H304),已使用过的优惠券代码。
SWELFORU,Vittical,china,2025-03-06T12:30:55.868356Z,100,优惠券礼物已支付。
EULEAGUEGO,Vittical,china,2025-03-06T12:32:28.698338Z,100,优惠券礼物已支付。
SWELFORU,759830,china,2025-03-06T12:33:06.813758Z,100,优惠券礼物已支付。
EULEAGUEGO,759830,china,2025-03-06T12:34:48.978270Z,100,优惠券礼物已支付。
SWELFORU,ZQLDHJ,china,2025-03-06T12:35:30.014836Z,100,优惠券礼物已支付。
EULEAGUEGO,ZQLDHJ,china,2025-03-06T12:37:18.208309Z,100,优惠券礼物已支付。
SWELFORU,zhang921027,china,2025-03-06T12:38:14.309377Z,100,优惠券礼物已支付。
EULEAGUEGO,zhang921027,china,2025-03-06T12:39:40.181248Z,100,优惠券礼物已支付。
EULEAGUEGO,hyyni1234,china,2025-03-06T12:58:58.757740Z,100,优惠券礼物已支付。
SWELFORU,ZXFAILXY0322,china,2025-03-06T13:00:54.158135Z,100,优惠券礼物已支付。
EULEAGUEGO,ZXFAILXY0322,china,2025-03-06T13:01:54.281333Z,100,优惠券礼物已支付。
SWELFORU,linchao0510,china,2025-03-06T13:03:13.228530Z,100,优惠券礼物已支付。
EULEAGUEGO,linchao0510,china,2025-03-06T13:04:37.758531Z,100,优惠券礼物已支付。
SWELFORU,gcnu2768,china,2025-03-06T13:05:14.545228Z,100,优惠券礼物已支付。
EULEAGUEGO,gcnu2768,china,2025-03-06T13:05:46.247736Z,100,优惠券礼物已支付。
SWELFORU,wwcc998,china,2025-03-06T13:06:30.263339Z,100,优惠券礼物已支付。
EULEAGUEGO,wwcc998,china,2025-03-06T13:08:00.728241Z,100,优惠券礼物已支付。
SWELFORU,78619630,china,2025-03-06T13:09:59.810372Z,100,优惠券礼物已支付。
EULEAGUEGO,78619630,china,2025-03-06T13:11:01.513094Z,100,优惠券礼物已支付。
SWELFORU,jk187,china,2025-03-06T13:11:35.346905Z,(H304),已使用过的优惠券代码。
EULEAGUEGO,jk187,china,2025-03-06T13:12:02.371176Z,(H304),已使用过的优惠券代码。
SWELFORU,dshujun,china,2025-03-06T13:12:33.554517Z,(H304),已使用过的优惠券代码。
EULEAGUEGO,dshujun,china,2025-03-06T13:14:29.574736Z,(H304),已使用过的优惠券代码。
SWELFORU,kkws228,china,2025-03-06T13:15:07.782313Z,100,优惠券礼物已支付。
EULEAGUEGO,kkws228,china,2025-03-06T13:16:11.148942Z,100,优惠券礼物已支付。
SWELFORU,1029709109,china,2025-03-06T13:17:07.749661Z,100,优惠券礼物已支付。
EULEAGUEGO,1029709109,china,2025-03-06T13:18:27.126408Z,100,优惠券礼物已支付。
SWELFORU,yh.24288,china,2025-03-06T13:19:33.552729Z,(H304),已使用过的优惠券代码。
EULEAGUEGO,yh.24288,china,2025-03-06T13:20:04.116498Z,(H304),已使用过的优惠券代码。
SWELFORU,hedgehogss,china,2025-03-06T13:20:43.742585Z,100,优惠券礼物已支付。
EULEAGUEGO,hedgehogss,china,2025-03-06T13:21:18.494844Z,(H304),已使用过的优惠券代码。
SWELFORU,si04172,china,2025-03-06T13:21:55.214124Z,(H304),已使用过的优惠券代码。
EULEAGUEGO,si04172,china,2025-03-06T13:22:32.057732Z,(H304),已使用过的优惠券代码。
SWELFORU,828511124,china,2025-03-06T13:24:07.242887Z,(H304),已使用过的优惠券代码。
EULEAGUEGO,828511124,china,2025-03-06T13:25:47.703084Z,(H304),已使用过的优惠券代码。
SWELFORU,1711365230,china,2025-03-06T13:26:34.800007Z,100,优惠券礼物已支付。
EULEAGUEGO,1711365230,china,2025-03-06T13:28:03.412150Z,100,优惠券礼物已支付。
G3TSWMYTG1FT,samuer007,china,2025-03-07T15:46:48.830964Z,100,优惠券礼物已支付。
G3TSWMYTG1FT,safety007,china,2025-03-07T15:48:20.491917Z,100,优惠券礼物已支付。
G3TSWMYTG1FT,1940519852,china,2025-03-07T15:49:07.001477Z,100,优惠券礼物已支付。
G3TSWMYTG1FT,763066,china,2025-03-07T15:49:52.555358Z,(H304),已使用过的优惠券代码。
G3TSWMYTG1FT,Vittical,china,2025-03-07T15:50:29.549952Z,100,优惠券礼物已支付。
G3TSWMYTG1FT,759830,china,2025-03-07T15:52:21.475117Z,100,优惠券礼物已支付。
G3TSWMYTG1FT,ZQLDHJ,china,2025-03-07T15:53:22.766793Z,100,优惠券礼物已支付。
G3TSWMYTG1FT,zhang921027,china,2025-03-07T15:55:23.947003Z,100,优惠券礼物已支付。
G3TSWMYTG1FT,hyyni1234,china,2025-03-07T15:55:52.992956Z,100,优惠券礼物已支付。
G3TSWMYTG1FT,ZXFAILXY0322,china,2025-03-07T15:56:52.824402Z,100,优惠券礼物已支付。
G3TSWMYTG1FT,linchao0510,china,2025-03-07T15:58:02.163664Z,100,优惠券礼物已支付。
G3TSWMYTG1FT,gcnu2768,china,2025-03-07T16:00:00.159087Z,100,优惠券礼物已支付。
G3TSWMYTG1FT,wwcc998,china,2025-03-07T16:01:45.868608Z,100,优惠券礼物已支付。
G3TSWMYTG1FT,78619630,china,2025-03-07T16:02:44.910804Z,(H304),已使用过的优惠券代码。
G3TSWMYTG1FT,jk187,china,2025-03-07T16:04:03.057845Z,(H304),已使用过的优惠券代码。
G3TSWMYTG1FT,dshujun,china,2025-03-07T16:06:00.641024Z,(H304),已使用过的优惠券代码。
G3TSWMYTG1FT,kkws228,china,2025-03-07T16:07:11.867429Z,(H304),已使用过的优惠券代码。
G3TSWMYTG1FT,1029709109,china,2025-03-07T16:08:41.281885Z,100,优惠券礼物已支付。
G3TSWMYTG1FT,yh.24288,china,2025-03-07T16:09:09.379308Z,(H304),已使用过的优惠券代码。
G3TSWMYTG1FT,hedgehogss,china,2025-03-07T16:10:07.569758Z,100,优惠券礼物已支付。
G3TSWMYTG1FT,si04172,china,2025-03-07T16:11:02.579737Z,100,优惠券礼物已支付。
G3TSWMYTG1FT,828511124,china,2025-03-07T16:13:04.453632Z,(H304),已使用过的优惠券代码。
G3TSWMYTG1FT,1711365230,china,2025-03-07T16:13:39.767738Z,100,优惠券礼物已支付。
g3tswmytg1ft,samuer007,china,2025-03-07T16:24:52.288427Z,(H304),已使用过的优惠券代码。
g3tswmytg1ft,safety007,china,2025-03-07T16:25:38.068771Z,(H304),已使用过的优惠券代码。
g3tswmytg1ft,1940519852,china,2025-03-07T16:26:57.494807Z,(H304),已使用过的优惠券代码。
g3tswmytg1ft,763066,china,2025-03-07T16:28:21.764421Z,(H304),已使用过的优惠券代码。
g3tswmytg1ft,Vittical,china,2025-03-07T16:30:00.668981Z,(H304),已使用过的优惠券代码。
g3tswmytg1ft,759830,china,2025-03-07T16:30:52.779012Z,(H304),已使用过的优惠券代码。
g3tswmytg1ft,ZQLDHJ,china,2025-03-07T16:32:53.066613Z,(H304),已使用过的优惠券代码。
g3tswmytg1ft,zhang921027,china,2025-03-07T16:34:16.666671Z,(H304),已使用过的优惠券代码。
g3tswmytg1ft,hyyni1234,china,2025-03-07T16:36:01.107996Z,(H304),已使用过的优惠券代码。
g3tswmytg1ft,ZXFAILXY0322,china,2025-03-07T16:36:55.471343Z,(H304),已使用过的优惠券代码。
g3tswmytg1ft,linchao0510,china,2025-03-07T16:37:41.143348Z,(H304),已使用过的优惠券代码。
g3tswmytg1ft,gcnu2768,china,2025-03-07T16:39:44.776650Z,(H304),已使用过的优惠券代码。
g3tswmytg1ft,wwcc998,china,2025-03-07T16:40:19.687033Z,(H304),已使用过的优惠券代码。
g3tswmytg1ft,78619630,china,2025-03-07T16:42:13.626078Z,(H304),已使用过的优惠券代码。
g3tswmytg1ft,jk187,china,2025-03-07T16:43:41.534181Z,(H304),已使用过的优惠券代码。
g3tswmytg1ft,dshujun,china,2025-03-07T16:45:25.657917Z,(H304),已使用过的优惠券代码。
g3tswmytg1ft,kkws228,china,2025-03-07T16:47:20.325069Z,(H304),已使用过的优惠券代码。
g3tswmytg1ft,yh.24288,china,2025-03-07T17:07:00.060713Z,(H304),已使用过的优惠券代码。
g3tswmytg1ft,hedgehogss,china,2025-03-07T17:08:54.305280Z,(H304),已使用过的优惠券代码。
g3tswmytg1ft,si04172,china,2025-03-07T17:09:20.010703Z,(H304),已使用过的优惠券代码。
g3tswmytg1ft,828511124,china,2025-03-07T17:10:18.713326Z,(H304),已使用过的优惠券代码。
g3tswmytg1ft,1711365230,china,2025-03-07T17:11:53.527371Z,(H304),已使用过的优惠券代码。
seeu1n26aga1n,samuer007,china,2025-03-08T16:51:56.236846Z,100,优惠券礼物已支付。
krnakay0sh1jp,samuer007,china,2025-03-08T16:52:32.860956Z,100,优惠券礼物已支付。
y0uk0s0sm25,samuer007,china,2025-03-08T16:53:54.626091Z,100,优惠券礼物已支付。
seeu1n26aga1n,safety007,china,2025-03-08T16:55:17.816575Z,100,优惠券礼物已支付。
krnakay0sh1jp,safety007,china,2025-03-08T16:55:41.873788Z,100,优惠券礼物已支付。
y0uk0s0sm25,safety007,china,2025-03-08T16:57:05.268836Z,100,优惠券礼物已支付。
seeu1n26aga1n,1940519852,china,2025-03-08T16:57:42.496244Z,100,优惠券礼物已支付。
krnakay0sh1jp,1940519852,china,2025-03-08T16:59:24.210954Z,100,优惠券礼物已支付。
y0uk0s0sm25,1940519852,china,2025-03-08T17:00:28.406189Z,100,优惠券礼物已支付。
seeu1n26aga1n,763066,china,2025-03-08T17:02:29.351414Z,(H304),已使用过的优惠券代码。
krnakay0sh1jp,763066,china,2025-03-08T17:04:25.618453Z,100,优惠券礼物已支付。
y0uk0s0sm25,763066,china,2025-03-08T17:06:15.882428Z,100,优惠券礼物已支付。
seeu1n26aga1n,Vittical,china,2025-03-08T17:07:53.293573Z,100,优惠券礼物已支付。
krnakay0sh1jp,Vittical,china,2025-03-08T17:08:54.501172Z,100,优惠券礼物已支付。
y0uk0s0sm25,Vittical,china,2025-03-08T17:10:23.755614Z,100,优惠券礼物已支付。
seeu1n26aga1n,759830,china,2025-03-08T17:11:29.118395Z,100,优惠券礼物已支付。
krnakay0sh1jp,759830,china,2025-03-08T17:13:21.883289Z,100,优惠券礼物已支付。
y0uk0s0sm25,759830,china,2025-03-08T17:14:47.600284Z,100,优惠券礼物已支付。
seeu1n26aga1n,ZQLDHJ,china,2025-03-08T17:15:31.032517Z,100,优惠券礼物已支付。
krnakay0sh1jp,ZQLDHJ,china,2025-03-08T17:16:25.360228Z,100,优惠券礼物已支付。
y0uk0s0sm25,ZQLDHJ,china,2025-03-08T17:16:59.850372Z,100,优惠券礼物已支付。
seeu1n26aga1n,zhang921027,china,2025-03-08T17:18:14.071393Z,100,优惠券礼物已支付。
krnakay0sh1jp,zhang921027,china,2025-03-08T17:19:02.639609Z,100,优惠券礼物已支付。
y0uk0s0sm25,zhang921027,china,2025-03-08T17:19:34.213907Z,100,优惠券礼物已支付。
seeu1n26aga1n,hyyni1234,china,2025-03-08T17:20:04.492494Z,100,优惠券礼物已支付。
krnakay0sh1jp,hyyni1234,china,2025-03-08T17:21:13.001149Z,100,优惠券礼物已支付。
y0uk0s0sm25,hyyni1234,china,2025-03-08T17:22:52.937996Z,100,优惠券礼物已支付。
seeu1n26aga1n,ZXFAILXY0322,china,2025-03-08T17:24:08.816664Z,100,优惠券礼物已支付。
krnakay0sh1jp,ZXFAILXY0322,china,2025-03-08T17:25:27.017938Z,100,优惠券礼物已支付。
y0uk0s0sm25,ZXFAILXY0322,china,2025-03-08T17:25:55.674148Z,100,优惠券礼物已支付。
seeu1n26aga1n,linchao0510,china,2025-03-08T17:27:28.508080Z,100,优惠券礼物已支付。
krnakay0sh1jp,linchao0510,china,2025-03-08T17:28:03.196389Z,100,优惠券礼物已支付。
y0uk0s0sm25,linchao0510,china,2025-03-08T17:28:41.382419Z,100,优惠券礼物已支付。
seeu1n26aga1n,gcnu2768,china,2025-03-08T17:29:54.002862Z,100,优惠券礼物已支付。
krnakay0sh1jp,gcnu2768,china,2025-03-08T17:30:53.110900Z,100,优惠券礼物已支付。
y0uk0s0sm25,gcnu2768,china,2025-03-08T17:31:59.628605Z,100,优惠券礼物已支付。
seeu1n26aga1n,wwcc998,china,2025-03-08T17:32:44.583046Z,100,优惠券礼物已支付。
krnakay0sh1jp,wwcc998,china,2025-03-08T17:34:03.779671Z,100,优惠券礼物已支付。
y0uk0s0sm25,wwcc998,china,2025-03-08T17:35:08.543515Z,100,优惠券礼物已支付。
seeu1n26aga1n,78619630,china,2025-03-08T17:36:05.923074Z,100,优惠券礼物已支付。
krnakay0sh1jp,78619630,china,2025-03-08T17:37:19.172901Z,100,优惠券礼物已支付。
y0uk0s0sm25,78619630,china,2025-03-08T17:38:39.239831Z,100,优惠券礼物已支付。
seeu1n26aga1n,jk187,china,2025-03-08T17:39:53.600356Z,(H304),已使用过的优惠券代码。
krnakay0sh1jp,jk187,china,2025-03-08T17:41:42.065408Z,(H304),已使用过的优惠券代码。
y0uk0s0sm25,jk187,china,2025-03-08T17:43:40.950136Z,(H304),已使用过的优惠券代码。
seeu1n26aga1n,dshujun,china,2025-03-08T17:44:57.412327Z,(H304),已使用过的优惠券代码。
krnakay0sh1jp,dshujun,china,2025-03-08T17:46:58.149523Z,(H304),已使用过的优惠券代码。
y0uk0s0sm25,dshujun,china,2025-03-08T17:48:24.610041Z,(H304),已使用过的优惠券代码。
seeu1n26aga1n,kkws228,china,2025-03-08T17:49:37.240465Z,(H304),已使用过的优惠券代码。
krnakay0sh1jp,kkws228,china,2025-03-08T17:50:54.251048Z,(H304),已使用过的优惠券代码。
y0uk0s0sm25,kkws228,china,2025-03-08T17:52:33.664808Z,(H304),已使用过的优惠券代码。
seeu1n26aga1n,1029709109,china,2025-03-08T17:53:26.896202Z,100,优惠券礼物已支付。
krnakay0sh1jp,1029709109,china,2025-03-08T17:54:54.677095Z,100,优惠券礼物已支付。
y0uk0s0sm25,1029709109,china,2025-03-08T17:56:39.851136Z,100,优惠券礼物已支付。
seeu1n26aga1n,yh.24288,china,2025-03-08T17:58:23.421482Z,(H304),已使用过的优惠券代码。
krnakay0sh1jp,yh.24288,china,2025-03-08T17:58:47.269824Z,(H304),已使用过的优惠券代码。
y0uk0s0sm25,yh.24288,china,2025-03-08T18:00:47.848797Z,(H304),已使用过的优惠券代码。
seeu1n26aga1n,hedgehogss,china,2025-03-08T18:01:47.433575Z,100,优惠券礼物已支付。
krnakay0sh1jp,hedgehogss,china,2025-03-08T18:03:02.657524Z,100,优惠券礼物已支付。
y0uk0s0sm25,hedgehogss,china,2025-03-08T18:03:43.689184Z,100,优惠券礼物已支付。
seeu1n26aga1n,si04172,china,2025-03-08T18:04:26.355329Z,(H304),已使用过的优惠券代码。
krnakay0sh1jp,si04172,china,2025-03-08T18:05:56.422304Z,(H304),已使用过的优惠券代码。
y0uk0s0sm25,si04172,china,2025-03-08T18:06:42.135949Z,(H304),已使用过的优惠券代码。
seeu1n26aga1n,828511124,china,2025-03-08T18:08:10.975804Z,(H304),已使用过的优惠券代码。
krnakay0sh1jp,828511124,china,2025-03-08T18:09:03.963987Z,(H304),已使用过的优惠券代码。
y0uk0s0sm25,828511124,china,2025-03-08T18:09:52.980467Z,(H304),已使用过的优惠券代码。
seeu1n26aga1n,1711365230,china,2025-03-08T18:10:51.264391Z,(H304),已使用过的优惠券代码。
krnakay0sh1jp,1711365230,china,2025-03-08T18:11:41.344508Z,(H304),已使用过的优惠券代码。
y0uk0s0sm25,1711365230,china,2025-03-08T18:12:18.085430Z,(H304),已使用过的优惠券代码。
sweltotop,samuer007,china,2025-03-13T15:45:29.381299Z,100,优惠券礼物已支付。
sweltotop,safety007,china,2025-03-13T15:46:31.677954Z,100,优惠券礼物已支付。
sweltotop,1940519852,china,2025-03-13T15:47:48.729980Z,100,优惠券礼物已支付。
sweltotop,763066,china,2025-03-13T15:48:56.321361Z,100,优惠券礼物已支付。
sweltotop,Vittical,china,2025-03-13T15:50:15.560868Z,100,优惠券礼物已支付。
sweltotop,759830,china,2025-03-13T15:50:42.023900Z,100,优惠券礼物已支付。
sweltotop,ZQLDHJ,china,2025-03-13T15:52:35.471826Z,100,优惠券礼物已支付。
sweltotop,zhang921027,china,2025-03-13T15:54:06.412249Z,100,优惠券礼物已支付。
sweltotop,hyyni1234,china,2025-03-13T15:55:21.253622Z,100,优惠券礼物已支付。
sweltotop,ZXFAILXY0322,china,2025-03-13T15:57:18.652782Z,100,优惠券礼物已支付。
sweltotop,linchao0510,china,2025-03-13T15:59:18.901987Z,100,优惠券礼物已支付。
sweltotop,gcnu2768,china,2025-03-13T16:00:19.829680Z,100,优惠券礼物已支付。
sweltotop,wwcc998,china,2025-03-13T16:01:49.701751Z,100,优惠券礼物已支付。
sweltotop,78619630,china,2025-03-13T16:03:34.696219Z,100,优惠券礼物已支付。
sweltotop,jk187,china,2025-03-13T16:04:04.153599Z,100,优惠券礼物已支付。
sweltotop,dshujun,china,2025-03-13T16:04:45.373913Z,100,优惠券礼物已支付。
sweltotop,kkws228,china,2025-03-13T16:05:23.835560Z,100,优惠券礼物已支付。
sweltotop,1029709109,china,2025-03-13T16:07:13.293418Z,100,优惠券礼物已支付。
sweltotop,yh.24288,china,2025-03-13T16:08:16.785999Z,100,优惠券礼物已支付。
sweltotop,hedgehogss,china,2025-03-13T16:09:04.747045Z,100,优惠券礼物已支付。
sweltotop,si04172,china,2025-03-13T16:10:18.791746Z,(H304),已使用过的优惠券代码。
sweltotop,828511124,china,2025-03-13T16:11:41.607651Z,100,优惠券礼物已支付。
sweltotop,1711365230,china,2025-03-13T16:12:07.557034Z,100,优惠券礼物已支付。
sw2025mar1n3,ycshangtian,china,2025-03-13T18:55:29.533520Z,(H304),已使用过的优惠券代码。
sweltotop,ycshangtian,china,2025-03-13T18:55:51.727867Z,(H305),无效的优惠券代码。<br/>请重新确认。
sw2025mar1n3,lz0319,china,2025-03-16T10:34:32.409899Z,100,优惠券礼物已支付。
0316STARROUND1,samuer007,china,2025-03-16T22:17:35.044750Z,(H305),无效的优惠券代码。<br/>请重新确认。
0316STARROUND1,safety007,china,2025-03-16T22:19:25.527532Z,(H305),无效的优惠券代码。<br/>请重新确认。
0316STARROUND1,1940519852,china,2025-03-16T22:20:54.918733Z,(H305),无效的优惠券代码。<br/>请重新确认。
0316STARROUND1,763066,china,2025-03-16T22:22:47.347243Z,(H305),无效的优惠券代码。<br/>请重新确认。
0316STARROUND1,Vittical,china,2025-03-16T22:24:05.254034Z,(H305),无效的优惠券代码。<br/>请重新确认。
0316STARROUND1,759830,china,2025-03-16T22:25:01.971008Z,(H305),无效的优惠券代码。<br/>请重新确认。
0316STARROUND1,ZQLDHJ,china,2025-03-16T22:25:59.472816Z,(H305),无效的优惠券代码。<br/>请重新确认。
0316STARROUND1,zhang921027,china,2025-03-16T22:27:48.996519Z,(H305),无效的优惠券代码。<br/>请重新确认。
0316STARROUND1,hyyni1234,china,2025-03-16T22:29:56.560168Z,(H305),无效的优惠券代码。<br/>请重新确认。
0316STARROUND1,ZXFAILXY0322,china,2025-03-16T22:30:58.865537Z,(H305),无效的优惠券代码。<br/>请重新确认。
0316STARROUND1,linchao0510,china,2025-03-16T22:32:20.458211Z,(H305),无效的优惠券代码。<br/>请重新确认。
0316STARROUND1,gcnu2768,china,2025-03-16T22:34:17.090746Z,(H305),无效的优惠券代码。<br/>请重新确认。
0316STARROUND1,wwcc998,china,2025-03-16T22:34:43.611445Z,(H305),无效的优惠券代码。<br/>请重新确认。
0316STARROUND1,78619630,china,2025-03-16T22:35:26.035434Z,(H305),无效的优惠券代码。<br/>请重新确认。
0316STARROUND1,jk187,china,2025-03-16T22:36:42.411681Z,(H305),无效的优惠券代码。<br/>请重新确认。
0316STARROUND1,dshujun,china,2025-03-16T22:38:41.176971Z,(H305),无效的优惠券代码。<br/>请重新确认。
0316STARROUND1,kkws228,china,2025-03-16T22:39:59.563813Z,(H305),无效的优惠券代码。<br/>请重新确认。
0316STARROUND1,1029709109,china,2025-03-16T22:41:17.565657Z,(H305),无效的优惠券代码。<br/>请重新确认。
0316STARROUND1,yh.24288,china,2025-03-16T22:41:40.499645Z,(H305),无效的优惠券代码。<br/>请重新确认。
0316STARROUND1,hedgehogss,china,2025-03-16T22:42:11.466856Z,(H305),无效的优惠券代码。<br/>请重新确认。
0316STARROUND1,si04172,china,2025-03-16T22:43:17.682319Z,(H305),无效的优惠券代码。<br/>请重新确认。
0316STARROUND1,828511124,china,2025-03-16T22:45:16.073760Z,(H305),无效的优惠券代码。<br/>请重新确认。
0316STARROUND1,1711365230,china,2025-03-16T22:46:27.506909Z,(H305),无效的优惠券代码。<br/>请重新确认。
0316STARROUND1,ycshangtian,china,2025-03-16T22:47:03.195495Z,(H305),无效的优惠券代码。<br/>请重新确认。
0316STARROUND1,lz0319,china,2025-03-16T22:48:15.083195Z,(H305),无效的优惠券代码。<br/>请重新确认。
STARROUND10316,samuer007,china,2025-03-16T22:55:32.621019Z,100,优惠券礼物已支付。
starround10316,samuer007,china,2025-03-16T22:56:14.102910Z,(H304),已使用过的优惠券代码。
0316starround1,samuer007,china,2025-03-16T22:56:47.012133Z,(H305),无效的优惠券代码。<br/>请重新确认。
STARROUND10316,safety007,china,2025-03-16T22:57:56.223860Z,(H305),无效的优惠券代码。<br/>请重新确认。
starround10316,safety007,china,2025-03-16T22:58:30.651942Z,(H305),无效的优惠券代码。<br/>请重新确认。
0316starround1,safety007,china,2025-03-16T23:00:22.374524Z,(H305),无效的优惠券代码。<br/>请重新确认。
STARROUND10316,1940519852,china,2025-03-16T23:01:01.566864Z,(H305),无效的优惠券代码。<br/>请重新确认。
starround10316,1940519852,china,2025-03-16T23:01:40.545807Z,(H305),无效的优惠券代码。<br/>请重新确认。
0316starround1,1940519852,china,2025-03-16T23:03:42.804782Z,(H305),无效的优惠券代码。<br/>请重新确认。
STARROUND10316,763066,china,2025-03-16T23:04:52.606039Z,(H305),无效的优惠券代码。<br/>请重新确认。
starround10316,763066,china,2025-03-16T23:05:38.827504Z,(H305),无效的优惠券代码。<br/>请重新确认。
0316starround1,763066,china,2025-03-16T23:06:19.170374Z,(H305),无效的优惠券代码。<br/>请重新确认。
STARROUND10316,Vittical,china,2025-03-16T23:08:18.555681Z,(H305),无效的优惠券代码。<br/>请重新确认。
starround10316,Vittical,china,2025-03-16T23:10:07.460235Z,(H305),无效的优惠券代码。<br/>请重新确认。
0316starround1,Vittical,china,2025-03-16T23:30:19.805065Z,(H305),无效的优惠券代码。<br/>请重新确认。
STARROUND10316,759830,china,2025-03-16T23:32:06.283259Z,(H305),无效的优惠券代码。<br/>请重新确认。
starround10316,759830,china,2025-03-16T23:33:03.027725Z,(H305),无效的优惠券代码。<br/>请重新确认。
0316starround1,759830,china,2025-03-16T23:34:00.834692Z,(H305),无效的优惠券代码。<br/>请重新确认。
STARROUND10316,ZQLDHJ,china,2025-03-16T23:35:53.628488Z,(H305),无效的优惠券代码。<br/>请重新确认。
starround10316,ZQLDHJ,china,2025-03-16T23:55:24.462569Z,(H305),无效的优惠券代码。<br/>请重新确认。
0316starround1,ZQLDHJ,china,2025-03-16T23:57:12.871393Z,(H305),无效的优惠券代码。<br/>请重新确认。
STARROUND10316,zhang921027,china,2025-03-16T23:58:39.222026Z,(H305),无效的优惠券代码。<br/>请重新确认。
starround10316,zhang921027,china,2025-03-16T23:59:24.468430Z,(H305),无效的优惠券代码。<br/>请重新确认。
0316starround1,zhang921027,china,2025-03-17T00:01:21.434628Z,(H305),无效的优惠券代码。<br/>请重新确认。
STARROUND10316,hyyni1234,china,2025-03-17T00:02:59.670586Z,(H305),无效的优惠券代码。<br/>请重新确认。
0316starround1,hyyni1234,china,2025-03-17T00:14:19.337256Z,(H305),无效的优惠券代码。<br/>请重新确认。
STARROUND10316,ZXFAILXY0322,china,2025-03-17T00:14:49.129711Z,(H305),无效的优惠券代码。<br/>请重新确认。
starround10316,ZXFAILXY0322,china,2025-03-17T00:16:38.567151Z,(H305),无效的优惠券代码。<br/>请重新确认。
0316starround1,ZXFAILXY0322,china,2025-03-17T00:17:52.488433Z,(H305),无效的优惠券代码。<br/>请重新确认。
STARROUND10316,linchao0510,china,2025-03-17T00:19:54.068357Z,(H305),无效的优惠券代码。<br/>请重新确认。
starround10316,linchao0510,china,2025-03-17T00:21:52.594668Z,(H305),无效的优惠券代码。<br/>请重新确认。
0316starround1,linchao0510,china,2025-03-17T00:23:47.583206Z,(H305),无效的优惠券代码。<br/>请重新确认。
STARROUND10316,gcnu2768,china,2025-03-17T00:25:06.097006Z,(H305),无效的优惠券代码。<br/>请重新确认。
starround10316,gcnu2768,china,2025-03-17T00:25:38.338251Z,(H305),无效的优惠券代码。<br/>请重新确认。
0316starround1,gcnu2768,china,2025-03-17T00:27:41.820333Z,(H305),无效的优惠券代码。<br/>请重新确认。
STARROUND10316,wwcc998,china,2025-03-17T00:29:09.127486Z,(H305),无效的优惠券代码。<br/>请重新确认。
starround10316,wwcc998,china,2025-03-17T00:29:36.559855Z,(H305),无效的优惠券代码。<br/>请重新确认。
0316starround1,wwcc998,china,2025-03-17T00:30:45.861005Z,(H305),无效的优惠券代码。<br/>请重新确认。
starround10316,78619630,china,2025-03-17T00:52:21.248772Z,(H305),无效的优惠券代码。<br/>请重新确认。
0316starround1,78619630,china,2025-03-17T00:53:22.283040Z,(H305),无效的优惠券代码。<br/>请重新确认。
STARROUND10316,jk187,china,2025-03-17T00:53:56.222836Z,(H305),无效的优惠券代码。<br/>请重新确认。
starround10316,jk187,china,2025-03-17T00:55:45.164559Z,(H305),无效的优惠券代码。<br/>请重新确认。
0316starround1,jk187,china,2025-03-17T00:57:04.121042Z,(H305),无效的优惠券代码。<br/>请重新确认。
STARROUND10316,dshujun,china,2025-03-17T00:57:24.823303Z,(H305),无效的优惠券代码。<br/>请重新确认。
0316starround1,dshujun,china,2025-03-17T00:59:15.938303Z,(H305),无效的优惠券代码。<br/>请重新确认。
starround10316,dshujun,china,2025-03-17T00:59:16.156992Z,(H305),无效的优惠券代码。<br/>请重新确认。
STARROUND10316,kkws228,china,2025-03-17T01:00:07.707681Z,(H305),无效的优惠券代码。<br/>请重新确认。
starround10316,kkws228,china,2025-03-17T01:00:22.248700Z,(H305),无效的优惠券代码。<br/>请重新确认。
0316starround1,kkws228,china,2025-03-17T01:00:55.099969Z,(H305),无效的优惠券代码。<br/>请重新确认。
STARROUND10316,1029709109,china,2025-03-17T01:02:00.351602Z,(H305),无效的优惠券代码。<br/>请重新确认。
starround10316,1029709109,china,2025-03-17T01:02:17.305781Z,(H305),无效的优惠券代码。<br/>请重新确认。
0316starround1,1029709109,china,2025-03-17T01:03:52.006532Z,(H305),无效的优惠券代码。<br/>请重新确认。
STARROUND10316,yh.24288,china,2025-03-17T01:04:23.138841Z,(H305),无效的优惠券代码。<br/>请重新确认。
starround10316,yh.24288,china,2025-03-17T01:05:22.063236Z,(H305),无效的优惠券代码。<br/>请重新确认。
0316starround1,yh.24288,china,2025-03-17T01:05:42.249969Z,(H305),无效的优惠券代码。<br/>请重新确认。
STARROUND10316,hedgehogss,china,2025-03-17T01:06:44.667595Z,(H305),无效的优惠券代码。<br/>请重新确认。
starround10316,hedgehogss,china,2025-03-17T01:07:31.878617Z,(H305),无效的优惠券代码。<br/>请重新确认。
0316starround1,hedgehogss,china,2025-03-17T01:08:15.299416Z,(H305),无效的优惠券代码。<br/>请重新确认。
STARROUND10316,si04172,china,2025-03-17T01:09:34.221253Z,(H305),无效的优惠券代码。<br/>请重新确认。
starround10316,si04172,china,2025-03-17T01:09:45.328356Z,(H305),无效的优惠券代码。<br/>请重新确认。
0316starround1,si04172,china,2025-03-17T01:10:53.481167Z,(H305),无效的优惠券代码。<br/>请重新确认。
STARROUND10316,828511124,china,2025-03-17T01:11:07.762524Z,(H305),无效的优惠券代码。<br/>请重新确认。
starround10316,828511124,china,2025-03-17T01:11:48.776142Z,(H305),无效的优惠券代码。<br/>请重新确认。
0316starround1,828511124,china,2025-03-17T01:12:12.358488Z,(H305),无效的优惠券代码。<br/>请重新确认。
STARROUND10316,1711365230,china,2025-03-17T01:12:25.573067Z,(H305),无效的优惠券代码。<br/>请重新确认。
starround10316,1711365230,china,2025-03-17T01:12:41.773090Z,(H305),无效的优惠券代码。<br/>请重新确认。
0316starround1,1711365230,china,2025-03-17T01:12:55.323732Z,(H305),无效的优惠券代码。<br/>请重新确认。
STARROUND10316,ycshangtian,china,2025-03-17T01:13:10.740387Z,(H304),已使用过的优惠券代码。
starround10316,ycshangtian,china,2025-03-17T01:13:37.208881Z,(H304),已使用过的优惠券代码。
0316starround1,ycshangtian,china,2025-03-17T01:14:43.490779Z,(H305),无效的优惠券代码。<br/>请重新确认。
STARROUND10316,lz0319,china,2025-03-17T01:14:52.738824Z,(H305),无效的优惠券代码。<br/>请重新确认。
starround10316,lz0319,china,2025-03-17T01:15:58.075457Z,(H305),无效的优惠券代码。<br/>请重新确认。
0316starround1,lz0319,china,2025-03-17T01:16:01.570598Z,(H305),无效的优惠券代码。<br/>请重新确认。
sweltowin,samuer007,china,2025-03-20T15:38:25.518383Z,100,优惠券礼物已支付。
euleague5,samuer007,china,2025-03-20T15:40:31.070701Z,100,优惠券礼物已支付。
sweltowin,safety007,china,2025-03-20T15:42:12.246732Z,100,优惠券礼物已支付。
euleague5,safety007,china,2025-03-20T15:43:44.821062Z,100,优惠券礼物已支付。
sweltowin,1940519852,china,2025-03-20T15:44:14.983814Z,(H304),已使用过的优惠券代码。
euleague5,1940519852,china,2025-03-20T15:44:46.349316Z,(H304),已使用过的优惠券代码。
sweltowin,763066,china,2025-03-20T15:45:18.089186Z,(H304),已使用过的优惠券代码。
euleague5,763066,china,2025-03-20T15:46:09.181948Z,100,优惠券礼物已支付。
sweltowin,Vittical,china,2025-03-20T15:47:55.963999Z,100,优惠券礼物已支付。
euleague5,Vittical,china,2025-03-20T15:48:46.493483Z,100,优惠券礼物已支付。
sweltowin,759830,china,2025-03-20T15:49:41.121626Z,(H305),无效的优惠券代码。<br/>请重新确认。
euleague5,759830,china,2025-03-20T15:50:54.282127Z,100,优惠券礼物已支付。
sweltowin,ZQLDHJ,china,2025-03-20T15:52:05.020495Z,(H305),无效的优惠券代码。<br/>请重新确认。
euleague5,ZQLDHJ,china,2025-03-20T15:52:57.328824Z,100,优惠券礼物已支付。
sweltowin,zhang921027,china,2025-03-20T15:54:54.277086Z,(H305),无效的优惠券代码。<br/>请重新确认。
euleague5,zhang921027,china,2025-03-20T15:55:24.992410Z,100,优惠券礼物已支付。
sweltowin,hyyni1234,china,2025-03-20T15:56:44.477319Z,(H305),无效的优惠券代码。<br/>请重新确认。
euleague5,hyyni1234,china,2025-03-20T15:58:09.463164Z,100,优惠券礼物已支付。
sweltowin,ZXFAILXY0322,china,2025-03-20T15:59:49.379897Z,(H305),无效的优惠券代码。<br/>请重新确认。
euleague5,ZXFAILXY0322,china,2025-03-20T16:00:09.144740Z,100,优惠券礼物已支付。
sweltowin,linchao0510,china,2025-03-20T16:00:35.637887Z,(H305),无效的优惠券代码。<br/>请重新确认。
euleague5,linchao0510,china,2025-03-20T16:02:03.662102Z,100,优惠券礼物已支付。
sweltowin,gcnu2768,china,2025-03-20T16:03:54.167583Z,(H305),无效的优惠券代码。<br/>请重新确认。
euleague5,gcnu2768,china,2025-03-20T16:05:47.658234Z,100,优惠券礼物已支付。
sweltowin,wwcc998,china,2025-03-20T16:07:16.047586Z,(H305),无效的优惠券代码。<br/>请重新确认。
euleague5,wwcc998,china,2025-03-20T16:09:09.931868Z,(H305),无效的优惠券代码。<br/>请重新确认。
sweltowin,78619630,china,2025-03-20T16:10:00.247602Z,(H305),无效的优惠券代码。<br/>请重新确认。
euleague5,78619630,china,2025-03-20T16:10:24.837624Z,(H305),无效的优惠券代码。<br/>请重新确认。
sweltowin,jk187,china,2025-03-20T16:11:26.351377Z,(H305),无效的优惠券代码。<br/>请重新确认。
euleague5,jk187,china,2025-03-20T16:12:36.016935Z,(H304),已使用过的优惠券代码。
sweltowin,dshujun,china,2025-03-20T16:14:08.391245Z,(H305),无效的优惠券代码。<br/>请重新确认。
euleague5,dshujun,china,2025-03-20T16:14:54.621455Z,(H305),无效的优惠券代码。<br/>请重新确认。
sweltowin,kkws228,china,2025-03-20T16:16:52.191277Z,(H305),无效的优惠券代码。<br/>请重新确认。
euleague5,kkws228,china,2025-03-20T16:18:24.418272Z,(H305),无效的优惠券代码。<br/>请重新确认。
sweltowin,1029709109,china,2025-03-20T16:19:03.118489Z,(H305),无效的优惠券代码。<br/>请重新确认。
euleague5,1029709109,china,2025-03-20T16:20:49.469388Z,(H305),无效的优惠券代码。<br/>请重新确认。
sweltowin,yh.24288,china,2025-03-20T16:22:06.797204Z,(H304),已使用过的优惠券代码。
euleague5,yh.24288,china,2025-03-20T16:23:00.684256Z,(H304),已使用过的优惠券代码。
sweltowin,hedgehogss,china,2025-03-20T16:24:05.608135Z,(H305),无效的优惠券代码。<br/>请重新确认。
euleague5,hedgehogss,china,2025-03-20T16:24:45.844284Z,(H305),无效的优惠券代码。<br/>请重新确认。
euleague5,si04172,china,2025-03-20T16:35:25.385119Z,(H304),已使用过的优惠券代码。
sweltowin,828511124,china,2025-03-20T16:37:03.615575Z,(H304),已使用过的优惠券代码。
euleague5,828511124,china,2025-03-20T16:37:33.887625Z,(H304),已使用过的优惠券代码。
sweltowin,1711365230,china,2025-03-20T16:39:13.558351Z,(H305),无效的优惠券代码。<br/>请重新确认。
euleague5,1711365230,china,2025-03-20T16:40:06.216913Z,(H305),无效的优惠券代码。<br/>请重新确认。
sweltowin,ycshangtian,china,2025-03-20T16:40:37.892276Z,(H304),已使用过的优惠券代码。
euleague5,ycshangtian,china,2025-03-20T16:41:41.872101Z,(H304),已使用过的优惠券代码。
sweltowin,lz0319,china,2025-03-20T16:43:42.391271Z,(H305),无效的优惠券代码。<br/>请重新确认。
2025SWLAIZHANGSHA,samuer007,china,2025-03-22T16:35:58.284820Z,100,优惠券礼物已支付。
XIANGCAIZHENHAOCHI,samuer007,china,2025-03-22T16:36:36.264458Z,100,优惠券礼物已支付。
2025SWLAIZHANGSHA,safety007,china,2025-03-22T16:38:35.946508Z,100,优惠券礼物已支付。
XIANGCAIZHENHAOCHI,safety007,china,2025-03-22T16:40:38.477766Z,100,优惠券礼物已支付。
2025SWLAIZHANGSHA,1940519852,china,2025-03-22T16:40:58.276153Z,100,优惠券礼物已支付。
XIANGCAIZHENHAOCHI,1940519852,china,2025-03-22T16:42:02.795484Z,100,优惠券礼物已支付。
2025SWLAIZHANGSHA,763066,china,2025-03-22T16:43:50.177217Z,100,优惠券礼物已支付。
XIANGCAIZHENHAOCHI,763066,china,2025-03-22T16:44:43.318215Z,100,优惠券礼物已支付。
2025SWLAIZHANGSHA,Vittical,china,2025-03-22T16:46:30.797598Z,100,优惠券礼物已支付。
XIANGCAIZHENHAOCHI,Vittical,china,2025-03-22T16:48:10.553745Z,100,优惠券礼物已支付。
2025SWLAIZHANGSHA,759830,china,2025-03-22T16:48:48.294986Z,100,优惠券礼物已支付。
XIANGCAIZHENHAOCHI,759830,china,2025-03-22T16:49:46.128308Z,100,优惠券礼物已支付。
2025SWLAIZHANGSHA,ZQLDHJ,china,2025-03-22T16:51:14.491477Z,100,优惠券礼物已支付。
XIANGCAIZHENHAOCHI,ZQLDHJ,china,2025-03-22T16:51:58.707281Z,100,优惠券礼物已支付。
2025SWLAIZHANGSHA,zhang921027,china,2025-03-22T16:53:35.826138Z,100,优惠券礼物已支付。
XIANGCAIZHENHAOCHI,zhang921027,china,2025-03-22T16:55:19.830389Z,100,优惠券礼物已支付。
2025SWLAIZHANGSHA,hyyni1234,china,2025-03-22T16:55:49.435838Z,100,优惠券礼物已支付。
XIANGCAIZHENHAOCHI,hyyni1234,china,2025-03-22T16:56:59.941795Z,100,优惠券礼物已支付。
2025SWLAIZHANGSHA,ZXFAILXY0322,china,2025-03-22T16:58:07.697453Z,100,优惠券礼物已支付。
XIANGCAIZHENHAOCHI,ZXFAILXY0322,china,2025-03-22T16:59:33.058961Z,100,优惠券礼物已支付。
2025SWLAIZHANGSHA,linchao0510,china,2025-03-22T17:01:37.974449Z,100,优惠券礼物已支付。
XIANGCAIZHENHAOCHI,linchao0510,china,2025-03-22T17:02:37.596211Z,100,优惠券礼物已支付。
2025SWLAIZHANGSHA,gcnu2768,china,2025-03-22T17:04:22.553110Z,100,优惠券礼物已支付。
XIANGCAIZHENHAOCHI,gcnu2768,china,2025-03-22T17:05:01.579224Z,100,优惠券礼物已支付。
2025SWLAIZHANGSHA,wwcc998,china,2025-03-22T17:06:48.763171Z,100,优惠券礼物已支付。
XIANGCAIZHENHAOCHI,wwcc998,china,2025-03-22T17:08:55.234443Z,100,优惠券礼物已支付。
2025SWLAIZHANGSHA,78619630,china,2025-03-22T17:09:18.557896Z,(H304),已使用过的优惠券代码。
XIANGCAIZHENHAOCHI,78619630,china,2025-03-22T17:09:55.224701Z,(H304),已使用过的优惠券代码。
2025SWLAIZHANGSHA,jk187,china,2025-03-22T17:10:36.628709Z,(H304),已使用过的优惠券代码。
XIANGCAIZHENHAOCHI,jk187,china,2025-03-22T17:11:06.500721Z,(H304),已使用过的优惠券代码。
2025SWLAIZHANGSHA,dshujun,china,2025-03-22T17:12:51.555778Z,(H304),已使用过的优惠券代码。
XIANGCAIZHENHAOCHI,dshujun,china,2025-03-22T17:14:54.287695Z,(H304),已使用过的优惠券代码。
2025SWLAIZHANGSHA,kkws228,china,2025-03-22T17:15:59.153674Z,100,优惠券礼物已支付。
XIANGCAIZHENHAOCHI,kkws228,china,2025-03-22T17:17:51.662314Z,100,优惠券礼物已支付。
2025SWLAIZHANGSHA,1029709109,china,2025-03-22T17:19:06.625222Z,100,优惠券礼物已支付。
XIANGCAIZHENHAOCHI,1029709109,china,2025-03-22T17:20:02.734673Z,100,优惠券礼物已支付。
2025SWLAIZHANGSHA,yh.24288,china,2025-03-22T17:21:07.437594Z,100,优惠券礼物已支付。
XIANGCAIZHENHAOCHI,yh.24288,china,2025-03-22T17:21:51.532426Z,100,优惠券礼物已支付。
2025SWLAIZHANGSHA,hedgehogss,china,2025-03-22T17:23:43.296230Z,100,优惠券礼物已支付。
XIANGCAIZHENHAOCHI,hedgehogss,china,2025-03-22T17:24:31.239682Z,100,优惠券礼物已支付。
2025SWLAIZHANGSHA,si04172,china,2025-03-22T17:25:16.824536Z,100,优惠券礼物已支付。
XIANGCAIZHENHAOCHI,si04172,china,2025-03-22T17:27:14.128303Z,100,优惠券礼物已支付。
2025SWLAIZHANGSHA,828511124,china,2025-03-22T17:28:57.538573Z,100,优惠券礼物已支付。
XIANGCAIZHENHAOCHI,828511124,china,2025-03-22T17:30:55.323949Z,100,优惠券礼物已支付。
2025SWLAIZHANGSHA,1711365230,china,2025-03-22T17:32:16.916287Z,100,优惠券礼物已支付。
XIANGCAIZHENHAOCHI,1711365230,china,2025-03-22T17:32:49.477816Z,100,优惠券礼物已支付。
2025SWLAIZHANGSHA,ycshangtian,china,2025-03-22T17:34:17.580026Z,(H304),已使用过的优惠券代码。
XIANGCAIZHENHAOCHI,ycshangtian,china,2025-03-22T17:35:20.511916Z,(H304),已使用过的优惠券代码。
2025SWLAIZHANGSHA,lz0319,china,2025-03-22T17:36:10.040491Z,100,优惠券礼物已支付。
XIANGCAIZHENHAOCHI,lz0319,china,2025-03-22T17:37:26.298057Z,100,优惠券礼物已支付。
sw2025mar1n3,tth578,china,2025-03-23T21:02:01.840715Z,100,优惠券礼物已支付。
2025SWLAIZHANGSHA,tth578,china,2025-03-23T21:02:49.698467Z,(H306),无效的优惠券代码。<br/>请重新确认。
XIANGCAIZHENHAOCHI,tth578,china,2025-03-23T21:04:39.769404Z,(H306),无效的优惠券代码。<br/>请重新确认。
swelcontinues,samuer007,china,2025-03-27T09:50:00.295053Z,100,优惠券礼物已支付。
timetoshine,samuer007,china,2025-03-27T09:50:36.790913Z,100,优惠券礼物已支付。
swelcontinues,safety007,china,2025-03-27T09:51:08.768416Z,100,优惠券礼物已支付。
timetoshine,safety007,china,2025-03-27T09:51:39.820917Z,100,优惠券礼物已支付。
swelcontinues,1940519852,china,2025-03-27T09:52:52.041770Z,100,优惠券礼物已支付。
timetoshine,1940519852,china,2025-03-27T09:54:19.731116Z,100,优惠券礼物已支付。
swelcontinues,763066,china,2025-03-27T09:55:17.080477Z,(H304),已使用过的优惠券代码。
timetoshine,763066,china,2025-03-27T09:56:40.666627Z,(H304),已使用过的优惠券代码。
swelcontinues,Vittical,china,2025-03-27T09:58:43.304407Z,100,优惠券礼物已支付。
timetoshine,Vittical,china,2025-03-27T10:00:06.712600Z,100,优惠券礼物已支付。
swelcontinues,759830,china,2025-03-27T10:01:29.348459Z,100,优惠券礼物已支付。
timetoshine,759830,china,2025-03-27T10:01:54.546226Z,100,优惠券礼物已支付。
swelcontinues,ZQLDHJ,china,2025-03-27T10:03:50.127420Z,100,优惠券礼物已支付。
timetoshine,ZQLDHJ,china,2025-03-27T10:05:43.377560Z,100,优惠券礼物已支付。
swelcontinues,zhang921027,china,2025-03-27T10:07:09.830539Z,100,优惠券礼物已支付。
timetoshine,zhang921027,china,2025-03-27T10:08:12.126012Z,100,优惠券礼物已支付。
swelcontinues,hyyni1234,china,2025-03-27T10:09:56.117842Z,100,优惠券礼物已支付。
timetoshine,hyyni1234,china,2025-03-27T10:10:53.343533Z,100,优惠券礼物已支付。
swelcontinues,ZXFAILXY0322,china,2025-03-27T10:11:19.878148Z,100,优惠券礼物已支付。
timetoshine,ZXFAILXY0322,china,2025-03-27T10:13:23.760474Z,100,优惠券礼物已支付。
swelcontinues,linchao0510,china,2025-03-27T10:13:53.875099Z,100,优惠券礼物已支付。
swelcontinues,gcnu2768,china,2025-03-27T10:27:58.769529Z,100,优惠券礼物已支付。
timetoshine,gcnu2768,china,2025-03-27T10:29:58.404818Z,100,优惠券礼物已支付。
swelcontinues,wwcc998,china,2025-03-27T10:31:02.470581Z,100,优惠券礼物已支付。
timetoshine,wwcc998,china,2025-03-27T10:31:58.604213Z,100,优惠券礼物已支付。
swelcontinues,78619630,china,2025-03-27T10:33:08.695587Z,(H304),已使用过的优惠券代码。
timetoshine,78619630,china,2025-03-27T10:33:42.213334Z,(H304),已使用过的优惠券代码。
swelcontinues,jk187,china,2025-03-27T10:34:36.967351Z,100,优惠券礼物已支付。
timetoshine,jk187,china,2025-03-27T10:35:51.003108Z,100,优惠券礼物已支付。
swelcontinues,dshujun,china,2025-03-27T10:37:52.327984Z,100,优惠券礼物已支付。
timetoshine,dshujun,china,2025-03-27T10:39:35.007818Z,100,优惠券礼物已支付。
swelcontinues,kkws228,china,2025-03-27T10:40:28.621560Z,(H304),已使用过的优惠券代码。
timetoshine,kkws228,china,2025-03-27T10:42:30.662471Z,(H304),已使用过的优惠券代码。
swelcontinues,1029709109,china,2025-03-27T10:42:59.805903Z,100,优惠券礼物已支付。
timetoshine,1029709109,china,2025-03-27T10:44:25.578985Z,100,优惠券礼物已支付。
swelcontinues,yh.24288,china,2025-03-27T10:45:21.284120Z,(H304),已使用过的优惠券代码。
timetoshine,yh.24288,china,2025-03-27T10:47:18.847491Z,(H304),已使用过的优惠券代码。
swelcontinues,hedgehogss,china,2025-03-27T10:48:29.029931Z,(H304),已使用过的优惠券代码。
timetoshine,hedgehogss,china,2025-03-27T10:50:07.169297Z,(H304),已使用过的优惠券代码。
swelcontinues,si04172,china,2025-03-27T10:51:03.748429Z,100,优惠券礼物已支付。
timetoshine,si04172,china,2025-03-27T10:52:16.838942Z,100,优惠券礼物已支付。
swelcontinues,828511124,china,2025-03-27T10:53:05.140314Z,100,优惠券礼物已支付。
timetoshine,828511124,china,2025-03-27T10:53:54.516321Z,100,优惠券礼物已支付。
swelcontinues,1711365230,china,2025-03-27T10:55:42.175377Z,100,优惠券礼物已支付。
timetoshine,1711365230,china,2025-03-27T10:57:29.659727Z,100,优惠券礼物已支付。
swelcontinues,ycshangtian,china,2025-03-27T10:59:23.261949Z,(H304),已使用过的优惠券代码。
timetoshine,ycshangtian,china,2025-03-27T11:00:32.529449Z,(H304),已使用过的优惠券代码。
swelcontinues,lz0319,china,2025-03-27T11:02:41.482259Z,(H304),已使用过的优惠券代码。
timetoshine,lz0319,china,2025-03-27T11:04:31.856167Z,(H304),已使用过的优惠券代码。
swelcontinues,tth578,china,2025-03-27T11:05:28.269373Z,100,优惠券礼物已支付。
timetoshine,tth578,china,2025-03-27T11:06:31.577476Z,100,优惠券礼物已支付。
sw2025mar1n3,2287259,china,2025-03-27T12:21:58.670366Z,(H304),已使用过的优惠券代码。
swelcontinues,2287259,china,2025-03-27T12:23:23.748268Z,(H304),已使用过的优惠券代码。
timetoshine,2287259,china,2025-03-27T12:25:26.960180Z,(H304),已使用过的优惠券代码。
LETLT32BEG1N,samuer007,china,2025-03-29T16:55:57.729588Z,100,优惠券礼物已支付。
LETLT32BEG1N,safety007,china,2025-03-29T16:57:27.193328Z,100,优惠券礼物已支付。
LETLT32BEG1N,1940519852,china,2025-03-29T16:58:21.799795Z,100,优惠券礼物已支付。
LETLT32BEG1N,763066,china,2025-03-29T17:00:11.597292Z,100,优惠券礼物已支付。
LETLT32BEG1N,Vittical,china,2025-03-29T17:01:18.991747Z,100,优惠券礼物已支付。
LETLT32BEG1N,759830,china,2025-03-29T17:02:04.069214Z,100,优惠券礼物已支付。
LETLT32BEG1N,ZQLDHJ,china,2025-03-29T17:02:58.974347Z,100,优惠券礼物已支付。
LETLT32BEG1N,zhang921027,china,2025-03-29T17:03:50.615182Z,100,优惠券礼物已支付。
LETLT32BEG1N,hyyni1234,china,2025-03-29T17:04:41.978665Z,100,优惠券礼物已支付。
LETLT32BEG1N,ZXFAILXY0322,china,2025-03-29T17:05:29.408634Z,100,优惠券礼物已支付。
LETLT32BEG1N,linchao0510,china,2025-03-29T17:07:18.028930Z,100,优惠券礼物已支付。
LETLT32BEG1N,gcnu2768,china,2025-03-29T17:08:53.453362Z,100,优惠券礼物已支付。
LETLT32BEG1N,wwcc998,china,2025-03-29T17:09:42.520536Z,100,优惠券礼物已支付。
LETLT32BEG1N,78619630,china,2025-03-29T17:10:44.587866Z,(H304),已使用过的优惠券代码。
LETLT32BEG1N,jk187,china,2025-03-29T17:12:00.871879Z,(H304),已使用过的优惠券代码。
LETLT32BEG1N,dshujun,china,2025-03-29T17:13:04.682142Z,100,优惠券礼物已支付。
LETLT32BEG1N,kkws228,china,2025-03-29T17:13:27.406144Z,(H304),已使用过的优惠券代码。
LETLT32BEG1N,1029709109,china,2025-03-29T17:14:11.984279Z,100,优惠券礼物已支付。
LETLT32BEG1N,yh.24288,china,2025-03-29T17:16:13.478310Z,100,优惠券礼物已支付。
LETLT32BEG1N,hedgehogss,china,2025-03-29T17:18:17.993061Z,(H304),已使用过的优惠券代码。
LETLT32BEG1N,si04172,china,2025-03-29T17:19:48.722878Z,100,优惠券礼物已支付。
LETLT32BEG1N,828511124,china,2025-03-29T17:21:30.442787Z,(H304),已使用过的优惠券代码。
LETLT32BEG1N,1711365230,china,2025-03-29T17:22:17.330631Z,100,优惠券礼物已支付。
LETLT32BEG1N,ycshangtian,china,2025-03-29T17:23:18.765023Z,(H304),已使用过的优惠券代码。
LETLT32BEG1N,lz0319,china,2025-03-29T17:24:02.697714Z,100,优惠券礼物已支付。
LETLT32BEG1N,tth578,china,2025-03-29T17:24:54.316633Z,100,优惠券礼物已支付。
LETLT32BEG1N,2287259,china,2025-03-29T17:25:36.793871Z,100,优惠券礼物已支付。
CHAMP32B0RN,samuer007,china,2025-03-29T17:33:59.274015Z,100,优惠券礼物已支付。
CHAMP32B0RN,safety007,china,2025-03-29T17:35:58.951599Z,100,优惠券礼物已支付。
CHAMP32B0RN,1940519852,china,2025-03-29T17:38:05.450933Z,(H304),已使用过的优惠券代码。
CHAMP32B0RN,763066,china,2025-03-29T17:39:40.715867Z,100,优惠券礼物已支付。
CHAMP32B0RN,Vittical,china,2025-03-29T17:41:34.984154Z,100,优惠券礼物已支付。
CHAMP32B0RN,759830,china,2025-03-29T17:42:10.366666Z,100,优惠券礼物已支付。
CHAMP32B0RN,ZQLDHJ,china,2025-03-29T17:43:34.886030Z,100,优惠券礼物已支付。
CHAMP32B0RN,zhang921027,china,2025-03-29T17:44:36.325889Z,100,优惠券礼物已支付。
CHAMP32B0RN,hyyni1234,china,2025-03-29T17:46:38.115309Z,100,优惠券礼物已支付。
CHAMP32B0RN,ZXFAILXY0322,china,2025-03-29T17:48:26.080743Z,100,优惠券礼物已支付。
CHAMP32B0RN,linchao0510,china,2025-03-29T17:49:28.898231Z,100,优惠券礼物已支付。
CHAMP32B0RN,gcnu2768,china,2025-03-29T17:50:13.018110Z,100,优惠券礼物已支付。
CHAMP32B0RN,wwcc998,china,2025-03-29T17:50:48.081616Z,100,优惠券礼物已支付。
CHAMP32B0RN,78619630,china,2025-03-29T17:51:16.147352Z,(H304),已使用过的优惠券代码。
CHAMP32B0RN,jk187,china,2025-03-29T17:53:09.971598Z,(H304),已使用过的优惠券代码。
CHAMP32B0RN,dshujun,china,2025-03-29T17:54:23.614659Z,100,优惠券礼物已支付。
CHAMP32B0RN,kkws228,china,2025-03-29T17:56:07.172036Z,(H304),已使用过的优惠券代码。
CHAMP32B0RN,1029709109,china,2025-03-29T17:56:42.174878Z,100,优惠券礼物已支付。
CHAMP32B0RN,yh.24288,china,2025-03-29T17:57:13.022745Z,100,优惠券礼物已支付。
CHAMP32B0RN,hedgehogss,china,2025-03-29T17:57:46.209360Z,(H304),已使用过的优惠券代码。
CHAMP32B0RN,si04172,china,2025-03-29T17:59:23.639557Z,100,优惠券礼物已支付。
CHAMP32B0RN,828511124,china,2025-03-29T18:00:52.757773Z,(H304),已使用过的优惠券代码。
CHAMP32B0RN,1711365230,china,2025-03-29T18:01:57.920566Z,100,优惠券礼物已支付。
CHAMP32B0RN,ycshangtian,china,2025-03-29T18:03:39.964024Z,(H304),已使用过的优惠券代码。
CHAMP32B0RN,lz0319,china,2025-03-29T18:05:05.822426Z,100,优惠券礼物已支付。
CHAMP32B0RN,tth578,china,2025-03-29T18:06:49.587951Z,100,优惠券礼物已支付。
CHAMP32B0RN,2287259,china,2025-03-29T18:07:29.852164Z,100,优惠券礼物已支付。
SWSTARROUND2,samuer007,china,2025-03-31T06:37:02.099206Z,(H305),无效的优惠券代码。<br/>请重新确认。
SWSTARROUND2,safety007,china,2025-03-31T06:37:41.016419Z,(H305),无效的优惠券代码。<br/>请重新确认。
SWSTARROUND2,1940519852,china,2025-03-31T06:39:44.073181Z,(H305),无效的优惠券代码。<br/>请重新确认。
SWSTARROUND2,763066,china,2025-03-31T06:40:53.023613Z,(H305),无效的优惠券代码。<br/>请重新确认。
SWSTARROUND2,Vittical,china,2025-03-31T06:41:24.023576Z,(H305),无效的优惠券代码。<br/>请重新确认。
SWSTARROUND2,759830,china,2025-03-31T06:42:01.066661Z,(H305),无效的优惠券代码。<br/>请重新确认。
SWSTARROUND2,ZQLDHJ,china,2025-03-31T06:43:59.515717Z,(H305),无效的优惠券代码。<br/>请重新确认。
SWSTARROUND2,zhang921027,china,2025-03-31T06:45:31.827041Z,(H305),无效的优惠券代码。<br/>请重新确认。
SWSTARROUND2,hyyni1234,china,2025-03-31T06:47:22.275348Z,(H305),无效的优惠券代码。<br/>请重新确认。
SWSTARROUND2,ZXFAILXY0322,china,2025-03-31T06:48:10.444940Z,(H305),无效的优惠券代码。<br/>请重新确认。
SWSTARROUND2,linchao0510,china,2025-03-31T06:48:33.343546Z,(H305),无效的优惠券代码。<br/>请重新确认。
SWSTARROUND2,gcnu2768,china,2025-03-31T06:48:59.132497Z,(H305),无效的优惠券代码。<br/>请重新确认。
SWSTARROUND2,wwcc998,china,2025-03-31T06:50:02.168554Z,(H305),无效的优惠券代码。<br/>请重新确认。
SWSTARROUND2,78619630,china,2025-03-31T06:51:20.884431Z,(H304),已使用过的优惠券代码。
SWSTARROUND2,jk187,china,2025-03-31T06:51:46.304996Z,(H305),无效的优惠券代码。<br/>请重新确认。
SWSTARROUND2,dshujun,china,2025-03-31T06:52:49.020752Z,(H305),无效的优惠券代码。<br/>请重新确认。
SWSTARROUND2,kkws228,china,2025-03-31T06:54:49.681153Z,(H305),无效的优惠券代码。<br/>请重新确认。
SWSTARROUND2,1029709109,china,2025-03-31T06:56:34.168207Z,(H305),无效的优惠券代码。<br/>请重新确认。
SWSTARROUND2,yh.24288,china,2025-03-31T06:58:16.541636Z,(H305),无效的优惠券代码。<br/>请重新确认。
SWSTARROUND2,hedgehogss,china,2025-03-31T06:59:28.808533Z,(H305),无效的优惠券代码。<br/>请重新确认。
SWSTARROUND2,si04172,china,2025-03-31T07:02:40.333259Z,(H305),无效的优惠券代码。<br/>请重新确认。
SWSTARROUND2,828511124,china,2025-03-31T07:03:29.342675Z,(H305),无效的优惠券代码。<br/>请重新确认。
SWSTARROUND2,1711365230,china,2025-03-31T07:04:33.814173Z,(H305),无效的优惠券代码。<br/>请重新确认。
SWSTARROUND2,ycshangtian,china,2025-03-31T07:05:01.086790Z,(H305),无效的优惠券代码。<br/>请重新确认。
SWSTARROUND2,lz0319,china,2025-03-31T07:06:54.479624Z,(H305),无效的优惠券代码。<br/>请重新确认。
SWSTARROUND2,tth578,china,2025-03-31T07:08:47.927407Z,(H305),无效的优惠券代码。<br/>请重新确认。
SWSTARROUND2,2287259,china,2025-03-31T07:09:37.548906Z,(H305),无效的优惠券代码。<br/>请重新确认。
roadtoplayoffs,samuer007,china,2025-04-04T09:56:34.538713Z,100,优惠券礼物已支付。
roadtoplayoffs,safety007,china,2025-04-04T09:58:40.251120Z,100,优惠券礼物已支付。
roadtoplayoffs,1940519852,china,2025-04-04T10:00:21.741257Z,100,优惠券礼物已支付。
roadtoplayoffs,763066,china,2025-04-04T10:01:32.120688Z,100,优惠券礼物已支付。
roadtoplayoffs,Vittical,china,2025-04-04T10:02:26.697658Z,100,优惠券礼物已支付。
roadtoplayoffs,759830,china,2025-04-04T10:03:17.366039Z,100,优惠券礼物已支付。
roadtoplayoffs,ZQLDHJ,china,2025-04-04T10:04:10.583072Z,100,优惠券礼物已支付。
roadtoplayoffs,zhang921027,china,2025-04-04T10:06:02.304908Z,100,优惠券礼物已支付。
roadtoplayoffs,hyyni1234,china,2025-04-04T10:09:38.216845Z,100,优惠券礼物已支付。
roadtoplayoffs,ZXFAILXY0322,china,2025-04-04T10:10:40.718187Z,100,优惠券礼物已支付。
roadtoplayoffs,linchao0510,china,2025-04-04T10:11:52.491653Z,100,优惠券礼物已支付。
roadtoplayoffs,gcnu2768,china,2025-04-04T10:13:19.357384Z,100,优惠券礼物已支付。
roadtoplayoffs,wwcc998,china,2025-04-04T10:14:53.574301Z,100,优惠券礼物已支付。
roadtoplayoffs,78619630,china,2025-04-04T10:16:28.268332Z,(H304),已使用过的优惠券代码。
roadtoplayoffs,jk187,china,2025-04-04T10:16:55.544382Z,100,优惠券礼物已支付。
roadtoplayoffs,dshujun,china,2025-04-04T10:18:30.340535Z,100,优惠券礼物已支付。
roadtoplayoffs,kkws228,china,2025-04-04T10:19:54.596728Z,(H304),已使用过的优惠券代码。
roadtoplayoffs,1029709109,china,2025-04-04T10:21:49.513608Z,100,优惠券礼物已支付。
roadtoplayoffs,yh.24288,china,2025-04-04T10:23:09.647764Z,(H304),已使用过的优惠券代码。
roadtoplayoffs,hedgehogss,china,2025-04-04T10:25:16.422823Z,100,优惠券礼物已支付。
roadtoplayoffs,si04172,china,2025-04-04T10:26:52.183960Z,100,优惠券礼物已支付。
roadtoplayoffs,828511124,china,2025-04-04T10:28:02.882157Z,100,优惠券礼物已支付。
roadtoplayoffs,1711365230,china,2025-04-04T10:29:03.394936Z,100,优惠券礼物已支付。
roadtoplayoffs,ycshangtian,china,2025-04-04T10:31:06.221035Z,100,优惠券礼物已支付。
roadtoplayoffs,lz0319,china,2025-04-04T10:31:29.374449Z,100,优惠券礼物已支付。
roadtoplayoffs,tth578,china,2025-04-04T10:32:43.859913Z,100,优惠券礼物已支付。
roadtoplayoffs,2287259,china,2025-04-04T10:34:33.894478Z,100,优惠券礼物已支付。
0ETN45TH20A774EH,samuer007,china,2025-04-13T22:34:35.925492Z,(H304),已使用过的优惠券代码。
SWHAPPY11THWOW,samuer007,china,2025-04-13T22:35:06.787270Z,(H305),无效的优惠券代码。<br/>请重新确认。
0ETN45TH20A774EH,safety007,china,2025-04-13T22:35:40.791310Z,(H304),已使用过的优惠券代码。
SWHAPPY11THWOW,safety007,china,2025-04-13T22:37:32.361604Z,(H305),无效的优惠券代码。<br/>请重新确认。
0ETN45TH20A774EH,1940519852,china,2025-04-13T22:39:16.342923Z,(H304),已使用过的优惠券代码。
SWHAPPY11THWOW,1940519852,china,2025-04-13T22:40:11.084182Z,(H305),无效的优惠券代码。<br/>请重新确认。
0ETN45TH20A774EH,763066,china,2025-04-13T22:40:57.510013Z,(H304),已使用过的优惠券代码。
SWHAPPY11THWOW,763066,china,2025-04-13T22:43:01.174547Z,(H305),无效的优惠券代码。<br/>请重新确认。
0ETN45TH20A774EH,Vittical,china,2025-04-13T22:43:39.180274Z,(H304),已使用过的优惠券代码。
SWHAPPY11THWOW,Vittical,china,2025-04-13T22:45:37.332511Z,(H305),无效的优惠券代码。<br/>请重新确认。
0ETN45TH20A774EH,759830,china,2025-04-13T22:47:14.795798Z,(H304),已使用过的优惠券代码。
SWHAPPY11THWOW,759830,china,2025-04-13T22:47:53.559495Z,(H305),无效的优惠券代码。<br/>请重新确认。
0ETN45TH20A774EH,ZQLDHJ,china,2025-04-13T22:49:45.163581Z,(H304),已使用过的优惠券代码。
SWHAPPY11THWOW,ZQLDHJ,china,2025-04-13T22:51:18.318628Z,(H305),无效的优惠券代码。<br/>请重新确认。
0ETN45TH20A774EH,zhang921027,china,2025-04-13T22:53:07.475247Z,(H304),已使用过的优惠券代码。
SWHAPPY11THWOW,zhang921027,china,2025-04-13T22:55:02.158559Z,(H305),无效的优惠券代码。<br/>请重新确认。
0ETN45TH20A774EH,hyyni1234,china,2025-04-13T22:55:35.655694Z,(H304),已使用过的优惠券代码。
SWHAPPY11THWOW,hyyni1234,china,2025-04-13T22:56:39.144973Z,(H305),无效的优惠券代码。<br/>请重新确认。
0ETN45TH20A774EH,ZXFAILXY0322,china,2025-04-13T22:57:30.081363Z,(H304),已使用过的优惠券代码。
SWHAPPY11THWOW,ZXFAILXY0322,china,2025-04-13T22:58:11.071757Z,(H305),无效的优惠券代码。<br/>请重新确认。
0ETN45TH20A774EH,linchao0510,china,2025-04-13T22:59:50.396311Z,(H304),已使用过的优惠券代码。
SWHAPPY11THWOW,linchao0510,china,2025-04-13T23:01:32.893121Z,(H305),无效的优惠券代码。<br/>请重新确认。
0ETN45TH20A774EH,gcnu2768,china,2025-04-13T23:02:48.529757Z,(H304),已使用过的优惠券代码。
SWHAPPY11THWOW,gcnu2768,china,2025-04-13T23:04:20.183129Z,(H305),无效的优惠券代码。<br/>请重新确认。
0ETN45TH20A774EH,wwcc998,china,2025-04-13T23:06:14.325261Z,(H304),已使用过的优惠券代码。
SWHAPPY11THWOW,wwcc998,china,2025-04-13T23:07:16.864280Z,(H305),无效的优惠券代码。<br/>请重新确认。
0ETN45TH20A774EH,78619630,china,2025-04-13T23:09:10.028819Z,(H304),已使用过的优惠券代码。
SWHAPPY11THWOW,78619630,china,2025-04-13T23:10:13.136417Z,(H304),已使用过的优惠券代码。
0ETN45TH20A774EH,jk187,china,2025-04-13T23:11:39.923449Z,(H304),已使用过的优惠券代码。
SWHAPPY11THWOW,jk187,china,2025-04-13T23:12:26.589446Z,(H305),无效的优惠券代码。<br/>请重新确认。
0ETN45TH20A774EH,dshujun,china,2025-04-13T23:13:43.020286Z,(H304),已使用过的优惠券代码。
SWHAPPY11THWOW,dshujun,china,2025-04-13T23:14:42.419846Z,(H305),无效的优惠券代码。<br/>请重新确认。
0ETN45TH20A774EH,kkws228,china,2025-04-13T23:16:22.533531Z,(H304),已使用过的优惠券代码。
SWHAPPY11THWOW,kkws228,china,2025-04-13T23:17:03.364476Z,(H305),无效的优惠券代码。<br/>请重新确认。
0ETN45TH20A774EH,1029709109,china,2025-04-13T23:18:00.961438Z,(H304),已使用过的优惠券代码。
SWHAPPY11THWOW,1029709109,china,2025-04-13T23:18:35.812235Z,(H305),无效的优惠券代码。<br/>请重新确认。
0ETN45TH20A774EH,yh.24288,china,2025-04-13T23:19:47.094083Z,(H304),已使用过的优惠券代码。
SWHAPPY11THWOW,yh.24288,china,2025-04-13T23:20:47.800805Z,(H305),无效的优惠券代码。<br/>请重新确认。
0ETN45TH20A774EH,hedgehogss,china,2025-04-13T23:21:40.427542Z,(H304),已使用过的优惠券代码。
SWHAPPY11THWOW,hedgehogss,china,2025-04-13T23:22:59.126611Z,(H305),无效的优惠券代码。<br/>请重新确认。
0ETN45TH20A774EH,si04172,china,2025-04-13T23:24:14.641787Z,(H304),已使用过的优惠券代码。
SWHAPPY11THWOW,si04172,china,2025-04-13T23:24:57.964556Z,(H305),无效的优惠券代码。<br/>请重新确认。
0ETN45TH20A774EH,828511124,china,2025-04-13T23:25:25.183035Z,(H304),已使用过的优惠券代码。
SWHAPPY11THWOW,828511124,china,2025-04-13T23:25:49.967010Z,(H305),无效的优惠券代码。<br/>请重新确认。
0ETN45TH20A774EH,1711365230,china,2025-04-13T23:26:49.840514Z,(H304),已使用过的优惠券代码。
SWHAPPY11THWOW,1711365230,china,2025-04-13T23:27:21.940092Z,(H305),无效的优惠券代码。<br/>请重新确认。
0ETN45TH20A774EH,ycshangtian,china,2025-04-13T23:29:17.515665Z,(H304),已使用过的优惠券代码。
SWHAPPY11THWOW,ycshangtian,china,2025-04-13T23:30:04.286423Z,(H305),无效的优惠券代码。<br/>请重新确认。
0ETN45TH20A774EH,lz0319,china,2025-04-13T23:30:46.763647Z,(H304),已使用过的优惠券代码。
SWHAPPY11THWOW,lz0319,china,2025-04-13T23:31:33.734674Z,(H305),无效的优惠券代码。<br/>请重新确认。
0ETN45TH20A774EH,tth578,china,2025-04-13T23:33:18.226186Z,(H304),已使用过的优惠券代码。
SWHAPPY11THWOW,tth578,china,2025-04-13T23:34:06.615554Z,(H305),无效的优惠券代码。<br/>请重新确认。
0ETN45TH20A774EH,2287259,china,2025-04-13T23:35:16.134868Z,(H304),已使用过的优惠券代码。
SWHAPPY11THWOW,2287259,china,2025-04-13T23:35:54.053492Z,(H305),无效的优惠券代码。<br/>请重新确认。
SW11YABDAYGIFT,samuer007,china,2025-04-17T12:23:35.511695Z,100,优惠券礼物已支付。
SW11YABDAYGIFT,safety007,china,2025-04-17T12:25:09.774326Z,100,优惠券礼物已支付。
SW11YABDAYGIFT,1940519852,china,2025-04-17T12:27:06.817375Z,(H304),已使用过的优惠券代码。
SW11YABDAYGIFT,763066,china,2025-04-17T12:28:06.894848Z,(H304),已使用过的优惠券代码。
SW11YABDAYGIFT,Vittical,china,2025-04-17T12:29:52.875140Z,100,优惠券礼物已支付。
SW11YABDAYGIFT,759830,china,2025-04-17T12:31:43.551513Z,(H304),已使用过的优惠券代码。
SW11YABDAYGIFT,ZQLDHJ,china,2025-04-17T12:32:47.360010Z,100,优惠券礼物已支付。
SW11YABDAYGIFT,zhang921027,china,2025-04-17T12:34:06.347787Z,(H304),已使用过的优惠券代码。
SW11YABDAYGIFT,hyyni1234,china,2025-04-17T12:34:53.163807Z,(H304),已使用过的优惠券代码。
SW11YABDAYGIFT,ZXFAILXY0322,china,2025-04-17T12:35:24.636886Z,(H304),已使用过的优惠券代码。
SW11YABDAYGIFT,linchao0510,china,2025-04-17T12:37:31.035193Z,(H304),已使用过的优惠券代码。
SW11YABDAYGIFT,gcnu2768,china,2025-04-17T12:38:26.054331Z,(H304),已使用过的优惠券代码。
SW11YABDAYGIFT,wwcc998,china,2025-04-17T12:39:05.317519Z,(H304),已使用过的优惠券代码。
SW11YABDAYGIFT,78619630,china,2025-04-17T12:39:47.434053Z,(H304),已使用过的优惠券代码。
SW11YABDAYGIFT,jk187,china,2025-04-17T12:41:08.895357Z,(H304),已使用过的优惠券代码。
SW11YABDAYGIFT,dshujun,china,2025-04-17T12:42:31.896130Z,(H304),已使用过的优惠券代码。
SW11YABDAYGIFT,kkws228,china,2025-04-17T12:43:39.622284Z,(H304),已使用过的优惠券代码。
SW11YABDAYGIFT,1029709109,china,2025-04-17T12:45:36.398480Z,(H304),已使用过的优惠券代码。
SW11YABDAYGIFT,yh.24288,china,2025-04-17T12:47:14.184034Z,(H304),已使用过的优惠券代码。
SW11YABDAYGIFT,hedgehogss,china,2025-04-17T12:47:43.284378Z,(H304),已使用过的优惠券代码。
SW11YABDAYGIFT,si04172,china,2025-04-17T12:48:47.077012Z,(H304),已使用过的优惠券代码。
SW11YABDAYGIFT,828511124,china,2025-04-17T12:50:52.982254Z,(H304),已使用过的优惠券代码。
SW11YABDAYGIFT,1711365230,china,2025-04-17T12:51:55.099495Z,(H304),已使用过的优惠券代码。
SW11YABDAYGIFT,ycshangtian,china,2025-04-17T12:52:31.368037Z,(H304),已使用过的优惠券代码。
SW11YABDAYGIFT,lz0319,china,2025-04-17T12:54:20.940421Z,(H304),已使用过的优惠券代码。
SW11YABDAYGIFT,tth578,china,2025-04-17T12:55:29.184330Z,100,优惠券礼物已支付。
SW11YABDAYGIFT,2287259,china,2025-04-17T12:57:01.638490Z,100,优惠券礼物已支付。
sw2025apr8c4,samuer007,china,2025-04-19T03:12:51.199134Z,100,优惠券礼物已支付。
sw2025apr8c4,safety007,china,2025-04-19T03:13:27.805549Z,100,优惠券礼物已支付。
sw2025apr8c4,763066,china,2025-04-19T03:31:49.741882Z,(H304),已使用过的优惠券代码。
sw2025apr8c4,Vittical,china,2025-04-19T03:33:18.753969Z,100,优惠券礼物已支付。
sw2025apr8c4,759830,china,2025-04-19T03:35:26.324175Z,100,优惠券礼物已支付。
sw2025apr8c4,ZQLDHJ,china,2025-04-19T03:37:17.924355Z,100,优惠券礼物已支付。
sw2025apr8c4,hyyni1234,china,2025-04-19T03:50:47.475687Z,100,优惠券礼物已支付。
sw2025apr8c4,ZXFAILXY0322,china,2025-04-19T03:51:26.385831Z,100,优惠券礼物已支付。
sw2025apr8c4,linchao0510,china,2025-04-19T03:52:21.128017Z,100,优惠券礼物已支付。
sw2025apr8c4,gcnu2768,china,2025-04-19T03:52:41.327521Z,100,优惠券礼物已支付。
sw2025apr8c4,wwcc998,china,2025-04-19T03:53:44.687796Z,100,优惠券礼物已支付。
sw2025apr8c4,78619630,china,2025-04-19T03:54:39.608639Z,(H304),已使用过的优惠券代码。
sw2025apr8c4,jk187,china,2025-04-19T03:55:37.615798Z,(H304),已使用过的优惠券代码。
sw2025apr8c4,dshujun,china,2025-04-19T03:56:59.649325Z,(H304),已使用过的优惠券代码。
sw2025apr8c4,kkws228,china,2025-04-19T03:57:36.058766Z,(H304),已使用过的优惠券代码。
sw2025apr8c4,yh.24288,china,2025-04-19T04:09:49.231933Z,(H304),已使用过的优惠券代码。
sw2025apr8c4,hedgehogss,china,2025-04-19T04:11:42.404880Z,(H304),已使用过的优惠券代码。
sw2025apr8c4,si04172,china,2025-04-19T04:12:20.654973Z,(H304),已使用过的优惠券代码。
sw2025apr8c4,828511124,china,2025-04-19T04:13:17.472694Z,100,优惠券礼物已支付。
sw2025apr8c4,1711365230,china,2025-04-19T04:14:07.710762Z,100,优惠券礼物已支付。
sw2025apr8c4,ycshangtian,china,2025-04-19T04:15:30.435420Z,(H304),已使用过的优惠券代码。
sw2025apr8c4,lz0319,china,2025-04-19T04:16:38.474090Z,100,优惠券礼物已支付。
sw2025apr8c4,tth578,china,2025-04-19T04:17:03.885685Z,100,优惠券礼物已支付。
sw2025apr8c4,2287259,china,2025-04-19T04:41:39.625863Z,100,优惠券礼物已支付。
0ETN45TH20A774EH,Mrc233,china,2025-04-19T14:30:41.911794Z,(H304),已使用过的优惠券代码。
SW11YABDAYGIFT,Mrc233,china,2025-04-19T14:31:15.799430Z,(H304),已使用过的优惠券代码。
sw2025apr8c4,Mrc233,china,2025-04-19T14:33:01.228784Z,(H304),已使用过的优惠券代码。
diersaijizuiqianggh,samuer007,china,2025-04-19T16:43:39.688929Z,100,优惠券礼物已支付。
sw11yabdaygift,samuer007,china,2025-04-19T16:45:48.238524Z,(H304),已使用过的优惠券代码。
diersaijizuiqianggh,safety007,china,2025-04-19T16:46:24.747276Z,100,优惠券礼物已支付。
sw11yabdaygift,safety007,china,2025-04-19T16:48:25.033407Z,(H304),已使用过的优惠券代码。
diersaijizuiqianggh,1940519852,china,2025-04-19T16:49:46.474124Z,100,优惠券礼物已支付。
sw11yabdaygift,1940519852,china,2025-04-19T16:50:47.749036Z,(H304),已使用过的优惠券代码。
diersaijizuiqianggh,763066,china,2025-04-19T16:52:18.792261Z,(H304),已使用过的优惠券代码。
sw11yabdaygift,763066,china,2025-04-19T16:53:22.198799Z,(H304),已使用过的优惠券代码。
diersaijizuiqianggh,Vittical,china,2025-04-19T16:54:21.224671Z,100,优惠券礼物已支付。
sw11yabdaygift,Vittical,china,2025-04-19T16:56:21.544565Z,(H304),已使用过的优惠券代码。
diersaijizuiqianggh,759830,china,2025-04-19T16:58:06.236968Z,100,优惠券礼物已支付。
sw11yabdaygift,759830,china,2025-04-19T16:59:54.694189Z,(H304),已使用过的优惠券代码。
diersaijizuiqianggh,ZQLDHJ,china,2025-04-19T17:00:55.764150Z,100,优惠券礼物已支付。
sw11yabdaygift,ZQLDHJ,china,2025-04-19T17:01:23.159760Z,(H304),已使用过的优惠券代码。
diersaijizuiqianggh,zhang921027,china,2025-04-19T17:01:49.812375Z,100,优惠券礼物已支付。
sw11yabdaygift,zhang921027,china,2025-04-19T17:02:35.055228Z,(H304),已使用过的优惠券代码。
sw11yabdaygift,hyyni1234,china,2025-04-19T17:21:42.159228Z,(H304),已使用过的优惠券代码。
diersaijizuiqianggh,ZXFAILXY0322,china,2025-04-19T17:22:49.884203Z,100,优惠券礼物已支付。
sw11yabdaygift,ZXFAILXY0322,china,2025-04-19T17:23:25.914994Z,(H304),已使用过的优惠券代码。
diersaijizuiqianggh,linchao0510,china,2025-04-19T17:24:33.288112Z,100,优惠券礼物已支付。
sw11yabdaygift,linchao0510,china,2025-04-19T17:25:39.558592Z,(H304),已使用过的优惠券代码。
diersaijizuiqianggh,gcnu2768,china,2025-04-19T17:27:35.001144Z,100,优惠券礼物已支付。
sw11yabdaygift,gcnu2768,china,2025-04-19T17:29:02.251976Z,(H304),已使用过的优惠券代码。
diersaijizuiqianggh,wwcc998,china,2025-04-19T17:30:12.956815Z,100,优惠券礼物已支付。
sw11yabdaygift,wwcc998,china,2025-04-19T17:31:05.288177Z,(H304),已使用过的优惠券代码。
diersaijizuiqianggh,78619630,china,2025-04-19T17:32:12.970163Z,(H304),已使用过的优惠券代码。
sw11yabdaygift,78619630,china,2025-04-19T17:33:24.559966Z,(H304),已使用过的优惠券代码。
diersaijizuiqianggh,jk187,china,2025-04-19T17:34:03.911569Z,(H304),已使用过的优惠券代码。
sw11yabdaygift,jk187,china,2025-04-19T17:35:45.834966Z,(H304),已使用过的优惠券代码。
diersaijizuiqianggh,dshujun,china,2025-04-19T17:37:45.960247Z,(H304),已使用过的优惠券代码。
sw11yabdaygift,dshujun,china,2025-04-19T17:38:50.288663Z,(H304),已使用过的优惠券代码。
diersaijizuiqianggh,kkws228,china,2025-04-19T17:39:38.608047Z,(H304),已使用过的优惠券代码。
sw11yabdaygift,kkws228,china,2025-04-19T17:40:50.757339Z,(H304),已使用过的优惠券代码。
diersaijizuiqianggh,1029709109,china,2025-04-19T17:41:55.481681Z,100,优惠券礼物已支付。
sw11yabdaygift,1029709109,china,2025-04-19T17:43:20.990687Z,(H304),已使用过的优惠券代码。
diersaijizuiqianggh,yh.24288,china,2025-04-19T17:43:45.576411Z,100,优惠券礼物已支付。
sw11yabdaygift,yh.24288,china,2025-04-19T17:44:56.964331Z,(H304),已使用过的优惠券代码。
diersaijizuiqianggh,hedgehogss,china,2025-04-19T17:45:21.695626Z,(H304),已使用过的优惠券代码。
sw11yabdaygift,hedgehogss,china,2025-04-19T17:46:00.972701Z,(H304),已使用过的优惠券代码。
diersaijizuiqianggh,si04172,china,2025-04-19T17:48:08.519385Z,(H304),已使用过的优惠券代码。
sw11yabdaygift,si04172,china,2025-04-19T17:49:44.871983Z,(H304),已使用过的优惠券代码。
diersaijizuiqianggh,828511124,china,2025-04-19T17:51:29.993398Z,100,优惠券礼物已支付。
sw11yabdaygift,828511124,china,2025-04-19T17:53:16.754954Z,(H304),已使用过的优惠券代码。
diersaijizuiqianggh,1711365230,china,2025-04-19T17:54:48.871706Z,100,优惠券礼物已支付。
sw11yabdaygift,1711365230,china,2025-04-19T17:56:45.867018Z,(H304),已使用过的优惠券代码。
diersaijizuiqianggh,ycshangtian,china,2025-04-19T17:58:03.074936Z,(H304),已使用过的优惠券代码。
sw11yabdaygift,ycshangtian,china,2025-04-19T17:59:23.772602Z,(H304),已使用过的优惠券代码。
diersaijizuiqianggh,lz0319,china,2025-04-19T18:00:38.325919Z,100,优惠券礼物已支付。
sw11yabdaygift,lz0319,china,2025-04-19T18:01:24.526496Z,(H304),已使用过的优惠券代码。
diersaijizuiqianggh,tth578,china,2025-04-19T18:02:37.852894Z,100,优惠券礼物已支付。
sw11yabdaygift,tth578,china,2025-04-19T18:04:07.622444Z,(H304),已使用过的优惠券代码。
diersaijizuiqianggh,2287259,china,2025-04-19T18:04:45.692238Z,100,优惠券礼物已支付。
sw11yabdaygift,2287259,china,2025-04-19T18:05:40.663048Z,(H304),已使用过的优惠券代码。
diersaijizuiqianggh,Mrc233,china,2025-04-19T18:07:27.070393Z,(H304),已使用过的优惠券代码。
sw11yabdaygift,Mrc233,china,2025-04-19T18:08:58.390252Z,(H304),已使用过的优惠券代码。
0ETN45TH20A774EH,weiweitop,china,2025-04-21T14:57:40.638259Z,(H304),已使用过的优惠券代码。
SW11YABDAYGIFT,weiweitop,china,2025-04-21T14:59:23.102013Z,(H304),已使用过的优惠券代码。
sw2025apr8c4,weiweitop,china,2025-04-21T15:00:40.167543Z,(H304),已使用过的优惠券代码。
diersaijizuiqianggh,weiweitop,china,2025-04-21T15:01:40.051077Z,(H306),无效的优惠券代码。<br/>请重新确认。
sw11yabdaygift,weiweitop,china,2025-04-21T15:02:53.694561Z,(H304),已使用过的优惠券代码。
AGAIN11TYU,samuer007,china,2025-04-25T15:45:00.392822Z,100,优惠券礼物已支付。
AGAIN11TYU,safety007,china,2025-04-25T15:46:25.742497Z,100,优惠券礼物已支付。
AGAIN11TYU,1940519852,china,2025-04-25T15:47:39.712255Z,100,优惠券礼物已支付。
AGAIN11TYU,763066,china,2025-04-25T15:48:44.076126Z,100,优惠券礼物已支付。
AGAIN11TYU,Vittical,china,2025-04-25T15:49:45.712057Z,100,优惠券礼物已支付。
AGAIN11TYU,759830,china,2025-04-25T15:51:28.396999Z,100,优惠券礼物已支付。
AGAIN11TYU,ZQLDHJ,china,2025-04-25T15:53:13.807643Z,100,优惠券礼物已支付。
AGAIN11TYU,zhang921027,china,2025-04-25T15:54:57.775539Z,100,优惠券礼物已支付。
AGAIN11TYU,hyyni1234,china,2025-04-25T15:56:28.638346Z,100,优惠券礼物已支付。
AGAIN11TYU,ZXFAILXY0322,china,2025-04-25T15:57:23.579700Z,100,优惠券礼物已支付。
AGAIN11TYU,linchao0510,china,2025-04-25T15:57:53.007414Z,100,优惠券礼物已支付。
AGAIN11TYU,gcnu2768,china,2025-04-25T15:59:56.041562Z,100,优惠券礼物已支付。
AGAIN11TYU,wwcc998,china,2025-04-25T16:01:34.990213Z,100,优惠券礼物已支付。
AGAIN11TYU,78619630,china,2025-04-25T16:03:18.889205Z,(H304),已使用过的优惠券代码。
AGAIN11TYU,jk187,china,2025-04-25T16:03:39.095374Z,(H304),已使用过的优惠券代码。
AGAIN11TYU,dshujun,china,2025-04-25T16:04:25.776008Z,100,优惠券礼物已支付。
AGAIN11TYU,kkws228,china,2025-04-25T16:05:19.067778Z,100,优惠券礼物已支付。
AGAIN11TYU,1029709109,china,2025-04-25T16:07:14.559488Z,100,优惠券礼物已支付。
AGAIN11TYU,yh.24288,china,2025-04-25T16:08:31.594736Z,(H304),已使用过的优惠券代码。
AGAIN11TYU,hedgehogss,china,2025-04-25T16:09:52.131056Z,100,优惠券礼物已支付。
AGAIN11TYU,si04172,china,2025-04-25T16:11:03.761010Z,(H304),已使用过的优惠券代码。
AGAIN11TYU,828511124,china,2025-04-25T16:12:23.082795Z,100,优惠券礼物已支付。
AGAIN11TYU,1711365230,china,2025-04-25T16:13:20.940916Z,100,优惠券礼物已支付。
AGAIN11TYU,ycshangtian,china,2025-04-25T16:14:27.532774Z,100,优惠券礼物已支付。
AGAIN11TYU,lz0319,china,2025-04-25T16:16:26.576427Z,100,优惠券礼物已支付。
AGAIN11TYU,tth578,china,2025-04-25T16:18:03.983108Z,(H304),已使用过的优惠券代码。
AGAIN11TYU,2287259,china,2025-04-25T16:18:24.764751Z,100,优惠券礼物已支付。
AGAIN11TYU,Mrc233,china,2025-04-25T16:19:18.543938Z,100,优惠券礼物已支付。
AGAIN11TYU,weiweitop,china,2025-04-25T16:21:12.120369Z,(H304),已使用过的优惠券代码。
again11tyu,samuer007,china,2025-04-28T04:14:02.475797Z,(H304),已使用过的优惠券代码。
ty4sw11th,samuer007,china,2025-04-28T04:15:40.061773Z,100,优惠券礼物已支付。
again11tyu,safety007,china,2025-04-28T04:16:25.240286Z,(H304),已使用过的优惠券代码。
again11tyu,1940519852,china,2025-04-28T04:32:59.649472Z,(H304),已使用过的优惠券代码。
ty4sw11th,1940519852,china,2025-04-28T04:34:00.011111Z,(H304),已使用过的优惠券代码。
again11tyu,763066,china,2025-04-28T04:35:33.152679Z,(H304),已使用过的优惠券代码。
ty4sw11th,763066,china,2025-04-28T04:37:09.136239Z,(H304),已使用过的优惠券代码。
again11tyu,Vittical,china,2025-04-28T04:38:51.692733Z,(H304),已使用过的优惠券代码。
ty4sw11th,Vittical,china,2025-04-28T04:39:30.938441Z,100,优惠券礼物已支付。
again11tyu,759830,china,2025-04-28T04:40:45.820500Z,(H304),已使用过的优惠券代码。
ty4sw11th,759830,china,2025-04-28T04:41:45.314212Z,(H304),已使用过的优惠券代码。
again11tyu,ZQLDHJ,china,2025-04-28T04:43:22.714791Z,(H304),已使用过的优惠券代码。
again11tyu,zhang921027,china,2025-04-28T04:52:01.333394Z,(H304),已使用过的优惠券代码。
ty4sw11th,zhang921027,china,2025-04-28T04:53:33.661233Z,(H304),已使用过的优惠券代码。
again11tyu,hyyni1234,china,2025-04-28T04:55:31.561585Z,(H304),已使用过的优惠券代码。
ty4sw11th,hyyni1234,china,2025-04-28T04:57:15.170296Z,(H304),已使用过的优惠券代码。
again11tyu,ZXFAILXY0322,china,2025-04-28T04:58:03.268824Z,(H304),已使用过的优惠券代码。
ty4sw11th,ZXFAILXY0322,china,2025-04-28T04:59:07.405261Z,(H304),已使用过的优惠券代码。
again11tyu,linchao0510,china,2025-04-28T04:59:47.114208Z,(H304),已使用过的优惠券代码。
ty4sw11th,linchao0510,china,2025-04-28T05:00:31.130486Z,(H304),已使用过的优惠券代码。
again11tyu,gcnu2768,china,2025-04-28T05:02:14.210197Z,(H304),已使用过的优惠券代码。
ty4sw11th,gcnu2768,china,2025-04-28T05:02:53.048552Z,(H304),已使用过的优惠券代码。
again11tyu,wwcc998,china,2025-04-28T05:04:23.182134Z,(H304),已使用过的优惠券代码。
ty4sw11th,wwcc998,china,2025-04-28T05:06:26.225233Z,100,优惠券礼物已支付。
ty4sw11th,78619630,china,2025-04-28T05:11:03.852650Z,(H304),已使用过的优惠券代码。
again11tyu,jk187,china,2025-04-28T05:12:09.053908Z,(H304),已使用过的优惠券代码。
ty4sw11th,jk187,china,2025-04-28T05:14:07.313278Z,(H304),已使用过的优惠券代码。
again11tyu,dshujun,china,2025-04-28T05:15:36.866889Z,(H304),已使用过的优惠券代码。
ty4sw11th,dshujun,china,2025-04-28T05:17:17.415106Z,(H304),已使用过的优惠券代码。
again11tyu,kkws228,china,2025-04-28T05:17:48.075243Z,(H304),已使用过的优惠券代码。
ty4sw11th,kkws228,china,2025-04-28T05:18:17.018387Z,(H304),已使用过的优惠券代码。
again11tyu,1029709109,china,2025-04-28T05:19:53.128689Z,(H304),已使用过的优惠券代码。
ty4sw11th,1029709109,china,2025-04-28T05:20:16.281327Z,(H304),已使用过的优惠券代码。
again11tyu,yh.24288,china,2025-04-28T05:21:51.219928Z,(H304),已使用过的优惠券代码。
ty4sw11th,yh.24288,china,2025-04-28T05:23:15.244014Z,(H304),已使用过的优惠券代码。
again11tyu,hedgehogss,china,2025-04-28T05:24:48.728635Z,(H304),已使用过的优惠券代码。
ty4sw11th,hedgehogss,china,2025-04-28T05:25:31.783163Z,(H304),已使用过的优惠券代码。
again11tyu,si04172,china,2025-04-28T05:27:09.283933Z,(H304),已使用过的优惠券代码。
ty4sw11th,si04172,china,2025-04-28T05:28:52.989729Z,(H304),已使用过的优惠券代码。
again11tyu,828511124,china,2025-04-28T05:29:37.030799Z,(H304),已使用过的优惠券代码。
again11tyu,1711365230,china,2025-04-28T05:49:02.065824Z,(H304),已使用过的优惠券代码。
ty4sw11th,1711365230,china,2025-04-28T05:50:51.945301Z,100,优惠券礼物已支付。
again11tyu,ycshangtian,china,2025-04-28T05:52:09.419334Z,(H304),已使用过的优惠券代码。
ty4sw11th,ycshangtian,china,2025-04-28T05:53:19.033986Z,(H304),已使用过的优惠券代码。
again11tyu,lz0319,china,2025-04-28T05:54:42.370018Z,(H304),已使用过的优惠券代码。
ty4sw11th,lz0319,china,2025-04-28T05:55:17.288079Z,(H304),已使用过的优惠券代码。
again11tyu,tth578,china,2025-04-28T05:56:52.654160Z,(H304),已使用过的优惠券代码。
ty4sw11th,tth578,china,2025-04-28T05:58:55.911998Z,(H304),已使用过的优惠券代码。
again11tyu,2287259,china,2025-04-28T05:59:41.858975Z,(H304),已使用过的优惠券代码。
ty4sw11th,2287259,china,2025-04-28T06:00:22.680488Z,100,优惠券礼物已支付。
again11tyu,Mrc233,china,2025-04-28T06:01:08.791965Z,(H304),已使用过的优惠券代码。
ty4sw11th,Mrc233,china,2025-04-28T06:02:51.313075Z,(H304),已使用过的优惠券代码。
again11tyu,weiweitop,china,2025-04-28T06:04:10.897452Z,(H304),已使用过的优惠券代码。
ty4sw11th,weiweitop,china,2025-04-28T06:05:13.065662Z,(H304),已使用过的优惠券代码。
swc2025willrock,samuer007,china,2025-05-03T10:12:44.264173Z,100,优惠券礼物已支付。
thesummitfinal,samuer007,china,2025-05-03T10:14:42.561927Z,100,优惠券礼物已支付。
swc2025willrock,safety007,china,2025-05-03T10:16:10.344194Z,100,优惠券礼物已支付。
thesummitfinal,safety007,china,2025-05-03T10:16:45.062940Z,100,优惠券礼物已支付。
swc2025willrock,1940519852,china,2025-05-03T10:17:45.619575Z,100,优惠券礼物已支付。
thesummitfinal,1940519852,china,2025-05-03T10:18:27.961029Z,100,优惠券礼物已支付。
swc2025willrock,763066,china,2025-05-03T10:19:29.499464Z,100,优惠券礼物已支付。
sw2025maya5q,samuer007,china,2025-05-03T10:31:43.408040Z,100,优惠券礼物已支付。
sw2025maya5q,safety007,china,2025-05-03T10:32:34.455880Z,100,优惠券礼物已支付。
sw2025maya5q,1940519852,china,2025-05-03T10:33:26.322452Z,100,优惠券礼物已支付。
sw2025maya5q,763066,china,2025-05-03T10:34:29.926585Z,100,优惠券礼物已支付。
swc2025willrock,Vittical,china,2025-05-03T10:36:33.182751Z,100,优惠券礼物已支付。
thesummitfinal,Vittical,china,2025-05-03T10:37:37.041489Z,100,优惠券礼物已支付。
sw2025maya5q,Vittical,china,2025-05-03T10:38:58.239585Z,100,优惠券礼物已支付。
swc2025willrock,759830,china,2025-05-03T10:39:58.798675Z,100,优惠券礼物已支付。
thesummitfinal,759830,china,2025-05-03T10:41:53.869620Z,100,优惠券礼物已支付。
sw2025maya5q,759830,china,2025-05-03T10:42:44.527773Z,100,优惠券礼物已支付。
swc2025willrock,ZQLDHJ,china,2025-05-03T10:44:41.690928Z,100,优惠券礼物已支付。
thesummitfinal,ZQLDHJ,china,2025-05-03T10:46:20.875530Z,100,优惠券礼物已支付。
sw2025maya5q,ZQLDHJ,china,2025-05-03T10:46:42.825888Z,100,优惠券礼物已支付。
swc2025willrock,zhang921027,china,2025-05-03T10:48:17.525514Z,100,优惠券礼物已支付。
thesummitfinal,zhang921027,china,2025-05-03T10:49:58.614998Z,100,优惠券礼物已支付。
sw2025maya5q,zhang921027,china,2025-05-03T10:51:04.535144Z,100,优惠券礼物已支付。
swc2025willrock,hyyni1234,china,2025-05-03T10:52:00.198424Z,100,优惠券礼物已支付。
thesummitfinal,hyyni1234,china,2025-05-03T10:53:04.523772Z,100,优惠券礼物已支付。
swc2025willrock,ZXFAILXY0322,china,2025-05-03T11:09:42.970653Z,100,优惠券礼物已支付。
thesummitfinal,ZXFAILXY0322,china,2025-05-03T11:11:46.632909Z,100,优惠券礼物已支付。
sw2025maya5q,ZXFAILXY0322,china,2025-05-03T11:13:48.903680Z,100,优惠券礼物已支付。
swc2025willrock,linchao0510,china,2025-05-03T11:14:12.302417Z,100,优惠券礼物已支付。
thesummitfinal,linchao0510,china,2025-05-03T11:15:11.669690Z,100,优惠券礼物已支付。
sw2025maya5q,linchao0510,china,2025-05-03T11:17:10.651319Z,100,优惠券礼物已支付。
swc2025willrock,gcnu2768,china,2025-05-03T11:18:37.694727Z,100,优惠券礼物已支付。
thesummitfinal,gcnu2768,china,2025-05-03T11:20:29.289459Z,100,优惠券礼物已支付。
sw2025maya5q,gcnu2768,china,2025-05-03T11:22:15.632732Z,100,优惠券礼物已支付。
swc2025willrock,wwcc998,china,2025-05-03T11:22:53.067845Z,100,优惠券礼物已支付。
thesummitfinal,wwcc998,china,2025-05-03T11:24:24.160149Z,100,优惠券礼物已支付。
sw2025maya5q,wwcc998,china,2025-05-03T11:25:28.691206Z,100,优惠券礼物已支付。
swc2025willrock,78619630,china,2025-05-03T11:27:36.273060Z,100,优惠券礼物已支付。
sw2025maya5q,78619630,china,2025-05-03T11:47:45.738880Z,100,优惠券礼物已支付。
swc2025willrock,jk187,china,2025-05-03T11:48:39.065235Z,100,优惠券礼物已支付。
thesummitfinal,jk187,china,2025-05-03T11:50:40.613570Z,100,优惠券礼物已支付。
sw2025maya5q,jk187,china,2025-05-03T11:52:03.690686Z,(H304),已使用过的优惠券代码。
swc2025willrock,dshujun,china,2025-05-03T11:54:07.302875Z,100,优惠券礼物已支付。
thesummitfinal,dshujun,china,2025-05-03T11:54:58.485396Z,100,优惠券礼物已支付。
sw2025maya5q,dshujun,china,2025-05-03T11:55:51.167113Z,100,优惠券礼物已支付。
swc2025willrock,kkws228,china,2025-05-03T11:56:27.287338Z,100,优惠券礼物已支付。
thesummitfinal,kkws228,china,2025-05-03T11:57:26.186517Z,100,优惠券礼物已支付。
sw2025maya5q,kkws228,china,2025-05-03T11:57:52.594369Z,(H304),已使用过的优惠券代码。
swc2025willrock,1029709109,china,2025-05-03T11:58:15.276594Z,100,优惠券礼物已支付。
thesummitfinal,1029709109,china,2025-05-03T12:00:03.443176Z,100,优惠券礼物已支付。
sw2025maya5q,1029709109,china,2025-05-03T12:02:00.872354Z,100,优惠券礼物已支付。
swc2025willrock,yh.24288,china,2025-05-03T12:02:50.459349Z,(H304),已使用过的优惠券代码。
thesummitfinal,yh.24288,china,2025-05-03T12:04:23.847233Z,(H304),已使用过的优惠券代码。
sw2025maya5q,yh.24288,china,2025-05-03T12:05:57.329323Z,(H304),已使用过的优惠券代码。
swc2025willrock,hedgehogss,china,2025-05-03T12:07:19.490479Z,100,优惠券礼物已支付。
sw2025maya5q,hedgehogss,china,2025-05-03T12:25:45.194360Z,100,优惠券礼物已支付。
swc2025willrock,si04172,china,2025-05-03T12:26:22.640194Z,100,优惠券礼物已支付。
thesummitfinal,si04172,china,2025-05-03T12:27:18.756432Z,100,优惠券礼物已支付。
sw2025maya5q,si04172,china,2025-05-03T12:29:23.276057Z,100,优惠券礼物已支付。
swc2025willrock,828511124,china,2025-05-03T12:31:18.740320Z,100,优惠券礼物已支付。
thesummitfinal,828511124,china,2025-05-03T12:31:52.313508Z,100,优惠券礼物已支付。
sw2025maya5q,828511124,china,2025-05-03T12:33:24.014451Z,100,优惠券礼物已支付。
swc2025willrock,1711365230,china,2025-05-03T12:35:17.309978Z,100,优惠券礼物已支付。
thesummitfinal,1711365230,china,2025-05-03T12:36:17.253252Z,100,优惠券礼物已支付。
sw2025maya5q,1711365230,china,2025-05-03T12:38:19.687523Z,100,优惠券礼物已支付。
swc2025willrock,ycshangtian,china,2025-05-03T12:39:08.814378Z,(H304),已使用过的优惠券代码。
thesummitfinal,ycshangtian,china,2025-05-03T12:39:47.801522Z,(H304),已使用过的优惠券代码。
sw2025maya5q,ycshangtian,china,2025-05-03T12:41:15.833392Z,(H304),已使用过的优惠券代码。
swc2025willrock,lz0319,china,2025-05-03T12:42:19.616334Z,100,优惠券礼物已支付。
thesummitfinal,lz0319,china,2025-05-03T12:42:42.438306Z,100,优惠券礼物已支付。
sw2025maya5q,lz0319,china,2025-05-03T12:44:50.215963Z,100,优惠券礼物已支付。
swc2025willrock,tth578,china,2025-05-03T12:45:50.238810Z,100,优惠券礼物已支付。
thesummitfinal,tth578,china,2025-05-03T12:46:16.707119Z,100,优惠券礼物已支付。
sw2025maya5q,tth578,china,2025-05-03T12:46:48.740820Z,100,优惠券礼物已支付。
swc2025willrock,2287259,china,2025-05-03T12:47:35.206910Z,(H304),已使用过的优惠券代码。
thesummitfinal,2287259,china,2025-05-03T12:49:12.536784Z,(H304),已使用过的优惠券代码。
sw2025maya5q,2287259,china,2025-05-03T12:49:56.825228Z,100,优惠券礼物已支付。
swc2025willrock,Mrc233,china,2025-05-03T12:52:00.461279Z,(H304),已使用过的优惠券代码。
thesummitfinal,Mrc233,china,2025-05-03T12:53:29.112856Z,(H304),已使用过的优惠券代码。
sw2025maya5q,Mrc233,china,2025-05-03T12:54:07.689556Z,(H304),已使用过的优惠券代码。
swc2025willrock,weiweitop,china,2025-05-03T12:55:39.377237Z,100,优惠券礼物已支付。
thesummitfinal,weiweitop,china,2025-05-03T12:57:35.740185Z,100,优惠券礼物已支付。
sw2025maya5q,weiweitop,china,2025-05-03T12:58:01.235218Z,(H304),已使用过的优惠券代码。
LEAGUEGROUPA,samuer007,china,2025-05-10T18:16:54.585270Z,100,优惠券礼物已支付。
LEAGUEGROUPA,safety007,china,2025-05-10T18:18:38.789815Z,100,优惠券礼物已支付。
LEAGUEGROUPA,1940519852,china,2025-05-10T18:19:11.278878Z,100,优惠券礼物已支付。
LEAGUEGROUPA,763066,china,2025-05-10T18:20:32.727978Z,100,优惠券礼物已支付。
LEAGUEGROUPA,Vittical,china,2025-05-10T18:21:33.064762Z,100,优惠券礼物已支付。
LEAGUEGROUPA,759830,china,2025-05-10T18:23:01.470742Z,100,优惠券礼物已支付。
LEAGUEGROUPA,ZQLDHJ,china,2025-05-10T18:23:52.344505Z,100,优惠券礼物已支付。
LEAGUEGROUPA,zhang921027,china,2025-05-10T18:24:50.908838Z,100,优惠券礼物已支付。
LEAGUEGROUPA,hyyni1234,china,2025-05-10T18:26:50.013311Z,100,优惠券礼物已支付。
LEAGUEGROUPA,ZXFAILXY0322,china,2025-05-10T18:27:31.908349Z,100,优惠券礼物已支付。
LEAGUEGROUPA,linchao0510,china,2025-05-10T18:28:47.059414Z,100,优惠券礼物已支付。
LEAGUEGROUPA,gcnu2768,china,2025-05-10T18:30:27.851246Z,100,优惠券礼物已支付。
LEAGUEGROUPA,wwcc998,china,2025-05-10T18:32:30.761887Z,100,优惠券礼物已支付。
LEAGUEGROUPA,78619630,china,2025-05-10T18:34:16.837182Z,100,优惠券礼物已支付。
LEAGUEGROUPA,jk187,china,2025-05-10T18:34:58.377866Z,100,优惠券礼物已支付。
LEAGUEGROUPA,dshujun,china,2025-05-10T18:35:56.323107Z,100,优惠券礼物已支付。
LEAGUEGROUPA,kkws228,china,2025-05-10T18:37:55.002769Z,100,优惠券礼物已支付。
LEAGUEGROUPA,1029709109,china,2025-05-10T18:39:58.670570Z,100,优惠券礼物已支付。
LEAGUEGROUPA,yh.24288,china,2025-05-10T18:41:49.180360Z,100,优惠券礼物已支付。
LEAGUEGROUPA,hedgehogss,china,2025-05-10T18:42:14.960973Z,100,优惠券礼物已支付。
LEAGUEGROUPA,si04172,china,2025-05-10T18:43:32.034547Z,100,优惠券礼物已支付。
LEAGUEGROUPA,828511124,china,2025-05-10T18:45:10.917113Z,100,优惠券礼物已支付。
LEAGUEGROUPA,1711365230,china,2025-05-10T18:47:17.045118Z,100,优惠券礼物已支付。
LEAGUEGROUPA,ycshangtian,china,2025-05-10T18:48:42.403884Z,100,优惠券礼物已支付。
LEAGUEGROUPA,lz0319,china,2025-05-10T18:50:08.399769Z,100,优惠券礼物已支付。
LEAGUEGROUPA,tth578,china,2025-05-10T18:50:45.448183Z,100,优惠券礼物已支付。
LEAGUEGROUPA,2287259,china,2025-05-10T18:51:49.718135Z,100,优惠券礼物已支付。
LEAGUEGROUPA,Mrc233,china,2025-05-10T18:53:43.846850Z,100,优惠券礼物已支付。
LEAGUEGROUPA,weiweitop,china,2025-05-10T18:54:28.897407Z,100,优惠券礼物已支付。
WINTHISGROUP,samuer007,china,2025-05-11T21:12:02.216239Z,100,优惠券礼物已支付。
WINTHISGROUP,safety007,china,2025-05-11T21:13:09.259942Z,100,优惠券礼物已支付。
WINTHISGROUP,1940519852,china,2025-05-11T21:14:22.098206Z,100,优惠券礼物已支付。
WINTHISGROUP,763066,china,2025-05-11T21:15:18.272165Z,100,优惠券礼物已支付。
WINTHISGROUP,Vittical,china,2025-05-11T21:17:00.476311Z,100,优惠券礼物已支付。
WINTHISGROUP,759830,china,2025-05-11T21:18:23.751356Z,100,优惠券礼物已支付。
WINTHISGROUP,ZQLDHJ,china,2025-05-11T21:20:02.679414Z,100,优惠券礼物已支付。
WINTHISGROUP,zhang921027,china,2025-05-11T21:21:09.018009Z,100,优惠券礼物已支付。
WINTHISGROUP,hyyni1234,china,2025-05-11T21:23:11.109507Z,100,优惠券礼物已支付。
WINTHISGROUP,ZXFAILXY0322,china,2025-05-11T21:24:27.775060Z,100,优惠券礼物已支付。
WINTHISGROUP,linchao0510,china,2025-05-11T21:25:38.727128Z,100,优惠券礼物已支付。
WINTHISGROUP,gcnu2768,china,2025-05-11T21:26:00.038213Z,100,优惠券礼物已支付。
WINTHISGROUP,wwcc998,china,2025-05-11T21:27:10.043619Z,100,优惠券礼物已支付。
WINTHISGROUP,78619630,china,2025-05-11T21:29:14.195722Z,100,优惠券礼物已支付。
WINTHISGROUP,jk187,china,2025-05-11T21:29:49.020390Z,100,优惠券礼物已支付。
WINTHISGROUP,dshujun,china,2025-05-11T21:31:57.279411Z,100,优惠券礼物已支付。
WINTHISGROUP,kkws228,china,2025-05-11T21:32:47.848548Z,100,优惠券礼物已支付。
WINTHISGROUP,1029709109,china,2025-05-11T21:34:12.088801Z,100,优惠券礼物已支付。
WINTHISGROUP,yh.24288,china,2025-05-11T21:35:51.983398Z,(H304),已使用过的优惠券代码。
WINTHISGROUP,hedgehogss,china,2025-05-11T21:37:14.219339Z,100,优惠券礼物已支付。
WINTHISGROUP,si04172,china,2025-05-11T21:38:21.055573Z,100,优惠券礼物已支付。
WINTHISGROUP,828511124,china,2025-05-11T21:38:47.031819Z,100,优惠券礼物已支付。
WINTHISGROUP,1711365230,china,2025-05-11T21:39:55.891842Z,100,优惠券礼物已支付。
WINTHISGROUP,ycshangtian,china,2025-05-11T21:40:35.320762Z,100,优惠券礼物已支付。
WINTHISGROUP,tth578,china,2025-05-11T21:49:55.543198Z,(H305),无效的优惠券代码。<br/>请重新确认。
WINTHISGROUP,2287259,china,2025-05-11T21:50:35.509300Z,(H305),无效的优惠券代码。<br/>请重新确认。
WINTHISGROUP,Mrc233,china,2025-05-11T21:51:08.732625Z,(H305),无效的优惠券代码。<br/>请重新确认。
WINTHISGROUP,weiweitop,china,2025-05-11T21:52:58.984554Z,(H305),无效的优惠券代码。<br/>请重新确认。
proveyourpower,samuer007,china,2025-05-17T19:42:00.355762Z,100,优惠券礼物已支付。
proveyourpower,safety007,china,2025-05-17T19:42:45.625999Z,100,优惠券礼物已支付。
proveyourpower,1940519852,china,2025-05-17T19:43:32.514932Z,100,优惠券礼物已支付。
proveyourpower,763066,china,2025-05-17T19:44:34.771231Z,100,优惠券礼物已支付。
proveyourpower,Vittical,china,2025-05-17T19:46:17.048469Z,100,优惠券礼物已支付。
proveyourpower,759830,china,2025-05-17T19:47:05.273119Z,100,优惠券礼物已支付。
proveyourpower,ZQLDHJ,china,2025-05-17T19:47:41.327420Z,100,优惠券礼物已支付。
proveyourpower,zhang921027,china,2025-05-17T19:48:56.500902Z,100,优惠券礼物已支付。
proveyourpower,hyyni1234,china,2025-05-17T19:50:00.823936Z,100,优惠券礼物已支付。
proveyourpower,ZXFAILXY0322,china,2025-05-17T19:51:51.444204Z,100,优惠券礼物已支付。
proveyourpower,linchao0510,china,2025-05-17T19:52:20.374595Z,100,优惠券礼物已支付。
proveyourpower,gcnu2768,china,2025-05-17T19:53:24.668923Z,100,优惠券礼物已支付。
proveyourpower,wwcc998,china,2025-05-17T19:54:13.948561Z,100,优惠券礼物已支付。
proveyourpower,78619630,china,2025-05-17T19:55:20.415392Z,100,优惠券礼物已支付。
proveyourpower,jk187,china,2025-05-17T19:56:47.298642Z,(H304),已使用过的优惠券代码。
proveyourpower,dshujun,china,2025-05-17T19:57:53.064897Z,(H304),已使用过的优惠券代码。
proveyourpower,kkws228,china,2025-05-17T19:59:18.340705Z,100,优惠券礼物已支付。
proveyourpower,1029709109,china,2025-05-17T20:01:05.804919Z,100,优惠券礼物已支付。
proveyourpower,yh.24288,china,2025-05-17T20:02:30.490892Z,(H304),已使用过的优惠券代码。
proveyourpower,hedgehogss,china,2025-05-17T20:03:44.096891Z,100,优惠券礼物已支付。
proveyourpower,si04172,china,2025-05-17T20:05:17.316609Z,100,优惠券礼物已支付。
proveyourpower,828511124,china,2025-05-17T20:06:02.980848Z,100,优惠券礼物已支付。
proveyourpower,1711365230,china,2025-05-17T20:07:11.358859Z,100,优惠券礼物已支付。
proveyourpower,ycshangtian,china,2025-05-17T20:09:13.083326Z,100,优惠券礼物已支付。
proveyourpower,lz0319,china,2025-05-17T20:11:20.786578Z,100,优惠券礼物已支付。
proveyourpower,tth578,china,2025-05-17T20:12:44.496761Z,100,优惠券礼物已支付。
proveyourpower,2287259,china,2025-05-17T20:13:09.265495Z,100,优惠券礼物已支付。
proveyourpower,Mrc233,china,2025-05-17T20:14:06.978998Z,100,优惠券礼物已支付。
proveyourpower,weiweitop,china,2025-05-17T20:14:42.009210Z,100,优惠券礼物已支付。
PLFINALS24MAY,samuer007,china,2025-05-18T20:05:00.614327Z,(H305),无效的优惠券代码。<br/>请重新确认。
PLFINALS24MAY,safety007,china,2025-05-18T20:06:36.024654Z,(H305),无效的优惠券代码。<br/>请重新确认。
PLFINALS24MAY,1940519852,china,2025-05-18T20:08:12.582142Z,(H305),无效的优惠券代码。<br/>请重新确认。
PLFINALS24MAY,763066,china,2025-05-18T20:09:57.015767Z,(H305),无效的优惠券代码。<br/>请重新确认。
PLFINALS24MAY,Vittical,china,2025-05-18T20:11:53.060875Z,(H305),无效的优惠券代码。<br/>请重新确认。
PLFINALS24MAY,759830,china,2025-05-18T20:12:37.252033Z,(H305),无效的优惠券代码。<br/>请重新确认。
PLFINALS24MAY,ZQLDHJ,china,2025-05-18T20:14:04.509079Z,(H305),无效的优惠券代码。<br/>请重新确认。
PLFINALS24MAY,zhang921027,china,2025-05-18T20:14:39.688747Z,(H305),无效的优惠券代码。<br/>请重新确认。
PLFINALS24MAY,hyyni1234,china,2025-05-18T20:16:39.096734Z,(H305),无效的优惠券代码。<br/>请重新确认。
PLFINALS24MAY,ZXFAILXY0322,china,2025-05-18T20:17:24.842361Z,(H305),无效的优惠券代码。<br/>请重新确认。
PLFINALS24MAY,linchao0510,china,2025-05-18T20:19:06.910438Z,(H305),无效的优惠券代码。<br/>请重新确认。
PLFINALS24MAY,gcnu2768,china,2025-05-18T20:20:00.367570Z,(H305),无效的优惠券代码。<br/>请重新确认。
PLFINALS24MAY,wwcc998,china,2025-05-18T20:21:12.921989Z,(H305),无效的优惠券代码。<br/>请重新确认。
PLFINALS24MAY,78619630,china,2025-05-18T20:22:04.153332Z,(H305),无效的优惠券代码。<br/>请重新确认。
PLFINALS24MAY,jk187,china,2025-05-18T20:23:16.768328Z,(H305),无效的优惠券代码。<br/>请重新确认。
PLFINALS24MAY,dshujun,china,2025-05-18T20:23:47.794653Z,(H305),无效的优惠券代码。<br/>请重新确认。
PLFINALS24MAY,kkws228,china,2025-05-18T20:25:22.311453Z,(H305),无效的优惠券代码。<br/>请重新确认。
PLFINALS24MAY,1029709109,china,2025-05-18T20:26:25.417027Z,(H305),无效的优惠券代码。<br/>请重新确认。
PLFINALS24MAY,yh.24288,china,2025-05-18T20:27:22.598945Z,(H304),已使用过的优惠券代码。
PLFINALS24MAY,hedgehogss,china,2025-05-18T20:28:48.349655Z,(H305),无效的优惠券代码。<br/>请重新确认。
PLFINALS24MAY,si04172,china,2025-05-18T20:30:29.793210Z,(H305),无效的优惠券代码。<br/>请重新确认。
PLFINALS24MAY,828511124,china,2025-05-18T20:31:16.194292Z,(H305),无效的优惠券代码。<br/>请重新确认。
PLFINALS24MAY,1711365230,china,2025-05-18T20:31:41.996164Z,(H305),无效的优惠券代码。<br/>请重新确认。
PLFINALS24MAY,ycshangtian,china,2025-05-18T20:33:20.499950Z,(H304),已使用过的优惠券代码。
PLFINALS24MAY,lz0319,china,2025-05-18T20:35:02.298236Z,(H305),无效的优惠券代码。<br/>请重新确认。
PLFINALS24MAY,tth578,china,2025-05-18T20:35:41.667938Z,(H305),无效的优惠券代码。<br/>请重新确认。
PLFINALS24MAY,2287259,china,2025-05-18T20:36:19.412120Z,(H305),无效的优惠券代码。<br/>请重新确认。
PLFINALS24MAY,Mrc233,china,2025-05-18T20:37:39.133899Z,(H304),已使用过的优惠券代码。
PLFINALS24MAY,weiweitop,china,2025-05-18T20:38:53.714911Z,(H305),无效的优惠券代码。<br/>请重新确认。
ENGSCR10Y11,samuer007,china,2025-05-20T13:53:01.125108Z,100,优惠券礼物已支付。
ENGSCR10Y11,safety007,china,2025-05-20T13:54:03.133386Z,100,优惠券礼物已支付。
ENGSCR10Y11,1940519852,china,2025-05-20T13:55:06.195300Z,100,优惠券礼物已支付。
ENGSCR10Y11,763066,china,2025-05-20T13:56:27.799371Z,100,优惠券礼物已支付。
ENGSCR10Y11,Vittical,china,2025-05-20T13:57:05.748056Z,100,优惠券礼物已支付。
ENGSCR10Y11,759830,china,2025-05-20T13:58:05.930727Z,100,优惠券礼物已支付。
ENGSCR10Y11,ZQLDHJ,china,2025-05-20T13:58:51.730662Z,100,优惠券礼物已支付。
ENGSCR10Y11,zhang921027,china,2025-05-20T13:59:30.599801Z,100,优惠券礼物已支付。
ENGSCR10Y11,hyyni1234,china,2025-05-20T14:00:52.632677Z,100,优惠券礼物已支付。
ENGSCR10Y11,ZXFAILXY0322,china,2025-05-20T14:02:53.999768Z,100,优惠券礼物已支付。
ENGSCR10Y11,linchao0510,china,2025-05-20T14:03:56.626601Z,100,优惠券礼物已支付。
ENGSCR10Y11,gcnu2768,china,2025-05-20T14:05:45.466697Z,100,优惠券礼物已支付。
ENGSCR10Y11,wwcc998,china,2025-05-20T14:07:31.266744Z,100,优惠券礼物已支付。
ENGSCR10Y11,78619630,china,2025-05-20T14:08:46.743787Z,100,优惠券礼物已支付。
ENGSCR10Y11,jk187,china,2025-05-20T14:10:40.293786Z,100,优惠券礼物已支付。
ENGSCR10Y11,dshujun,china,2025-05-20T14:11:34.801213Z,100,优惠券礼物已支付。
ENGSCR10Y11,kkws228,china,2025-05-20T14:13:14.188236Z,100,优惠券礼物已支付。
ENGSCR10Y11,1029709109,china,2025-05-20T14:14:07.981770Z,100,优惠券礼物已支付。
ENGSCR10Y11,yh.24288,china,2025-05-20T14:14:34.468983Z,(H304),已使用过的优惠券代码。
ENGSCR10Y11,hedgehogss,china,2025-05-20T14:16:04.712448Z,100,优惠券礼物已支付。
ENGSCR10Y11,si04172,china,2025-05-20T14:17:59.931187Z,100,优惠券礼物已支付。
ENGSCR10Y11,828511124,china,2025-05-20T14:19:15.236142Z,(H304),已使用过的优惠券代码。
ENGSCR10Y11,1711365230,china,2025-05-20T14:20:17.635115Z,100,优惠券礼物已支付。
ENGSCR10Y11,ycshangtian,china,2025-05-20T14:21:27.549801Z,(H304),已使用过的优惠券代码。
ENGSCR10Y11,lz0319,china,2025-05-20T14:22:46.899957Z,100,优惠券礼物已支付。
ENGSCR10Y11,tth578,china,2025-05-20T14:23:58.823293Z,(H304),已使用过的优惠券代码。
ENGSCR10Y11,2287259,china,2025-05-20T14:25:12.893925Z,(H304),已使用过的优惠券代码。
ENGSCR10Y11,Mrc233,china,2025-05-20T14:27:07.605185Z,100,优惠券礼物已支付。
ENGSCR10Y11,weiweitop,china,2025-05-20T14:28:38.512657Z,100,优惠券礼物已支付。
2025SWLAIJINGCHENG,samuer007,china,2025-05-24T18:34:54.713767Z,100,优惠券礼物已支付。
YAOSHANTAIWULE,samuer007,china,2025-05-24T18:35:41.083116Z,100,优惠券礼物已支付。
allstararehere,samuer007,china,2025-05-24T18:36:35.007147Z,100,优惠券礼物已支付。
PLCHAMPION24,samuer007,china,2025-05-24T18:37:04.038283Z,100,优惠券礼物已支付。
2025SWLAIJINGCHENG,safety007,china,2025-05-24T18:39:09.001012Z,100,优惠券礼物已支付。
YAOSHANTAIWULE,safety007,china,2025-05-24T18:40:34.185356Z,100,优惠券礼物已支付。
allstararehere,safety007,china,2025-05-24T18:41:26.813625Z,100,优惠券礼物已支付。
PLCHAMPION24,safety007,china,2025-05-24T18:42:35.352508Z,100,优惠券礼物已支付。
2025SWLAIJINGCHENG,1940519852,china,2025-05-24T18:43:24.916545Z,100,优惠券礼物已支付。
YAOSHANTAIWULE,1940519852,china,2025-05-24T18:44:42.152659Z,100,优惠券礼物已支付。
allstararehere,1940519852,china,2025-05-24T18:46:12.949271Z,100,优惠券礼物已支付。
PLCHAMPION24,1940519852,china,2025-05-24T18:48:13.849001Z,100,优惠券礼物已支付。
2025SWLAIJINGCHENG,763066,china,2025-05-24T18:49:34.804363Z,(H304),已使用过的优惠券代码。
YAOSHANTAIWULE,763066,china,2025-05-24T18:50:36.850107Z,100,优惠券礼物已支付。
allstararehere,763066,china,2025-05-24T18:51:19.379280Z,100,优惠券礼物已支付。
PLCHAMPION24,763066,china,2025-05-24T18:52:43.054585Z,100,优惠券礼物已支付。
2025SWLAIJINGCHENG,Vittical,china,2025-05-24T18:54:10.603947Z,100,优惠券礼物已支付。
YAOSHANTAIWULE,Vittical,china,2025-05-24T18:56:13.002275Z,100,优惠券礼物已支付。
allstararehere,Vittical,china,2025-05-24T18:57:58.848912Z,100,优惠券礼物已支付。
PLCHAMPION24,Vittical,china,2025-05-24T18:58:54.289567Z,100,优惠券礼物已支付。
2025SWLAIJINGCHENG,759830,china,2025-05-24T19:00:24.366775Z,100,优惠券礼物已支付。
YAOSHANTAIWULE,759830,china,2025-05-24T19:01:53.057518Z,100,优惠券礼物已支付。
allstararehere,759830,china,2025-05-24T19:03:59.852633Z,100,优惠券礼物已支付。
PLCHAMPION24,759830,china,2025-05-24T19:05:10.237514Z,100,优惠券礼物已支付。
2025SWLAIJINGCHENG,ZQLDHJ,china,2025-05-24T19:06:01.289187Z,100,优惠券礼物已支付。
YAOSHANTAIWULE,ZQLDHJ,china,2025-05-24T19:07:38.153055Z,100,优惠券礼物已支付。
allstararehere,ZQLDHJ,china,2025-05-24T19:09:29.434096Z,100,优惠券礼物已支付。
PLCHAMPION24,ZQLDHJ,china,2025-05-24T19:10:20.911886Z,100,优惠券礼物已支付。
2025SWLAIJINGCHENG,zhang921027,china,2025-05-24T19:11:50.040548Z,100,优惠券礼物已支付。
YAOSHANTAIWULE,zhang921027,china,2025-05-24T19:12:49.313548Z,100,优惠券礼物已支付。
allstararehere,zhang921027,china,2025-05-24T19:14:03.923165Z,100,优惠券礼物已支付。
PLCHAMPION24,zhang921027,china,2025-05-24T19:15:31.738160Z,100,优惠券礼物已支付。
2025SWLAIJINGCHENG,hyyni1234,china,2025-05-24T19:17:03.402680Z,100,优惠券礼物已支付。
YAOSHANTAIWULE,hyyni1234,china,2025-05-24T19:18:26.429480Z,100,优惠券礼物已支付。
allstararehere,hyyni1234,china,2025-05-24T19:20:22.717487Z,100,优惠券礼物已支付。
PLCHAMPION24,hyyni1234,china,2025-05-24T19:20:50.375823Z,100,优惠券礼物已支付。
2025SWLAIJINGCHENG,ZXFAILXY0322,china,2025-05-24T19:22:48.256230Z,100,优惠券礼物已支付。
YAOSHANTAIWULE,ZXFAILXY0322,china,2025-05-24T19:24:20.988784Z,100,优惠券礼物已支付。
allstararehere,ZXFAILXY0322,china,2025-05-24T19:26:14.891958Z,100,优惠券礼物已支付。
PLCHAMPION24,ZXFAILXY0322,china,2025-05-24T19:26:37.981380Z,100,优惠券礼物已支付。
2025SWLAIJINGCHENG,linchao0510,china,2025-05-24T19:27:24.553432Z,100,优惠券礼物已支付。
YAOSHANTAIWULE,linchao0510,china,2025-05-24T19:28:03.832513Z,100,优惠券礼物已支付。
allstararehere,linchao0510,china,2025-05-24T19:28:49.544088Z,100,优惠券礼物已支付。
PLCHAMPION24,linchao0510,china,2025-05-24T19:30:47.635422Z,100,优惠券礼物已支付。
2025SWLAIJINGCHENG,gcnu2768,china,2025-05-24T19:31:18.639786Z,100,优惠券礼物已支付。
YAOSHANTAIWULE,gcnu2768,china,2025-05-24T19:32:20.621304Z,100,优惠券礼物已支付。
allstararehere,gcnu2768,china,2025-05-24T19:33:31.129885Z,100,优惠券礼物已支付。
PLCHAMPION24,gcnu2768,china,2025-05-24T19:34:37.598121Z,100,优惠券礼物已支付。
2025SWLAIJINGCHENG,wwcc998,china,2025-05-24T19:35:03.440638Z,100,优惠券礼物已支付。
YAOSHANTAIWULE,wwcc998,china,2025-05-24T19:37:03.986966Z,100,优惠券礼物已支付。
allstararehere,wwcc998,china,2025-05-24T19:38:42.823036Z,100,优惠券礼物已支付。
PLCHAMPION24,wwcc998,china,2025-05-24T19:39:37.487292Z,100,优惠券礼物已支付。
2025SWLAIJINGCHENG,78619630,china,2025-05-24T19:40:24.543329Z,(H304),已使用过的优惠券代码。
YAOSHANTAIWULE,78619630,china,2025-05-24T19:41:39.423027Z,(H304),已使用过的优惠券代码。
allstararehere,78619630,china,2025-05-24T19:43:45.486017Z,(H304),已使用过的优惠券代码。
PLCHAMPION24,78619630,china,2025-05-24T19:44:22.769951Z,(H304),已使用过的优惠券代码。
2025SWLAIJINGCHENG,jk187,china,2025-05-24T19:45:46.585428Z,(H304),已使用过的优惠券代码。
YAOSHANTAIWULE,jk187,china,2025-05-24T19:46:31.050218Z,(H304),已使用过的优惠券代码。
allstararehere,jk187,china,2025-05-24T19:48:02.866003Z,(H304),已使用过的优惠券代码。
PLCHAMPION24,jk187,china,2025-05-24T19:49:38.496537Z,(H304),已使用过的优惠券代码。
2025SWLAIJINGCHENG,dshujun,china,2025-05-24T19:50:39.973221Z,(H304),已使用过的优惠券代码。
YAOSHANTAIWULE,dshujun,china,2025-05-24T19:52:13.325481Z,(H304),已使用过的优惠券代码。
allstararehere,dshujun,china,2025-05-24T19:54:14.984115Z,(H304),已使用过的优惠券代码。
PLCHAMPION24,dshujun,china,2025-05-24T19:55:48.070752Z,(H304),已使用过的优惠券代码。
2025SWLAIJINGCHENG,kkws228,china,2025-05-24T19:56:45.327919Z,(H304),已使用过的优惠券代码。
YAOSHANTAIWULE,kkws228,china,2025-05-24T19:57:42.249695Z,(H304),已使用过的优惠券代码。
allstararehere,kkws228,china,2025-05-24T19:59:46.009455Z,100,优惠券礼物已支付。
PLCHAMPION24,kkws228,china,2025-05-24T20:01:22.277558Z,100,优惠券礼物已支付。
2025SWLAIJINGCHENG,1029709109,china,2025-05-24T20:03:28.513110Z,(H304),已使用过的优惠券代码。
YAOSHANTAIWULE,1029709109,china,2025-05-24T20:04:21.268482Z,100,优惠券礼物已支付。
allstararehere,1029709109,china,2025-05-24T20:05:57.507771Z,100,优惠券礼物已支付。
PLCHAMPION24,1029709109,china,2025-05-24T20:06:37.000908Z,100,优惠券礼物已支付。
2025SWLAIJINGCHENG,yh.24288,china,2025-05-24T20:07:27.433274Z,(H304),已使用过的优惠券代码。
YAOSHANTAIWULE,yh.24288,china,2025-05-24T20:09:26.160580Z,(H304),已使用过的优惠券代码。
allstararehere,yh.24288,china,2025-05-24T20:09:58.415910Z,(H304),已使用过的优惠券代码。
PLCHAMPION24,yh.24288,china,2025-05-24T20:12:00.190195Z,(H304),已使用过的优惠券代码。
2025SWLAIJINGCHENG,hedgehogss,china,2025-05-24T20:13:41.972871Z,(H304),已使用过的优惠券代码。
YAOSHANTAIWULE,hedgehogss,china,2025-05-24T20:14:37.341136Z,(H304),已使用过的优惠券代码。
allstararehere,hedgehogss,china,2025-05-24T20:16:26.330920Z,100,优惠券礼物已支付。
PLCHAMPION24,hedgehogss,china,2025-05-24T20:17:12.781115Z,100,优惠券礼物已支付。
2025SWLAIJINGCHENG,si04172,china,2025-05-24T20:18:31.485610Z,100,优惠券礼物已支付。
YAOSHANTAIWULE,si04172,china,2025-05-24T20:20:05.179441Z,100,优惠券礼物已支付。
allstararehere,si04172,china,2025-05-24T20:21:39.124637Z,100,优惠券礼物已支付。
PLCHAMPION24,si04172,china,2025-05-24T20:22:54.946580Z,100,优惠券礼物已支付。
2025SWLAIJINGCHENG,828511124,china,2025-05-24T20:23:54.335127Z,(H304),已使用过的优惠券代码。
YAOSHANTAIWULE,828511124,china,2025-05-24T20:24:27.245041Z,(H304),已使用过的优惠券代码。
allstararehere,828511124,china,2025-05-24T20:26:21.525673Z,100,优惠券礼物已支付。
PLCHAMPION24,828511124,china,2025-05-24T20:28:13.283556Z,(H304),已使用过的优惠券代码。
2025SWLAIJINGCHENG,1711365230,china,2025-05-24T20:29:00.715649Z,100,优惠券礼物已支付。
YAOSHANTAIWULE,1711365230,china,2025-05-24T20:30:45.607305Z,100,优惠券礼物已支付。
allstararehere,1711365230,china,2025-05-24T20:32:25.974549Z,100,优惠券礼物已支付。
PLCHAMPION24,1711365230,china,2025-05-24T20:34:27.249685Z,100,优惠券礼物已支付。
2025SWLAIJINGCHENG,ycshangtian,china,2025-05-24T20:36:20.219233Z,(H304),已使用过的优惠券代码。
YAOSHANTAIWULE,ycshangtian,china,2025-05-24T20:38:14.503946Z,(H304),已使用过的优惠券代码。
allstararehere,ycshangtian,china,2025-05-24T20:39:49.343135Z,100,优惠券礼物已支付。
PLCHAMPION24,ycshangtian,china,2025-05-24T20:40:58.433861Z,100,优惠券礼物已支付。
2025SWLAIJINGCHENG,lz0319,china,2025-05-24T20:42:20.026295Z,100,优惠券礼物已支付。
YAOSHANTAIWULE,lz0319,china,2025-05-24T20:43:09.706404Z,100,优惠券礼物已支付。
allstararehere,lz0319,china,2025-05-24T20:44:53.930456Z,100,优惠券礼物已支付。
PLCHAMPION24,lz0319,china,2025-05-24T20:45:32.150503Z,100,优惠券礼物已支付。
2025SWLAIJINGCHENG,tth578,china,2025-05-24T20:46:59.436524Z,100,优惠券礼物已支付。
YAOSHANTAIWULE,tth578,china,2025-05-24T20:47:58.507313Z,100,优惠券礼物已支付。
allstararehere,tth578,china,2025-05-24T20:49:18.603485Z,100,优惠券礼物已支付。
PLCHAMPION24,tth578,china,2025-05-24T20:51:25.371372Z,100,优惠券礼物已支付。
2025SWLAIJINGCHENG,2287259,china,2025-05-24T20:52:25.309722Z,100,优惠券礼物已支付。
YAOSHANTAIWULE,2287259,china,2025-05-24T20:53:10.867153Z,100,优惠券礼物已支付。
allstararehere,2287259,china,2025-05-24T20:53:49.257243Z,100,优惠券礼物已支付。
PLCHAMPION24,2287259,china,2025-05-24T20:54:15.223634Z,100,优惠券礼物已支付。
2025SWLAIJINGCHENG,Mrc233,china,2025-05-24T20:54:53.513561Z,100,优惠券礼物已支付。
YAOSHANTAIWULE,Mrc233,china,2025-05-24T20:56:44.289090Z,100,优惠券礼物已支付。
allstararehere,Mrc233,china,2025-05-24T20:57:14.322221Z,100,优惠券礼物已支付。
PLCHAMPION24,Mrc233,china,2025-05-24T20:58:54.428311Z,100,优惠券礼物已支付。
2025SWLAIJINGCHENG,weiweitop,china,2025-05-24T21:01:04.554683Z,100,优惠券礼物已支付。
YAOSHANTAIWULE,weiweitop,china,2025-05-24T21:03:06.009139Z,100,优惠券礼物已支付。
allstararehere,weiweitop,china,2025-05-24T21:04:01.282337Z,100,优惠券礼物已支付。
PLCHAMPION24,weiweitop,china,2025-05-24T21:05:31.801023Z,100,优惠券礼物已支付。
SW2025JUNY5C,samuer007,china,2025-06-02T13:28:56.090518Z,100,优惠券礼物已支付。
SW2025JUNY5C,safety007,china,2025-06-02T13:30:25.042331Z,100,优惠券礼物已支付。
SW2025JUNY5C,1940519852,china,2025-06-02T13:32:02.388454Z,100,优惠券礼物已支付。
SW2025JUNY5C,763066,china,2025-06-02T13:32:42.252719Z,100,优惠券礼物已支付。
SW2025JUNY5C,Vittical,china,2025-06-02T13:33:53.264355Z,100,优惠券礼物已支付。
SW2025JUNY5C,759830,china,2025-06-02T13:35:25.973872Z,100,优惠券礼物已支付。
SW2025JUNY5C,ZQLDHJ,china,2025-06-02T13:37:19.189840Z,100,优惠券礼物已支付。
SW2025JUNY5C,zhang921027,china,2025-06-02T13:38:15.101944Z,100,优惠券礼物已支付。
SW2025JUNY5C,hyyni1234,china,2025-06-02T13:39:18.799541Z,100,优惠券礼物已支付。
SW2025JUNY5C,ZXFAILXY0322,china,2025-06-02T13:41:26.969581Z,100,优惠券礼物已支付。
SW2025JUNY5C,linchao0510,china,2025-06-02T13:42:29.470808Z,100,优惠券礼物已支付。
SW2025JUNY5C,gcnu2768,china,2025-06-02T13:44:25.306215Z,100,优惠券礼物已支付。
SW2025JUNY5C,wwcc998,china,2025-06-02T13:44:50.255334Z,100,优惠券礼物已支付。
SW2025JUNY5C,78619630,china,2025-06-02T13:46:24.028650Z,100,优惠券礼物已支付。
SW2025JUNY5C,jk187,china,2025-06-02T13:47:13.361996Z,(H304),已使用过的优惠券代码。
SW2025JUNY5C,dshujun,china,2025-06-02T13:47:56.868368Z,(H304),已使用过的优惠券代码。
SW2025JUNY5C,kkws228,china,2025-06-02T13:49:41.276786Z,(H304),已使用过的优惠券代码。
SW2025JUNY5C,1029709109,china,2025-06-02T13:51:09.454210Z,100,优惠券礼物已支付。
SW2025JUNY5C,yh.24288,china,2025-06-02T13:52:15.669392Z,(H304),已使用过的优惠券代码。
SW2025JUNY5C,hedgehogss,china,2025-06-02T13:53:33.655421Z,100,优惠券礼物已支付。
SW2025JUNY5C,si04172,china,2025-06-02T13:54:00.254809Z,100,优惠券礼物已支付。
SW2025JUNY5C,828511124,china,2025-06-02T13:54:36.119978Z,100,优惠券礼物已支付。
SW2025JUNY5C,1711365230,china,2025-06-02T13:55:18.553185Z,100,优惠券礼物已支付。
SW2025JUNY5C,ycshangtian,china,2025-06-02T13:55:54.132081Z,(H304),已使用过的优惠券代码。
SW2025JUNY5C,lz0319,china,2025-06-02T13:56:24.853249Z,100,优惠券礼物已支付。
SW2025JUNY5C,tth578,china,2025-06-02T13:57:24.561281Z,(H304),已使用过的优惠券代码。
SW2025JUNY5C,2287259,china,2025-06-02T13:58:33.343631Z,100,优惠券礼物已支付。
SW2025JUNY5C,Mrc233,china,2025-06-02T13:59:35.952898Z,100,优惠券礼物已支付。
SW2025JUNY5C,weiweitop,china,2025-06-02T14:01:30.603101Z,100,优惠券礼物已支付。
QIDAIHANGZHOUSWC96,samuer007,china,2025-06-21T16:49:43.780426Z,100,优惠券礼物已支付。
QIDAIHANGZHOUSWC96,safety007,china,2025-06-21T16:51:00.713332Z,100,优惠券礼物已支付。
QIDAIHANGZHOUSWC96,1940519852,china,2025-06-21T16:52:46.609295Z,100,优惠券礼物已支付。
QIDAIHANGZHOUSWC96,763066,china,2025-06-21T16:53:28.960111Z,100,优惠券礼物已支付。
QIDAIHANGZHOUSWC96,Vittical,china,2025-06-21T16:54:17.678627Z,100,优惠券礼物已支付。
QIDAIHANGZHOUSWC96,759830,china,2025-06-21T16:57:08.506141Z,100,优惠券礼物已支付。
QIDAIHANGZHOUSWC96,ZQLDHJ,china,2025-06-21T16:58:57.640337Z,100,优惠券礼物已支付。
QIDAIHANGZHOUSWC96,zhang921027,china,2025-06-21T17:00:10.834452Z,100,优惠券礼物已支付。
QIDAIHANGZHOUSWC96,hyyni1234,china,2025-06-21T17:01:45.839310Z,100,优惠券礼物已支付。
QIDAIHANGZHOUSWC96,ZXFAILXY0322,china,2025-06-21T17:02:33.562127Z,100,优惠券礼物已支付。
QIDAIHANGZHOUSWC96,linchao0510,china,2025-06-21T17:03:24.039768Z,100,优惠券礼物已支付。
QIDAIHANGZHOUSWC96,gcnu2768,china,2025-06-21T17:04:24.465855Z,100,优惠券礼物已支付。
QIDAIHANGZHOUSWC96,wwcc998,china,2025-06-21T17:05:58.481598Z,100,优惠券礼物已支付。
QIDAIHANGZHOUSWC96,78619630,china,2025-06-21T17:06:37.115571Z,100,优惠券礼物已支付。
QIDAIHANGZHOUSWC96,jk187,china,2025-06-21T17:07:51.191009Z,(H304),已使用过的优惠券代码。
QIDAIHANGZHOUSWC96,dshujun,china,2025-06-21T17:08:52.228364Z,(H304),已使用过的优惠券代码。
QIDAIHANGZHOUSWC96,kkws228,china,2025-06-21T17:09:35.720069Z,100,优惠券礼物已支付。
QIDAIHANGZHOUSWC96,1029709109,china,2025-06-21T17:10:04.656752Z,100,优惠券礼物已支付。
QIDAIHANGZHOUSWC96,yh.24288,china,2025-06-21T17:11:37.501288Z,(H304),已使用过的优惠券代码。
QIDAIHANGZHOUSWC96,hedgehogss,china,2025-06-21T17:13:28.374448Z,100,优惠券礼物已支付。
QIDAIHANGZHOUSWC96,si04172,china,2025-06-21T17:14:02.714241Z,100,优惠券礼物已支付。
QIDAIHANGZHOUSWC96,828511124,china,2025-06-21T17:15:35.959678Z,100,优惠券礼物已支付。
QIDAIHANGZHOUSWC96,1711365230,china,2025-06-21T17:17:13.212427Z,100,优惠券礼物已支付。
QIDAIHANGZHOUSWC96,ycshangtian,china,2025-06-21T17:18:28.203233Z,(H304),已使用过的优惠券代码。
QIDAIHANGZHOUSWC96,lz0319,china,2025-06-21T17:19:34.219226Z,100,优惠券礼物已支付。
QIDAIHANGZHOUSWC96,tth578,china,2025-06-21T17:21:36.730169Z,(H304),已使用过的优惠券代码。
QIDAIHANGZHOUSWC96,2287259,china,2025-06-21T17:22:19.356153Z,100,优惠券礼物已支付。
QIDAIHANGZHOUSWC96,Mrc233,china,2025-06-21T17:24:28.444437Z,100,优惠券礼物已支付。
QIDAIHANGZHOUSWC96,weiweitop,china,2025-06-21T17:25:41.616865Z,100,优惠券礼物已支付。
GREATESTTIGER1,samuer007,china,2025-06-21T19:21:40.141850Z,(H305),无效的优惠券代码。<br/>请重新确认。
GREATESTTIGER1,safety007,china,2025-06-21T19:23:04.955358Z,(H305),无效的优惠券代码。<br/>请重新确认。
GREATESTTIGER1,1940519852,china,2025-06-21T19:24:44.824166Z,(H305),无效的优惠券代码。<br/>请重新确认。
GREATESTTIGER1,763066,china,2025-06-21T19:25:58.026140Z,(H305),无效的优惠券代码。<br/>请重新确认。
GREATESTTIGER1,Vittical,china,2025-06-21T19:26:49.872239Z,(H305),无效的优惠券代码。<br/>请重新确认。
GREATESTTIGER1,759830,china,2025-06-21T19:28:35.970295Z,(H305),无效的优惠券代码。<br/>请重新确认。
GREATESTTIGER1,ZQLDHJ,china,2025-06-21T19:29:42.669663Z,(H305),无效的优惠券代码。<br/>请重新确认。
GREATESTTIGER1,zhang921027,china,2025-06-21T19:30:37.888470Z,(H305),无效的优惠券代码。<br/>请重新确认。
GREATESTTIGER1,hyyni1234,china,2025-06-21T19:31:26.621459Z,(H305),无效的优惠券代码。<br/>请重新确认。
GREATESTTIGER1,ZXFAILXY0322,china,2025-06-21T19:32:26.352368Z,(H305),无效的优惠券代码。<br/>请重新确认。
GREATESTTIGER1,linchao0510,china,2025-06-21T19:34:30.138519Z,(H305),无效的优惠券代码。<br/>请重新确认。
GREATESTTIGER1,gcnu2768,china,2025-06-21T19:36:32.760991Z,(H305),无效的优惠券代码。<br/>请重新确认。
GREATESTTIGER1,wwcc998,china,2025-06-21T19:38:04.922389Z,(H305),无效的优惠券代码。<br/>请重新确认。
GREATESTTIGER1,78619630,china,2025-06-21T19:39:32.946120Z,(H305),无效的优惠券代码。<br/>请重新确认。
GREATESTTIGER1,jk187,china,2025-06-21T19:40:14.556667Z,(H305),无效的优惠券代码。<br/>请重新确认。
GREATESTTIGER1,dshujun,china,2025-06-21T19:41:08.512908Z,(H305),无效的优惠券代码。<br/>请重新确认。
GREATESTTIGER1,kkws228,china,2025-06-21T19:43:02.442582Z,(H305),无效的优惠券代码。<br/>请重新确认。
GREATESTTIGER1,1029709109,china,2025-06-21T19:43:48.269836Z,(H305),无效的优惠券代码。<br/>请重新确认。
GREATESTTIGER1,yh.24288,china,2025-06-21T19:45:22.853911Z,(H305),无效的优惠券代码。<br/>请重新确认。
GREATESTTIGER1,hedgehogss,china,2025-06-21T19:46:00.442623Z,(H305),无效的优惠券代码。<br/>请重新确认。
GREATESTTIGER1,si04172,china,2025-06-21T19:47:56.955471Z,(H305),无效的优惠券代码。<br/>请重新确认。
GREATESTTIGER1,828511124,china,2025-06-21T19:48:47.505860Z,(H305),无效的优惠券代码。<br/>请重新确认。
GREATESTTIGER1,1711365230,china,2025-06-21T19:50:50.964543Z,(H305),无效的优惠券代码。<br/>请重新确认。
GREATESTTIGER1,ycshangtian,china,2025-06-21T19:51:23.933701Z,(H305),无效的优惠券代码。<br/>请重新确认。
GREATESTTIGER1,lz0319,china,2025-06-21T19:52:54.696445Z,(H305),无效的优惠券代码。<br/>请重新确认。
GREATESTTIGER1,tth578,china,2025-06-21T19:53:59.081360Z,(H305),无效的优惠券代码。<br/>请重新确认。
GREATESTTIGER1,2287259,china,2025-06-21T19:54:54.060734Z,(H305),无效的优惠券代码。<br/>请重新确认。
GREATESTTIGER1,Mrc233,china,2025-06-21T19:56:13.753405Z,(H305),无效的优惠券代码。<br/>请重新确认。
GREATESTTIGER1,weiweitop,china,2025-06-21T19:57:26.431939Z,(H305),无效的优惠券代码。<br/>请重新确认。
H1TO33CHAMP,samuer007,china,2025-06-28T18:16:56.405346Z,100,优惠券礼物已支付。
LTWH0SNEXT33,samuer007,china,2025-06-28T18:18:26.690637Z,100,优惠券礼物已支付。
H1TO33CHAMP,safety007,china,2025-06-28T18:19:06.133486Z,100,优惠券礼物已支付。
LTWH0SNEXT33,safety007,china,2025-06-28T18:20:44.544441Z,100,优惠券礼物已支付。
H1TO33CHAMP,1940519852,china,2025-06-28T18:22:01.858038Z,100,优惠券礼物已支付。
LTWH0SNEXT33,1940519852,china,2025-06-28T18:23:13.632599Z,100,优惠券礼物已支付。
H1TO33CHAMP,763066,china,2025-06-28T18:24:01.055965Z,100,优惠券礼物已支付。
LTWH0SNEXT33,763066,china,2025-06-28T18:25:40.213767Z,100,优惠券礼物已支付。
H1TO33CHAMP,Vittical,china,2025-06-28T18:26:11.479285Z,100,优惠券礼物已支付。
LTWH0SNEXT33,Vittical,china,2025-06-28T18:27:22.622642Z,100,优惠券礼物已支付。
H1TO33CHAMP,759830,china,2025-06-28T18:28:54.792167Z,100,优惠券礼物已支付。
LTWH0SNEXT33,759830,china,2025-06-28T18:30:25.899921Z,100,优惠券礼物已支付。
H1TO33CHAMP,ZQLDHJ,china,2025-06-28T18:32:29.721774Z,100,优惠券礼物已支付。
LTWH0SNEXT33,ZQLDHJ,china,2025-06-28T18:33:42.745238Z,100,优惠券礼物已支付。
H1TO33CHAMP,zhang921027,china,2025-06-28T18:35:13.409255Z,100,优惠券礼物已支付。
LTWH0SNEXT33,zhang921027,china,2025-06-28T18:37:16.107221Z,100,优惠券礼物已支付。
H1TO33CHAMP,hyyni1234,china,2025-06-28T18:38:12.544205Z,100,优惠券礼物已支付。
LTWH0SNEXT33,hyyni1234,china,2025-06-28T18:39:23.648714Z,100,优惠券礼物已支付。
H1TO33CHAMP,ZXFAILXY0322,china,2025-06-28T18:40:54.061054Z,100,优惠券礼物已支付。
LTWH0SNEXT33,ZXFAILXY0322,china,2025-06-28T18:41:53.348447Z,100,优惠券礼物已支付。
H1TO33CHAMP,linchao0510,china,2025-06-28T18:43:32.238245Z,100,优惠券礼物已支付。
LTWH0SNEXT33,linchao0510,china,2025-06-28T18:45:04.118738Z,100,优惠券礼物已支付。
H1TO33CHAMP,gcnu2768,china,2025-06-28T18:45:45.937452Z,100,优惠券礼物已支付。
LTWH0SNEXT33,gcnu2768,china,2025-06-28T18:46:43.562855Z,100,优惠券礼物已支付。
H1TO33CHAMP,wwcc998,china,2025-06-28T18:47:29.111043Z,100,优惠券礼物已支付。
LTWH0SNEXT33,wwcc998,china,2025-06-28T18:49:09.155456Z,100,优惠券礼物已支付。
H1TO33CHAMP,78619630,china,2025-06-28T18:50:00.852876Z,100,优惠券礼物已支付。
LTWH0SNEXT33,78619630,china,2025-06-28T18:51:33.628973Z,100,优惠券礼物已支付。
H1TO33CHAMP,jk187,china,2025-06-28T18:52:39.992848Z,(H304),已使用过的优惠券代码。
LTWH0SNEXT33,jk187,china,2025-06-28T18:54:11.033704Z,(H304),已使用过的优惠券代码。
H1TO33CHAMP,dshujun,china,2025-06-28T18:56:12.632274Z,(H304),已使用过的优惠券代码。
LTWH0SNEXT33,dshujun,china,2025-06-28T18:57:25.916617Z,(H304),已使用过的优惠券代码。
H1TO33CHAMP,kkws228,china,2025-06-28T18:59:12.842149Z,(H304),已使用过的优惠券代码。
LTWH0SNEXT33,kkws228,china,2025-06-28T18:59:36.180953Z,100,优惠券礼物已支付。
H1TO33CHAMP,1029709109,china,2025-06-28T19:00:16.899046Z,100,优惠券礼物已支付。
LTWH0SNEXT33,1029709109,china,2025-06-28T19:01:29.408515Z,100,优惠券礼物已支付。
H1TO33CHAMP,yh.24288,china,2025-06-28T19:02:36.387471Z,100,优惠券礼物已支付。
LTWH0SNEXT33,yh.24288,china,2025-06-28T19:04:03.875847Z,(H304),已使用过的优惠券代码。
H1TO33CHAMP,hedgehogss,china,2025-06-28T19:05:54.383583Z,100,优惠券礼物已支付。
LTWH0SNEXT33,hedgehogss,china,2025-06-28T19:07:39.868083Z,100,优惠券礼物已支付。
H1TO33CHAMP,si04172,china,2025-06-28T19:09:41.150874Z,100,优惠券礼物已支付。
LTWH0SNEXT33,si04172,china,2025-06-28T19:10:13.142406Z,100,优惠券礼物已支付。
H1TO33CHAMP,828511124,china,2025-06-28T19:11:27.647159Z,100,优惠券礼物已支付。
LTWH0SNEXT33,828511124,china,2025-06-28T19:12:56.191356Z,100,优惠券礼物已支付。
H1TO33CHAMP,1711365230,china,2025-06-28T19:14:58.650496Z,100,优惠券礼物已支付。
LTWH0SNEXT33,1711365230,china,2025-06-28T19:16:58.274898Z,(H304),已使用过的优惠券代码。
H1TO33CHAMP,ycshangtian,china,2025-06-28T19:17:52.435068Z,(H304),已使用过的优惠券代码。
LTWH0SNEXT33,ycshangtian,china,2025-06-28T19:19:44.242035Z,(H304),已使用过的优惠券代码。
H1TO33CHAMP,lz0319,china,2025-06-28T19:21:45.768569Z,100,优惠券礼物已支付。
LTWH0SNEXT33,lz0319,china,2025-06-28T19:22:12.144213Z,100,优惠券礼物已支付。
H1TO33CHAMP,tth578,china,2025-06-28T19:23:53.434519Z,100,优惠券礼物已支付。
LTWH0SNEXT33,tth578,china,2025-06-28T19:25:30.837796Z,100,优惠券礼物已支付。
H1TO33CHAMP,2287259,china,2025-06-28T19:27:15.722761Z,100,优惠券礼物已支付。
LTWH0SNEXT33,2287259,china,2025-06-28T19:29:11.327325Z,100,优惠券礼物已支付。
H1TO33CHAMP,Mrc233,china,2025-06-28T19:30:14.338746Z,100,优惠券礼物已支付。
LTWH0SNEXT33,Mrc233,china,2025-06-28T19:31:21.365699Z,100,优惠券礼物已支付。
H1TO33CHAMP,weiweitop,china,2025-06-28T19:33:29.113897Z,100,优惠券礼物已支付。
LTWH0SNEXT33,weiweitop,china,2025-06-28T19:34:17.583813Z,100,优惠券礼物已支付。
0ETN45TH20A774EH,DRXDRC,china,2025-06-28T19:36:19.234776Z,(H304),已使用过的优惠券代码。
SW11YABDAYGIFT,DRXDRC,china,2025-06-28T19:37:09.631140Z,(H306),无效的优惠券代码。<br/>请重新确认。
sw11yabdaygift,DRXDRC,china,2025-06-28T19:38:13.375624Z,(H306),无效的优惠券代码。<br/>请重新确认。
AGAIN11TYU,DRXDRC,china,2025-06-28T19:39:17.498670Z,(H306),无效的优惠券代码。<br/>请重新确认。
again11tyu,DRXDRC,china,2025-06-28T19:41:23.893567Z,(H306),无效的优惠券代码。<br/>请重新确认。
ty4sw11th,DRXDRC,china,2025-06-28T19:42:33.282927Z,(H306),无效的优惠券代码。<br/>请重新确认。
SW2025JUNY5C,DRXDRC,china,2025-06-28T19:43:43.861385Z,100,优惠券礼物已支付。
QIDAIHANGZHOUSWC96,DRXDRC,china,2025-06-28T19:45:34.802069Z,(H306),无效的优惠券代码。<br/>请重新确认。
GREATESTTIGER1,DRXDRC,china,2025-06-28T19:45:58.711431Z,(H306),无效的优惠券代码。<br/>请重新确认。
H1TO33CHAMP,DRXDRC,china,2025-06-28T19:46:47.823721Z,(H304),已使用过的优惠券代码。
LTWH0SNEXT33,DRXDRC,china,2025-06-28T19:47:26.075147Z,(H304),已使用过的优惠券代码。
sw2025jul9ua,samuer007,china,2025-07-01T10:21:51.237553Z,100,优惠券礼物已支付。
sw2025jul9ua,safety007,china,2025-07-01T10:23:21.887264Z,100,优惠券礼物已支付。
sw2025jul9ua,1940519852,china,2025-07-01T10:25:25.167377Z,100,优惠券礼物已支付。
sw2025jul9ua,763066,china,2025-07-01T10:26:27.533406Z,100,优惠券礼物已支付。
sw2025jul9ua,759830,china,2025-07-01T10:40:48.145870Z,100,优惠券礼物已支付。
sw2025jul9ua,ZQLDHJ,china,2025-07-01T10:41:56.511974Z,100,优惠券礼物已支付。
sw2025jul9ua,zhang921027,china,2025-07-01T10:43:10.588668Z,100,优惠券礼物已支付。
sw2025jul9ua,hyyni1234,china,2025-07-01T10:43:52.534596Z,100,优惠券礼物已支付。
sw2025jul9ua,ZXFAILXY0322,china,2025-07-01T10:45:42.956218Z,100,优惠券礼物已支付。
sw2025jul9ua,linchao0510,china,2025-07-01T10:46:42.485553Z,100,优惠券礼物已支付。
sw2025jul9ua,gcnu2768,china,2025-07-01T10:48:30.747318Z,100,优惠券礼物已支付。
sw2025jul9ua,wwcc998,china,2025-07-01T10:49:35.487376Z,100,优惠券礼物已支付。
sw2025jul9ua,78619630,china,2025-07-01T10:50:41.125346Z,100,优惠券礼物已支付。
sw2025jul9ua,jk187,china,2025-07-01T10:52:42.500650Z,(H304),已使用过的优惠券代码。
sw2025jul9ua,dshujun,china,2025-07-01T10:53:27.161964Z,(H304),已使用过的优惠券代码。
sw2025jul9ua,kkws228,china,2025-07-01T10:54:56.293519Z,100,优惠券礼物已支付。
sw2025jul9ua,1029709109,china,2025-07-01T10:55:51.295785Z,100,优惠券礼物已支付。
sw2025jul9ua,yh.24288,china,2025-07-01T10:57:29.468704Z,(H304),已使用过的优惠券代码。
sw2025jul9ua,hedgehogss,china,2025-07-01T10:59:05.500260Z,100,优惠券礼物已支付。
sw2025jul9ua,si04172,china,2025-07-01T11:00:15.048008Z,100,优惠券礼物已支付。
sw2025jul9ua,828511124,china,2025-07-01T11:01:15.147122Z,100,优惠券礼物已支付。
sw2025jul9ua,1711365230,china,2025-07-01T11:02:55.972502Z,100,优惠券礼物已支付。
sw2025jul9ua,ycshangtian,china,2025-07-01T11:04:28.066487Z,100,优惠券礼物已支付。
sw2025jul9ua,lz0319,china,2025-07-01T11:06:19.532081Z,100,优惠券礼物已支付。
sw2025jul9ua,tth578,china,2025-07-01T11:08:20.050914Z,100,优惠券礼物已支付。
sw2025jul9ua,2287259,china,2025-07-01T11:10:05.928296Z,100,优惠券礼物已支付。
sw2025jul9ua,Mrc233,china,2025-07-01T11:11:30.548444Z,100,优惠券礼物已支付。
sw2025jul9ua,weiweitop,china,2025-07-01T11:13:03.234808Z,100,优惠券礼物已支付。
sw2025jul9ua,DRXDRC,china,2025-07-01T11:13:59.475693Z,100,优惠券礼物已支付。
1L2PS3M9,samuer007,china,2025-07-22T14:06:36.294867Z,(H304),已使用过的优惠券代码。
1L2PS3M9,safety007,china,2025-07-22T14:08:14.076090Z,(H304),已使用过的优惠券代码。
1L2PS3M9,1940519852,china,2025-07-22T14:09:16.737990Z,(H304),已使用过的优惠券代码。
1L2PS3M9,763066,china,2025-07-22T14:10:10.559126Z,(H304),已使用过的优惠券代码。
1L2PS3M9,Vittical,china,2025-07-22T14:10:47.013911Z,(H304),已使用过的优惠券代码。
1L2PS3M9,759830,china,2025-07-22T14:11:44.997362Z,(H304),已使用过的优惠券代码。
1L2PS3M9,ZQLDHJ,china,2025-07-22T14:12:22.498516Z,(H304),已使用过的优惠券代码。
1L2PS3M9,zhang921027,china,2025-07-22T14:13:36.478024Z,(H304),已使用过的优惠券代码。
1L2PS3M9,hyyni1234,china,2025-07-22T14:14:58.715675Z,(H304),已使用过的优惠券代码。
1L2PS3M9,ZXFAILXY0322,china,2025-07-22T14:16:36.980690Z,(H304),已使用过的优惠券代码。
1L2PS3M9,linchao0510,china,2025-07-22T14:17:43.596006Z,(H304),已使用过的优惠券代码。
1L2PS3M9,gcnu2768,china,2025-07-22T14:18:53.347174Z,(H304),已使用过的优惠券代码。
1L2PS3M9,wwcc998,china,2025-07-22T14:20:44.013067Z,(H304),已使用过的优惠券代码。
1L2PS3M9,78619630,china,2025-07-22T14:22:34.525396Z,(H304),已使用过的优惠券代码。
1L2PS3M9,jk187,china,2025-07-22T14:23:44.614291Z,(H304),已使用过的优惠券代码。
1L2PS3M9,dshujun,china,2025-07-22T14:24:29.972614Z,(H304),已使用过的优惠券代码。
1L2PS3M9,kkws228,china,2025-07-22T14:25:20.836597Z,(H304),已使用过的优惠券代码。
1L2PS3M9,1029709109,china,2025-07-22T14:27:15.367521Z,(H304),已使用过的优惠券代码。
1L2PS3M9,yh.24288,china,2025-07-22T14:28:57.605740Z,(H304),已使用过的优惠券代码。
1L2PS3M9,hedgehogss,china,2025-07-22T14:30:39.559750Z,(H304),已使用过的优惠券代码。
1L2PS3M9,si04172,china,2025-07-22T14:30:59.577358Z,(H304),已使用过的优惠券代码。
1L2PS3M9,828511124,china,2025-07-22T14:32:33.637299Z,(H304),已使用过的优惠券代码。
1L2PS3M9,1711365230,china,2025-07-22T14:33:58.529792Z,(H304),已使用过的优惠券代码。
1L2PS3M9,ycshangtian,china,2025-07-22T14:35:21.999007Z,(H304),已使用过的优惠券代码。
1L2PS3M9,lz0319,china,2025-07-22T14:36:24.052000Z,(H304),已使用过的优惠券代码。
1L2PS3M9,tth578,china,2025-07-22T14:38:05.764005Z,(H304),已使用过的优惠券代码。
1L2PS3M9,2287259,china,2025-07-22T14:39:37.079206Z,(H304),已使用过的优惠券代码。
1L2PS3M9,Mrc233,china,2025-07-22T14:39:57.931679Z,(H304),已使用过的优惠券代码。
1L2PS3M9,weiweitop,china,2025-07-22T14:41:32.984887Z,(H304),已使用过的优惠券代码。
1L2PS3M9,DRXDRC,china,2025-07-22T14:42:56.196224Z,(H304),已使用过的优惠券代码。
W3LCOME2SWC25APAC,samuer007,china,2025-07-26T15:38:35.006296Z,100,优惠券礼物已支付。
W3LCOME2SWC25APAC,safety007,china,2025-07-26T15:39:19.354919Z,100,优惠券礼物已支付。
W3LCOME2SWC25APAC,1940519852,china,2025-07-26T15:41:26.648095Z,100,优惠券礼物已支付。
W3LCOME2SWC25APAC,763066,china,2025-07-26T15:42:40.727784Z,100,优惠券礼物已支付。
W3LCOME2SWC25APAC,Vittical,china,2025-07-26T15:43:24.947220Z,100,优惠券礼物已支付。
W3LCOME2SWC25APAC,759830,china,2025-07-26T15:44:39.284556Z,100,优惠券礼物已支付。
W3LCOME2SWC25APAC,ZQLDHJ,china,2025-07-26T15:46:11.223063Z,100,优惠券礼物已支付。
W3LCOME2SWC25APAC,zhang921027,china,2025-07-26T15:46:56.846677Z,100,优惠券礼物已支付。
W3LCOME2SWC25APAC,hyyni1234,china,2025-07-26T15:48:02.401139Z,100,优惠券礼物已支付。
W3LCOME2SWC25APAC,ZXFAILXY0322,china,2025-07-26T15:48:25.345692Z,100,优惠券礼物已支付。
W3LCOME2SWC25APAC,linchao0510,china,2025-07-26T15:50:04.330257Z,100,优惠券礼物已支付。
W3LCOME2SWC25APAC,gcnu2768,china,2025-07-26T15:51:33.024175Z,100,优惠券礼物已支付。
W3LCOME2SWC25APAC,wwcc998,china,2025-07-26T15:53:27.385957Z,100,优惠券礼物已支付。
W3LCOME2SWC25APAC,78619630,china,2025-07-26T15:54:50.821160Z,100,优惠券礼物已支付。
W3LCOME2SWC25APAC,jk187,china,2025-07-26T15:55:50.419501Z,(H304),已使用过的优惠券代码。
W3LCOME2SWC25APAC,dshujun,china,2025-07-26T15:56:17.858583Z,(H304),已使用过的优惠券代码。
W3LCOME2SWC25APAC,kkws228,china,2025-07-26T15:57:12.408754Z,(H304),已使用过的优惠券代码。
W3LCOME2SWC25APAC,1029709109,china,2025-07-26T15:59:12.190759Z,100,优惠券礼物已支付。
W3LCOME2SWC25APAC,yh.24288,china,2025-07-26T15:59:35.782253Z,(H304),已使用过的优惠券代码。
W3LCOME2SWC25APAC,hedgehogss,china,2025-07-26T16:00:50.831454Z,100,优惠券礼物已支付。
W3LCOME2SWC25APAC,si04172,china,2025-07-26T16:02:43.237245Z,100,优惠券礼物已支付。
W3LCOME2SWC25APAC,828511124,china,2025-07-26T16:03:36.189152Z,(H304),已使用过的优惠券代码。
W3LCOME2SWC25APAC,1711365230,china,2025-07-26T16:04:03.440641Z,100,优惠券礼物已支付。
W3LCOME2SWC25APAC,ycshangtian,china,2025-07-26T16:05:22.044647Z,(H304),已使用过的优惠券代码。
W3LCOME2SWC25APAC,lz0319,china,2025-07-26T16:06:39.452469Z,(H304),已使用过的优惠券代码。
W3LCOME2SWC25APAC,tth578,china,2025-07-26T16:08:07.468440Z,100,优惠券礼物已支付。
W3LCOME2SWC25APAC,2287259,china,2025-07-26T16:09:02.033287Z,100,优惠券礼物已支付。
W3LCOME2SWC25APAC,Mrc233,china,2025-07-26T16:09:52.573922Z,100,优惠券礼物已支付。
W3LCOME2SWC25APAC,weiweitop,china,2025-07-26T16:11:02.306545Z,100,优惠券礼物已支付。
W3LCOME2SWC25APAC,DRXDRC,china,2025-07-26T16:12:18.487280Z,100,优惠券礼物已支付。
Swc25seaultyeet,samuer007,china,2025-07-26T16:54:34.209803Z,100,优惠券礼物已支付。
Swc25seaultyeet,safety007,china,2025-07-26T16:55:52.898675Z,100,优惠券礼物已支付。
Swc25seaultyeet,1940519852,china,2025-07-26T16:57:39.576994Z,100,优惠券礼物已支付。
Swc25seaultyeet,763066,china,2025-07-26T16:59:01.634014Z,100,优惠券礼物已支付。
Swc25seaultyeet,Vittical,china,2025-07-26T17:00:00.612637Z,100,优惠券礼物已支付。
Swc25seaultyeet,759830,china,2025-07-26T17:01:11.002961Z,100,优惠券礼物已支付。
Swc25seaultyeet,ZQLDHJ,china,2025-07-26T17:02:28.591773Z,100,优惠券礼物已支付。
Swc25seaultyeet,zhang921027,china,2025-07-26T17:04:08.273176Z,100,优惠券礼物已支付。
Swc25seaultyeet,hyyni1234,china,2025-07-26T17:04:50.897685Z,100,优惠券礼物已支付。
Swc25seaultyeet,ZXFAILXY0322,china,2025-07-26T17:06:37.806935Z,100,优惠券礼物已支付。
Swc25seaultyeet,linchao0510,china,2025-07-26T17:08:21.532831Z,100,优惠券礼物已支付。
Swc25seaultyeet,gcnu2768,china,2025-07-26T17:10:00.050480Z,100,优惠券礼物已支付。
Swc25seaultyeet,wwcc998,china,2025-07-26T17:11:03.965832Z,100,优惠券礼物已支付。
Swc25seaultyeet,78619630,china,2025-07-26T17:11:23.346734Z,100,优惠券礼物已支付。
Swc25seaultyeet,jk187,china,2025-07-26T17:12:13.253317Z,(H304),已使用过的优惠券代码。
Swc25seaultyeet,dshujun,china,2025-07-26T17:12:36.300217Z,(H304),已使用过的优惠券代码。
Swc25seaultyeet,kkws228,china,2025-07-26T17:13:23.626624Z,100,优惠券礼物已支付。
Swc25seaultyeet,1029709109,china,2025-07-26T17:14:30.146640Z,100,优惠券礼物已支付。
Swc25seaultyeet,yh.24288,china,2025-07-26T17:15:40.513513Z,(H304),已使用过的优惠券代码。
Swc25seaultyeet,hedgehogss,china,2025-07-26T17:16:30.088353Z,(H304),已使用过的优惠券代码。
Swc25seaultyeet,si04172,china,2025-07-26T17:18:13.606815Z,100,优惠券礼物已支付。
Swc25seaultyeet,828511124,china,2025-07-26T17:19:08.049161Z,(H304),已使用过的优惠券代码。
Swc25seaultyeet,1711365230,china,2025-07-26T17:20:11.869726Z,100,优惠券礼物已支付。
Swc25seaultyeet,ycshangtian,china,2025-07-26T17:20:54.217709Z,(H304),已使用过的优惠券代码。
Swc25seaultyeet,lz0319,china,2025-07-26T17:21:57.183823Z,(H304),已使用过的优惠券代码。
Swc25seaultyeet,tth578,china,2025-07-26T17:22:44.334166Z,100,优惠券礼物已支付。
Swc25seaultyeet,2287259,china,2025-07-26T17:24:17.957550Z,100,优惠券礼物已支付。
Swc25seaultyeet,Mrc233,china,2025-07-26T17:25:08.536119Z,100,优惠券礼物已支付。
Swc25seaultyeet,weiweitop,china,2025-07-26T17:26:59.069066Z,100,优惠券礼物已支付。
Swc25seaultyeet,DRXDRC,china,2025-07-26T17:28:26.843571Z,100,优惠券礼物已支付。
20allezbleuswc25,samuer007,china,2025-07-27T00:30:33.012367Z,100,优惠券礼物已支付。
20allezbleuswc25,safety007,china,2025-07-27T00:31:07.032683Z,100,优惠券礼物已支付。
20allezbleuswc25,1940519852,china,2025-07-27T00:32:56.359278Z,100,优惠券礼物已支付。
20allezbleuswc25,763066,china,2025-07-27T00:34:54.446871Z,100,优惠券礼物已支付。
20allezbleuswc25,Vittical,china,2025-07-27T00:36:14.267076Z,100,优惠券礼物已支付。
20allezbleuswc25,759830,china,2025-07-27T00:38:01.403868Z,100,优惠券礼物已支付。
20allezbleuswc25,ZQLDHJ,china,2025-07-27T00:39:54.196731Z,100,优惠券礼物已支付。
20allezbleuswc25,zhang921027,china,2025-07-27T00:40:15.091088Z,100,优惠券礼物已支付。
20allezbleuswc25,hyyni1234,china,2025-07-27T00:42:15.048205Z,100,优惠券礼物已支付。
20allezbleuswc25,ZXFAILXY0322,china,2025-07-27T00:42:34.986591Z,100,优惠券礼物已支付。
20allezbleuswc25,linchao0510,china,2025-07-27T00:43:08.755116Z,100,优惠券礼物已支付。
20allezbleuswc25,gcnu2768,china,2025-07-27T00:44:57.580942Z,100,优惠券礼物已支付。
20allezbleuswc25,wwcc998,china,2025-07-27T00:46:37.481413Z,100,优惠券礼物已支付。
20allezbleuswc25,78619630,china,2025-07-27T00:47:41.366055Z,100,优惠券礼物已支付。
20allezbleuswc25,jk187,china,2025-07-27T00:49:35.096735Z,(H304),已使用过的优惠券代码。
20allezbleuswc25,dshujun,china,2025-07-27T00:50:24.490758Z,(H304),已使用过的优惠券代码。
20allezbleuswc25,kkws228,china,2025-07-27T00:51:12.251685Z,100,优惠券礼物已支付。
20allezbleuswc25,1029709109,china,2025-07-27T00:53:13.364095Z,100,优惠券礼物已支付。
20allezbleuswc25,yh.24288,china,2025-07-27T00:54:23.815884Z,100,优惠券礼物已支付。
20allezbleuswc25,hedgehogss,china,2025-07-27T00:55:26.308159Z,100,优惠券礼物已支付。
20allezbleuswc25,si04172,china,2025-07-27T00:57:05.450785Z,100,优惠券礼物已支付。
20allezbleuswc25,828511124,china,2025-07-27T00:58:07.916470Z,(H304),已使用过的优惠券代码。
20allezbleuswc25,1711365230,china,2025-07-27T01:00:15.358641Z,(H304),已使用过的优惠券代码。
20allezbleuswc25,ycshangtian,china,2025-07-27T01:01:58.660117Z,(H304),已使用过的优惠券代码。
20allezbleuswc25,lz0319,china,2025-07-27T01:02:45.255504Z,100,优惠券礼物已支付。
20allezbleuswc25,tth578,china,2025-07-27T01:04:23.713416Z,100,优惠券礼物已支付。
20allezbleuswc25,2287259,china,2025-07-27T01:05:54.226181Z,100,优惠券礼物已支付。
20allezbleuswc25,Mrc233,china,2025-07-27T01:07:51.291647Z,100,优惠券礼物已支付。
20allezbleuswc25,weiweitop,china,2025-07-27T01:08:45.797394Z,100,优惠券礼物已支付。
20allezbleuswc25,DRXDRC,china,2025-07-27T01:10:02.779274Z,100,优惠券礼物已支付。
25r0ad2p4riswc,samuer007,china,2025-07-27T01:27:30.486488Z,100,优惠券礼物已支付。
25r0ad2p4riswc,safety007,china,2025-07-27T01:28:09.592948Z,100,优惠券礼物已支付。
25r0ad2p4riswc,1940519852,china,2025-07-27T01:29:38.051361Z,100,优惠券礼物已支付。
25r0ad2p4riswc,763066,china,2025-07-27T01:30:40.586642Z,100,优惠券礼物已支付。
25r0ad2p4riswc,Vittical,china,2025-07-27T01:31:59.047167Z,100,优惠券礼物已支付。
25r0ad2p4riswc,759830,china,2025-07-27T01:32:28.818614Z,100,优惠券礼物已支付。
25r0ad2p4riswc,ZQLDHJ,china,2025-07-27T01:34:32.124229Z,100,优惠券礼物已支付。
25r0ad2p4riswc,zhang921027,china,2025-07-27T01:35:20.990372Z,100,优惠券礼物已支付。
25r0ad2p4riswc,hyyni1234,china,2025-07-27T01:36:21.911732Z,100,优惠券礼物已支付。
25r0ad2p4riswc,ZXFAILXY0322,china,2025-07-27T01:38:19.804966Z,100,优惠券礼物已支付。
25r0ad2p4riswc,linchao0510,china,2025-07-27T01:40:01.412009Z,100,优惠券礼物已支付。
25r0ad2p4riswc,gcnu2768,china,2025-07-27T01:41:17.153259Z,100,优惠券礼物已支付。
25r0ad2p4riswc,wwcc998,china,2025-07-27T01:42:28.037339Z,100,优惠券礼物已支付。
25r0ad2p4riswc,78619630,china,2025-07-27T01:43:58.295741Z,100,优惠券礼物已支付。
25r0ad2p4riswc,jk187,china,2025-07-27T01:44:51.962734Z,(H304),已使用过的优惠券代码。
25r0ad2p4riswc,dshujun,china,2025-07-27T01:45:48.781473Z,(H304),已使用过的优惠券代码。
25r0ad2p4riswc,kkws228,china,2025-07-27T01:46:39.416834Z,100,优惠券礼物已支付。
25r0ad2p4riswc,1029709109,china,2025-07-27T01:48:27.443200Z,100,优惠券礼物已支付。
25r0ad2p4riswc,yh.24288,china,2025-07-27T01:49:43.820547Z,100,优惠券礼物已支付。
25r0ad2p4riswc,hedgehogss,china,2025-07-27T01:51:04.032271Z,100,优惠券礼物已支付。
25r0ad2p4riswc,si04172,china,2025-07-27T01:52:01.586850Z,100,优惠券礼物已支付。
25r0ad2p4riswc,828511124,china,2025-07-27T01:53:36.904863Z,100,优惠券礼物已支付。
25r0ad2p4riswc,1711365230,china,2025-07-27T01:54:11.839761Z,(H304),已使用过的优惠券代码。
25r0ad2p4riswc,ycshangtian,china,2025-07-27T01:54:33.511387Z,(H304),已使用过的优惠券代码。
25r0ad2p4riswc,lz0319,china,2025-07-27T01:56:15.804604Z,(H304),已使用过的优惠券代码。
25r0ad2p4riswc,tth578,china,2025-07-27T01:58:01.000728Z,100,优惠券礼物已支付。
25r0ad2p4riswc,2287259,china,2025-07-27T01:59:22.419346Z,100,优惠券礼物已支付。
25r0ad2p4riswc,Mrc233,china,2025-07-27T02:00:02.713794Z,100,优惠券礼物已支付。
25r0ad2p4riswc,weiweitop,china,2025-07-27T02:02:00.876405Z,100,优惠券礼物已支付。
25r0ad2p4riswc,DRXDRC,china,2025-07-27T02:02:51.214859Z,100,优惠券礼物已支付。
4P4C15H3R3,samuer007,china,2025-07-27T14:45:35.708327Z,100,优惠券礼物已支付。
4P4C15H3R3,safety007,china,2025-07-27T14:46:31.644153Z,100,优惠券礼物已支付。
4P4C15H3R3,1940519852,china,2025-07-27T14:48:35.622248Z,100,优惠券礼物已支付。
4P4C15H3R3,763066,china,2025-07-27T14:49:08.988465Z,100,优惠券礼物已支付。
4P4C15H3R3,Vittical,china,2025-07-27T14:50:26.567217Z,100,优惠券礼物已支付。
4P4C15H3R3,759830,china,2025-07-27T14:52:34.059087Z,100,优惠券礼物已支付。
4P4C15H3R3,ZQLDHJ,china,2025-07-27T14:53:03.350311Z,100,优惠券礼物已支付。
4P4C15H3R3,zhang921027,china,2025-07-27T14:54:39.115565Z,100,优惠券礼物已支付。
4P4C15H3R3,hyyni1234,china,2025-07-27T14:55:03.704940Z,100,优惠券礼物已支付。
4P4C15H3R3,ZXFAILXY0322,china,2025-07-27T14:55:36.744764Z,100,优惠券礼物已支付。
4P4C15H3R3,linchao0510,china,2025-07-27T14:57:16.697596Z,100,优惠券礼物已支付。
4P4C15H3R3,gcnu2768,china,2025-07-27T14:59:13.400277Z,100,优惠券礼物已支付。
4P4C15H3R3,wwcc998,china,2025-07-27T15:01:16.808364Z,100,优惠券礼物已支付。
4P4C15H3R3,78619630,china,2025-07-27T15:01:58.006203Z,100,优惠券礼物已支付。
4P4C15H3R3,jk187,china,2025-07-27T15:02:30.066639Z,100,优惠券礼物已支付。
4P4C15H3R3,dshujun,china,2025-07-27T15:03:37.025547Z,100,优惠券礼物已支付。
4P4C15H3R3,kkws228,china,2025-07-27T15:04:07.595208Z,100,优惠券礼物已支付。
4P4C15H3R3,1029709109,china,2025-07-27T15:05:37.788238Z,100,优惠券礼物已支付。
4P4C15H3R3,yh.24288,china,2025-07-27T15:06:22.308571Z,100,优惠券礼物已支付。
4P4C15H3R3,hedgehogss,china,2025-07-27T15:08:26.431408Z,100,优惠券礼物已支付。
4P4C15H3R3,si04172,china,2025-07-27T15:09:22.367112Z,100,优惠券礼物已支付。
4P4C15H3R3,828511124,china,2025-07-27T15:11:27.199726Z,100,优惠券礼物已支付。
4P4C15H3R3,1711365230,china,2025-07-27T15:12:35.900560Z,(H304),已使用过的优惠券代码。
4P4C15H3R3,ycshangtian,china,2025-07-27T15:13:58.240775Z,(H304),已使用过的优惠券代码。
4P4C15H3R3,lz0319,china,2025-07-27T15:14:43.213228Z,(H304),已使用过的优惠券代码。
4P4C15H3R3,tth578,china,2025-07-27T15:16:06.902545Z,100,优惠券礼物已支付。
4P4C15H3R3,2287259,china,2025-07-27T15:17:46.926390Z,100,优惠券礼物已支付。
4P4C15H3R3,Mrc233,china,2025-07-27T15:19:27.409540Z,100,优惠券礼物已支付。
4P4C15H3R3,weiweitop,china,2025-07-27T15:20:27.540079Z,100,优惠券礼物已支付。
4P4C15H3R3,DRXDRC,china,2025-07-27T15:21:22.842512Z,100,优惠券礼物已支付。
CUINAPAC18OCT,samuer007,china,2025-07-27T15:42:30.557265Z,100,优惠券礼物已支付。
CUINAPAC18OCT,safety007,china,2025-07-27T15:43:54.649683Z,100,优惠券礼物已支付。
CUINAPAC18OCT,1940519852,china,2025-07-27T15:45:41.510023Z,100,优惠券礼物已支付。
CUINAPAC18OCT,763066,china,2025-07-27T15:47:26.652825Z,(H304),已使用过的优惠券代码。
CUINAPAC18OCT,Vittical,china,2025-07-27T15:49:29.244887Z,100,优惠券礼物已支付。
CUINAPAC18OCT,759830,china,2025-07-27T15:50:32.004222Z,100,优惠券礼物已支付。
CUINAPAC18OCT,ZQLDHJ,china,2025-07-27T15:51:20.953621Z,100,优惠券礼物已支付。
CUINAPAC18OCT,zhang921027,china,2025-07-27T15:52:17.478669Z,100,优惠券礼物已支付。
CUINAPAC18OCT,hyyni1234,china,2025-07-27T15:53:17.969007Z,100,优惠券礼物已支付。
CUINAPAC18OCT,ZXFAILXY0322,china,2025-07-27T15:54:00.464638Z,100,优惠券礼物已支付。
CUINAPAC18OCT,linchao0510,china,2025-07-27T15:55:20.971049Z,100,优惠券礼物已支付。
CUINAPAC18OCT,gcnu2768,china,2025-07-27T15:56:04.431667Z,100,优惠券礼物已支付。
CUINAPAC18OCT,wwcc998,china,2025-07-27T15:57:43.458534Z,100,优惠券礼物已支付。
CUINAPAC18OCT,78619630,china,2025-07-27T15:59:32.840023Z,100,优惠券礼物已支付。
CUINAPAC18OCT,jk187,china,2025-07-27T16:00:16.517418Z,(H304),已使用过的优惠券代码。
CUINAPAC18OCT,dshujun,china,2025-07-27T16:01:55.161817Z,(H304),已使用过的优惠券代码。
CUINAPAC18OCT,kkws228,china,2025-07-27T16:03:31.025146Z,100,优惠券礼物已支付。
CUINAPAC18OCT,1029709109,china,2025-07-27T16:04:57.016007Z,100,优惠券礼物已支付。
CUINAPAC18OCT,yh.24288,china,2025-07-27T16:06:43.355878Z,(H304),已使用过的优惠券代码。
CUINAPAC18OCT,hedgehogss,china,2025-07-27T16:08:12.816763Z,100,优惠券礼物已支付。
CUINAPAC18OCT,si04172,china,2025-07-27T16:10:01.642594Z,100,优惠券礼物已支付。
CUINAPAC18OCT,828511124,china,2025-07-27T16:11:56.295226Z,100,优惠券礼物已支付。
CUINAPAC18OCT,1711365230,china,2025-07-27T16:14:01.685529Z,(H304),已使用过的优惠券代码。
CUINAPAC18OCT,ycshangtian,china,2025-07-27T16:16:00.427265Z,(H304),已使用过的优惠券代码。
CUINAPAC18OCT,lz0319,china,2025-07-27T16:17:08.821861Z,(H304),已使用过的优惠券代码。
CUINAPAC18OCT,tth578,china,2025-07-27T16:19:00.949710Z,100,优惠券礼物已支付。
CUINAPAC18OCT,2287259,china,2025-07-27T16:19:48.881858Z,100,优惠券礼物已支付。
CUINAPAC18OCT,Mrc233,china,2025-07-27T16:21:42.951237Z,100,优惠券礼物已支付。
CUINAPAC18OCT,weiweitop,china,2025-07-27T16:23:05.299362Z,100,优惠券礼物已支付。
CUINAPAC18OCT,DRXDRC,china,2025-07-27T16:23:57.486422Z,100,优惠券礼物已支付。
0ETN45TH20A774EH,hunt1ey2,china,2025-07-28T00:53:32.880679Z,(H304),已使用过的优惠券代码。
sw2025jul9ua,hunt1ey2,china,2025-07-28T00:55:19.646706Z,100,优惠券礼物已支付。
1L2PS3M9,hunt1ey2,china,2025-07-28T00:56:08.271468Z,(H304),已使用过的优惠券代码。
W3LCOME2SWC25APAC,hunt1ey2,china,2025-07-28T00:56:32.363615Z,(H304),已使用过的优惠券代码。
Swc25seaultyeet,hunt1ey2,china,2025-07-28T00:58:25.700258Z,(H304),已使用过的优惠券代码。
20allezbleuswc25,hunt1ey2,china,2025-07-28T01:00:30.478358Z,(H304),已使用过的优惠券代码。
25r0ad2p4riswc,hunt1ey2,china,2025-07-28T01:01:39.975176Z,100,优惠券礼物已支付。
4P4C15H3R3,hunt1ey2,china,2025-07-28T01:03:09.464108Z,(H304),已使用过的优惠券代码。
CUINAPAC18OCT,hunt1ey2,china,2025-07-28T01:05:10.282404Z,(H304),已使用过的优惠券代码。
SWCBUSAN25GMG,samuer007,china,2025-08-02T19:08:07.696525Z,100,优惠券礼物已支付。
SWCBUSAN25GMG,safety007,china,2025-08-02T19:09:01.669085Z,100,优惠券礼物已支付。
SWCBUSAN25GMG,1940519852,china,2025-08-02T19:10:38.531857Z,100,优惠券礼物已支付。
SWCBUSAN25GMG,763066,china,2025-08-02T19:12:04.411375Z,100,优惠券礼物已支付。
SWCBUSAN25GMG,Vittical,china,2025-08-02T19:13:48.042534Z,100,优惠券礼物已支付。
SWCBUSAN25GMG,759830,china,2025-08-02T19:14:33.587110Z,100,优惠券礼物已支付。
SWCBUSAN25GMG,ZQLDHJ,china,2025-08-02T19:16:05.925722Z,100,优惠券礼物已支付。
SWCBUSAN25GMG,zhang921027,china,2025-08-02T19:17:10.729522Z,100,优惠券礼物已支付。
SWCBUSAN25GMG,hyyni1234,china,2025-08-02T19:18:55.748761Z,100,优惠券礼物已支付。
SWCBUSAN25GMG,ZXFAILXY0322,china,2025-08-02T19:20:41.859753Z,100,优惠券礼物已支付。
SWCBUSAN25GMG,linchao0510,china,2025-08-02T19:22:19.838934Z,100,优惠券礼物已支付。
SWCBUSAN25GMG,gcnu2768,china,2025-08-02T19:24:17.655629Z,(H304),已使用过的优惠券代码。
SWCBUSAN25GMG,wwcc998,china,2025-08-02T19:24:52.909884Z,100,优惠券礼物已支付。
SWCBUSAN25GMG,78619630,china,2025-08-02T19:26:43.265766Z,(H304),已使用过的优惠券代码。
SWCBUSAN25GMG,jk187,china,2025-08-02T19:27:52.795858Z,(H304),已使用过的优惠券代码。
SWCBUSAN25GMG,dshujun,china,2025-08-02T19:29:53.093647Z,(H304),已使用过的优惠券代码。
SWCBUSAN25GMG,kkws228,china,2025-08-02T19:30:22.704574Z,100,优惠券礼物已支付。
SWCBUSAN25GMG,1029709109,china,2025-08-02T19:31:11.386097Z,100,优惠券礼物已支付。
SWCBUSAN25GMG,yh.24288,china,2025-08-02T19:32:30.166750Z,(H304),已使用过的优惠券代码。
SWCBUSAN25GMG,hedgehogss,china,2025-08-02T19:32:56.451746Z,100,优惠券礼物已支付。
SWCBUSAN25GMG,si04172,china,2025-08-02T19:33:39.245931Z,100,优惠券礼物已支付。
SWCBUSAN25GMG,828511124,china,2025-08-02T19:35:29.225107Z,100,优惠券礼物已支付。
SWCBUSAN25GMG,1711365230,china,2025-08-02T19:36:09.293373Z,100,优惠券礼物已支付。
SWCBUSAN25GMG,ycshangtian,china,2025-08-02T19:37:25.824652Z,(H304),已使用过的优惠券代码。
SWCBUSAN25GMG,lz0319,china,2025-08-02T19:38:55.501742Z,(H304),已使用过的优惠券代码。
SWCBUSAN25GMG,tth578,china,2025-08-02T19:40:22.208927Z,100,优惠券礼物已支付。
SWCBUSAN25GMG,2287259,china,2025-08-02T19:41:19.291633Z,100,优惠券礼物已支付。
SWCBUSAN25GMG,Mrc233,china,2025-08-02T19:43:09.691883Z,100,优惠券礼物已支付。
SWCBUSAN25GMG,weiweitop,china,2025-08-02T19:44:37.056934Z,100,优惠券礼物已支付。
SWCBUSAN25GMG,DRXDRC,china,2025-08-02T19:46:22.593411Z,100,优惠券礼物已支付。
SWCBUSAN25GMG,hunt1ey2,china,2025-08-02T19:47:25.003777Z,100,优惠券礼物已支付。
4THLESSON4SWC,samuer007,china,2025-08-03T16:21:05.854804Z,100,优惠券礼物已支付。
PRELIM20FVRSWC25,samuer007,china,2025-08-03T16:21:28.861002Z,100,优惠券礼物已支付。
20M1SSEDUSOAM25,samuer007,china,2025-08-03T16:22:34.265424Z,100,优惠券礼物已支付。
SWC20MOTCHAMJI25,samuer007,china,2025-08-03T16:24:37.901849Z,100,优惠券礼物已支付。
4THLESSON4SWC,safety007,china,2025-08-03T16:26:09.586128Z,100,优惠券礼物已支付。
PRELIM20FVRSWC25,safety007,china,2025-08-03T16:27:40.504271Z,100,优惠券礼物已支付。
20M1SSEDUSOAM25,safety007,china,2025-08-03T16:28:53.735772Z,100,优惠券礼物已支付。
SWC20MOTCHAMJI25,safety007,china,2025-08-03T16:29:34.299151Z,100,优惠券礼物已支付。
4THLESSON4SWC,1940519852,china,2025-08-03T16:31:05.056229Z,100,优惠券礼物已支付。
PRELIM20FVRSWC25,1940519852,china,2025-08-03T16:32:48.060287Z,100,优惠券礼物已支付。
20M1SSEDUSOAM25,1940519852,china,2025-08-03T16:34:30.081387Z,100,优惠券礼物已支付。
SWC20MOTCHAMJI25,1940519852,china,2025-08-03T16:35:54.108792Z,100,优惠券礼物已支付。
4THLESSON4SWC,763066,china,2025-08-03T16:37:59.765822Z,100,优惠券礼物已支付。
PRELIM20FVRSWC25,763066,china,2025-08-03T16:39:06.088650Z,100,优惠券礼物已支付。
20M1SSEDUSOAM25,763066,china,2025-08-03T16:40:30.055482Z,100,优惠券礼物已支付。
SWC20MOTCHAMJI25,763066,china,2025-08-03T16:42:28.555028Z,100,优惠券礼物已支付。
4THLESSON4SWC,Vittical,china,2025-08-03T16:43:02.943176Z,100,优惠券礼物已支付。
PRELIM20FVRSWC25,Vittical,china,2025-08-03T16:44:39.551325Z,100,优惠券礼物已支付。
20M1SSEDUSOAM25,Vittical,china,2025-08-03T16:45:13.498374Z,100,优惠券礼物已支付。
SWC20MOTCHAMJI25,Vittical,china,2025-08-03T16:46:37.127151Z,100,优惠券礼物已支付。
4THLESSON4SWC,759830,china,2025-08-03T16:48:39.321771Z,100,优惠券礼物已支付。
PRELIM20FVRSWC25,759830,china,2025-08-03T16:50:40.107486Z,100,优惠券礼物已支付。
20M1SSEDUSOAM25,759830,china,2025-08-03T16:51:26.098446Z,100,优惠券礼物已支付。
SWC20MOTCHAMJI25,759830,china,2025-08-03T16:52:42.679467Z,100,优惠券礼物已支付。
4THLESSON4SWC,ZQLDHJ,china,2025-08-03T16:54:25.282537Z,100,优惠券礼物已支付。
PRELIM20FVRSWC25,ZQLDHJ,china,2025-08-03T16:56:15.219247Z,100,优惠券礼物已支付。
20M1SSEDUSOAM25,ZQLDHJ,china,2025-08-03T16:58:15.634601Z,100,优惠券礼物已支付。
SWC20MOTCHAMJI25,ZQLDHJ,china,2025-08-03T16:58:56.054115Z,100,优惠券礼物已支付。
4THLESSON4SWC,zhang921027,china,2025-08-03T17:00:44.136875Z,100,优惠券礼物已支付。
PRELIM20FVRSWC25,zhang921027,china,2025-08-03T17:02:45.844519Z,100,优惠券礼物已支付。
20M1SSEDUSOAM25,zhang921027,china,2025-08-03T17:04:11.540639Z,100,优惠券礼物已支付。
SWC20MOTCHAMJI25,zhang921027,china,2025-08-03T17:05:38.614917Z,100,优惠券礼物已支付。
4THLESSON4SWC,hyyni1234,china,2025-08-03T17:06:56.898941Z,100,优惠券礼物已支付。
PRELIM20FVRSWC25,hyyni1234,china,2025-08-03T17:07:59.983557Z,100,优惠券礼物已支付。
20M1SSEDUSOAM25,hyyni1234,china,2025-08-03T17:09:10.339751Z,100,优惠券礼物已支付。
SWC20MOTCHAMJI25,hyyni1234,china,2025-08-03T17:11:16.330736Z,100,优惠券礼物已支付。
4THLESSON4SWC,ZXFAILXY0322,china,2025-08-03T17:12:36.472476Z,100,优惠券礼物已支付。
PRELIM20FVRSWC25,ZXFAILXY0322,china,2025-08-03T17:13:22.705929Z,100,优惠券礼物已支付。
20M1SSEDUSOAM25,ZXFAILXY0322,china,2025-08-03T17:13:48.851921Z,100,优惠券礼物已支付。
SWC20MOTCHAMJI25,ZXFAILXY0322,china,2025-08-03T17:15:15.054323Z,100,优惠券礼物已支付。
4THLESSON4SWC,linchao0510,china,2025-08-03T17:16:06.724864Z,100,优惠券礼物已支付。
PRELIM20FVRSWC25,linchao0510,china,2025-08-03T17:17:59.108229Z,100,优惠券礼物已支付。
20M1SSEDUSOAM25,linchao0510,china,2025-08-03T17:19:52.424328Z,100,优惠券礼物已支付。
SWC20MOTCHAMJI25,linchao0510,china,2025-08-03T17:20:37.984473Z,100,优惠券礼物已支付。
4THLESSON4SWC,gcnu2768,china,2025-08-03T17:21:10.236194Z,100,优惠券礼物已支付。
PRELIM20FVRSWC25,gcnu2768,china,2025-08-03T17:21:42.570643Z,(H304),已使用过的优惠券代码。
20M1SSEDUSOAM25,gcnu2768,china,2025-08-03T17:23:29.599948Z,(H304),已使用过的优惠券代码。
SWC20MOTCHAMJI25,gcnu2768,china,2025-08-03T17:24:22.115748Z,(H304),已使用过的优惠券代码。
4THLESSON4SWC,wwcc998,china,2025-08-03T17:25:40.216629Z,100,优惠券礼物已支付。
PRELIM20FVRSWC25,wwcc998,china,2025-08-03T17:27:21.831093Z,100,优惠券礼物已支付。
20M1SSEDUSOAM25,wwcc998,china,2025-08-03T17:29:13.292866Z,100,优惠券礼物已支付。
SWC20MOTCHAMJI25,wwcc998,china,2025-08-03T17:31:06.038286Z,100,优惠券礼物已支付。
4THLESSON4SWC,78619630,china,2025-08-03T17:32:54.250962Z,(H304),已使用过的优惠券代码。
PRELIM20FVRSWC25,78619630,china,2025-08-03T17:34:44.554600Z,100,优惠券礼物已支付。
20M1SSEDUSOAM25,78619630,china,2025-08-03T17:36:44.173907Z,(H304),已使用过的优惠券代码。
SWC20MOTCHAMJI25,78619630,china,2025-08-03T17:38:40.324733Z,(H304),已使用过的优惠券代码。
4THLESSON4SWC,jk187,china,2025-08-03T17:40:01.415508Z,(H304),已使用过的优惠券代码。
PRELIM20FVRSWC25,jk187,china,2025-08-03T17:41:50.428497Z,100,优惠券礼物已支付。
20M1SSEDUSOAM25,jk187,china,2025-08-03T17:43:30.815639Z,100,优惠券礼物已支付。
SWC20MOTCHAMJI25,jk187,china,2025-08-03T17:44:04.011747Z,(H304),已使用过的优惠券代码。
4THLESSON4SWC,dshujun,china,2025-08-03T17:45:49.374313Z,(H304),已使用过的优惠券代码。
PRELIM20FVRSWC25,dshujun,china,2025-08-03T17:46:09.858520Z,100,优惠券礼物已支付。
20M1SSEDUSOAM25,dshujun,china,2025-08-03T17:48:17.377407Z,100,优惠券礼物已支付。
SWC20MOTCHAMJI25,dshujun,china,2025-08-03T17:50:01.349497Z,(H304),已使用过的优惠券代码。
4THLESSON4SWC,kkws228,china,2025-08-03T17:50:31.650949Z,100,优惠券礼物已支付。
PRELIM20FVRSWC25,kkws228,china,2025-08-03T17:51:14.140831Z,100,优惠券礼物已支付。
20M1SSEDUSOAM25,kkws228,china,2025-08-03T17:52:12.286173Z,100,优惠券礼物已支付。
SWC20MOTCHAMJI25,kkws228,china,2025-08-03T17:52:35.236093Z,(H304),已使用过的优惠券代码。
4THLESSON4SWC,1029709109,china,2025-08-03T17:53:59.257100Z,100,优惠券礼物已支付。
PRELIM20FVRSWC25,1029709109,china,2025-08-03T17:55:22.072270Z,100,优惠券礼物已支付。
20M1SSEDUSOAM25,1029709109,china,2025-08-03T17:56:28.865373Z,100,优惠券礼物已支付。
SWC20MOTCHAMJI25,1029709109,china,2025-08-03T17:57:19.099622Z,100,优惠券礼物已支付。
4THLESSON4SWC,yh.24288,china,2025-08-03T17:58:52.222877Z,(H304),已使用过的优惠券代码。
PRELIM20FVRSWC25,yh.24288,china,2025-08-03T17:59:41.167351Z,(H304),已使用过的优惠券代码。
20M1SSEDUSOAM25,yh.24288,china,2025-08-03T18:01:13.392169Z,(H304),已使用过的优惠券代码。
SWC20MOTCHAMJI25,yh.24288,china,2025-08-03T18:03:06.418320Z,(H304),已使用过的优惠券代码。
4THLESSON4SWC,hedgehogss,china,2025-08-03T18:04:48.263848Z,100,优惠券礼物已支付。
PRELIM20FVRSWC25,hedgehogss,china,2025-08-03T18:05:37.888798Z,100,优惠券礼物已支付。
20M1SSEDUSOAM25,hedgehogss,china,2025-08-03T18:07:31.641138Z,100,优惠券礼物已支付。
SWC20MOTCHAMJI25,hedgehogss,china,2025-08-03T18:08:54.050645Z,100,优惠券礼物已支付。
4THLESSON4SWC,si04172,china,2025-08-03T18:10:02.472981Z,100,优惠券礼物已支付。
PRELIM20FVRSWC25,si04172,china,2025-08-03T18:10:58.061452Z,100,优惠券礼物已支付。
20M1SSEDUSOAM25,si04172,china,2025-08-03T18:12:12.874294Z,100,优惠券礼物已支付。
SWC20MOTCHAMJI25,si04172,china,2025-08-03T18:13:22.517524Z,100,优惠券礼物已支付。
4THLESSON4SWC,828511124,china,2025-08-03T18:13:55.184624Z,100,优惠券礼物已支付。
PRELIM20FVRSWC25,828511124,china,2025-08-03T18:14:23.658440Z,(H304),已使用过的优惠券代码。
20M1SSEDUSOAM25,828511124,china,2025-08-03T18:16:11.972860Z,(H304),已使用过的优惠券代码。
SWC20MOTCHAMJI25,828511124,china,2025-08-03T18:17:42.491942Z,100,优惠券礼物已支付。
4THLESSON4SWC,1711365230,china,2025-08-03T18:18:18.130956Z,100,优惠券礼物已支付。
PRELIM20FVRSWC25,1711365230,china,2025-08-03T18:19:12.446878Z,100,优惠券礼物已支付。
20M1SSEDUSOAM25,1711365230,china,2025-08-03T18:19:33.154201Z,100,优惠券礼物已支付。
SWC20MOTCHAMJI25,1711365230,china,2025-08-03T18:21:23.384845Z,100,优惠券礼物已支付。
4THLESSON4SWC,ycshangtian,china,2025-08-03T18:21:55.718818Z,(H304),已使用过的优惠券代码。
PRELIM20FVRSWC25,ycshangtian,china,2025-08-03T18:23:48.723997Z,(H304),已使用过的优惠券代码。
20M1SSEDUSOAM25,ycshangtian,china,2025-08-03T18:25:05.646448Z,(H304),已使用过的优惠券代码。
SWC20MOTCHAMJI25,ycshangtian,china,2025-08-03T18:26:18.566569Z,(H304),已使用过的优惠券代码。
4THLESSON4SWC,lz0319,china,2025-08-03T18:27:03.250217Z,(H304),已使用过的优惠券代码。
PRELIM20FVRSWC25,lz0319,china,2025-08-03T18:28:29.577862Z,(H304),已使用过的优惠券代码。
20M1SSEDUSOAM25,lz0319,china,2025-08-03T18:30:34.172422Z,(H304),已使用过的优惠券代码。
SWC20MOTCHAMJI25,lz0319,china,2025-08-03T18:32:28.195466Z,(H304),已使用过的优惠券代码。
4THLESSON4SWC,tth578,china,2025-08-03T18:34:08.319174Z,100,优惠券礼物已支付。
PRELIM20FVRSWC25,tth578,china,2025-08-03T18:36:10.168127Z,(H304),已使用过的优惠券代码。
20M1SSEDUSOAM25,tth578,china,2025-08-03T18:37:12.680076Z,(H304),已使用过的优惠券代码。
SWC20MOTCHAMJI25,tth578,china,2025-08-03T18:38:12.653837Z,(H304),已使用过的优惠券代码。
4THLESSON4SWC,2287259,china,2025-08-03T18:39:18.402609Z,100,优惠券礼物已支付。
PRELIM20FVRSWC25,2287259,china,2025-08-03T18:40:34.730138Z,100,优惠券礼物已支付。
20M1SSEDUSOAM25,2287259,china,2025-08-03T18:42:22.114188Z,100,优惠券礼物已支付。
SWC20MOTCHAMJI25,2287259,china,2025-08-03T18:42:52.221134Z,100,优惠券礼物已支付。
4THLESSON4SWC,Mrc233,china,2025-08-03T18:44:20.280596Z,100,优惠券礼物已支付。
PRELIM20FVRSWC25,Mrc233,china,2025-08-03T18:45:07.061059Z,100,优惠券礼物已支付。
20M1SSEDUSOAM25,Mrc233,china,2025-08-03T18:45:36.474114Z,100,优惠券礼物已支付。
SWC20MOTCHAMJI25,Mrc233,china,2025-08-03T18:47:25.159001Z,100,优惠券礼物已支付。
4THLESSON4SWC,weiweitop,china,2025-08-03T18:48:17.565183Z,100,优惠券礼物已支付。
PRELIM20FVRSWC25,weiweitop,china,2025-08-03T18:50:06.205974Z,100,优惠券礼物已支付。
20M1SSEDUSOAM25,weiweitop,china,2025-08-03T18:51:51.534881Z,100,优惠券礼物已支付。
SWC20MOTCHAMJI25,weiweitop,china,2025-08-03T18:53:30.475649Z,100,优惠券礼物已支付。
4THLESSON4SWC,DRXDRC,china,2025-08-03T18:54:52.134009Z,100,优惠券礼物已支付。
PRELIM20FVRSWC25,DRXDRC,china,2025-08-03T18:56:02.967584Z,100,优惠券礼物已支付。
20M1SSEDUSOAM25,DRXDRC,china,2025-08-03T18:56:57.357260Z,100,优惠券礼物已支付。
SWC20MOTCHAMJI25,DRXDRC,china,2025-08-03T18:58:28.273487Z,100,优惠券礼物已支付。
4THLESSON4SWC,hunt1ey2,china,2025-08-03T19:00:04.498894Z,100,优惠券礼物已支付。
PRELIM20FVRSWC25,hunt1ey2,china,2025-08-03T19:00:43.587109Z,100,优惠券礼物已支付。
20M1SSEDUSOAM25,hunt1ey2,china,2025-08-03T19:01:50.914317Z,100,优惠券礼物已支付。
SWC20MOTCHAMJI25,hunt1ey2,china,2025-08-03T19:03:34.629080Z,100,优惠券礼物已支付。
haiyou4geweizhi,samuer007,china,2025-08-09T19:36:06.065666Z,100,优惠券礼物已支付。
SWCZHENGSHIKAIMU,samuer007,china,2025-08-09T19:36:40.746443Z,100,优惠券礼物已支付。
haiyou4geweizhi,safety007,china,2025-08-09T19:38:28.104318Z,100,优惠券礼物已支付。
SWCZHENGSHIKAIMU,safety007,china,2025-08-09T19:40:02.719649Z,100,优惠券礼物已支付。
haiyou4geweizhi,1940519852,china,2025-08-09T19:41:52.598181Z,100,优惠券礼物已支付。
SWCZHENGSHIKAIMU,1940519852,china,2025-08-09T19:43:48.953131Z,100,优惠券礼物已支付。
haiyou4geweizhi,763066,china,2025-08-09T19:45:02.582267Z,100,优惠券礼物已支付。
SWCZHENGSHIKAIMU,763066,china,2025-08-09T19:45:34.295131Z,100,优惠券礼物已支付。
haiyou4geweizhi,Vittical,china,2025-08-09T19:46:08.650511Z,100,优惠券礼物已支付。
SWCZHENGSHIKAIMU,Vittical,china,2025-08-09T19:47:40.903747Z,100,优惠券礼物已支付。
haiyou4geweizhi,759830,china,2025-08-09T19:48:48.197413Z,100,优惠券礼物已支付。
SWCZHENGSHIKAIMU,759830,china,2025-08-09T19:49:16.474336Z,100,优惠券礼物已支付。
haiyou4geweizhi,ZQLDHJ,china,2025-08-09T19:51:15.300890Z,100,优惠券礼物已支付。
SWCZHENGSHIKAIMU,ZQLDHJ,china,2025-08-09T19:52:09.906244Z,100,优惠券礼物已支付。
haiyou4geweizhi,zhang921027,china,2025-08-09T19:53:26.754287Z,(H304),已使用过的优惠券代码。
SWCZHENGSHIKAIMU,zhang921027,china,2025-08-09T19:55:12.728984Z,(H304),已使用过的优惠券代码。
haiyou4geweizhi,hyyni1234,china,2025-08-09T19:56:33.263384Z,100,优惠券礼物已支付。
SWCZHENGSHIKAIMU,hyyni1234,china,2025-08-09T19:57:06.893084Z,100,优惠券礼物已支付。
haiyou4geweizhi,ZXFAILXY0322,china,2025-08-09T19:58:13.068358Z,100,优惠券礼物已支付。
SWCZHENGSHIKAIMU,ZXFAILXY0322,china,2025-08-09T19:58:54.030512Z,100,优惠券礼物已支付。
haiyou4geweizhi,linchao0510,china,2025-08-09T20:00:47.463161Z,(H304),已使用过的优惠券代码。
SWCZHENGSHIKAIMU,linchao0510,china,2025-08-09T20:02:04.443079Z,(H304),已使用过的优惠券代码。
haiyou4geweizhi,gcnu2768,china,2025-08-09T20:03:31.494354Z,100,优惠券礼物已支付。
SWCZHENGSHIKAIMU,gcnu2768,china,2025-08-09T20:04:32.639462Z,100,优惠券礼物已支付。
haiyou4geweizhi,wwcc998,china,2025-08-09T20:05:57.101703Z,100,优惠券礼物已支付。
SWCZHENGSHIKAIMU,wwcc998,china,2025-08-09T20:07:16.629644Z,100,优惠券礼物已支付。
haiyou4geweizhi,78619630,china,2025-08-09T20:07:42.528665Z,100,优惠券礼物已支付。
SWCZHENGSHIKAIMU,78619630,china,2025-08-09T20:08:54.571984Z,100,优惠券礼物已支付。
haiyou4geweizhi,jk187,china,2025-08-09T20:10:21.111670Z,(H304),已使用过的优惠券代码。
SWCZHENGSHIKAIMU,jk187,china,2025-08-09T20:12:09.865682Z,(H304),已使用过的优惠券代码。
haiyou4geweizhi,dshujun,china,2025-08-09T20:13:04.487307Z,(H304),已使用过的优惠券代码。
SWCZHENGSHIKAIMU,dshujun,china,2025-08-09T20:14:29.141469Z,(H304),已使用过的优惠券代码。
haiyou4geweizhi,kkws228,china,2025-08-09T20:16:31.192007Z,(H304),已使用过的优惠券代码。
SWCZHENGSHIKAIMU,kkws228,china,2025-08-09T20:17:21.401673Z,(H304),已使用过的优惠券代码。
haiyou4geweizhi,1029709109,china,2025-08-09T20:19:14.506851Z,100,优惠券礼物已支付。
SWCZHENGSHIKAIMU,1029709109,china,2025-08-09T20:21:09.256930Z,100,优惠券礼物已支付。
haiyou4geweizhi,yh.24288,china,2025-08-09T20:21:58.021472Z,100,优惠券礼物已支付。
SWCZHENGSHIKAIMU,yh.24288,china,2025-08-09T20:22:56.756345Z,(H304),已使用过的优惠券代码。
haiyou4geweizhi,hedgehogss,china,2025-08-09T20:24:21.513637Z,100,优惠券礼物已支付。
SWCZHENGSHIKAIMU,hedgehogss,china,2025-08-09T20:24:50.474494Z,100,优惠券礼物已支付。
haiyou4geweizhi,si04172,china,2025-08-09T20:26:33.716459Z,100,优惠券礼物已支付。
SWCZHENGSHIKAIMU,si04172,china,2025-08-09T20:27:22.333744Z,100,优惠券礼物已支付。
haiyou4geweizhi,828511124,china,2025-08-09T20:28:25.857483Z,100,优惠券礼物已支付。
SWCZHENGSHIKAIMU,828511124,china,2025-08-09T20:29:53.334731Z,100,优惠券礼物已支付。
haiyou4geweizhi,1711365230,china,2025-08-09T20:30:17.063922Z,(H304),已使用过的优惠券代码。
SWCZHENGSHIKAIMU,1711365230,china,2025-08-09T20:30:49.066368Z,(H304),已使用过的优惠券代码。
haiyou4geweizhi,ycshangtian,china,2025-08-09T20:32:37.748998Z,(H304),已使用过的优惠券代码。
SWCZHENGSHIKAIMU,ycshangtian,china,2025-08-09T20:34:38.664971Z,(H304),已使用过的优惠券代码。
haiyou4geweizhi,lz0319,china,2025-08-09T20:36:38.040430Z,(H304),已使用过的优惠券代码。
SWCZHENGSHIKAIMU,lz0319,china,2025-08-09T20:37:56.611812Z,(H304),已使用过的优惠券代码。
haiyou4geweizhi,tth578,china,2025-08-09T20:38:23.140443Z,100,优惠券礼物已支付。
SWCZHENGSHIKAIMU,tth578,china,2025-08-09T20:40:26.795411Z,100,优惠券礼物已支付。
haiyou4geweizhi,2287259,china,2025-08-09T20:41:15.285833Z,100,优惠券礼物已支付。
SWCZHENGSHIKAIMU,2287259,china,2025-08-09T20:41:49.616397Z,100,优惠券礼物已支付。
haiyou4geweizhi,Mrc233,china,2025-08-09T20:42:29.444683Z,100,优惠券礼物已支付。
SWCZHENGSHIKAIMU,Mrc233,china,2025-08-09T20:44:22.414862Z,100,优惠券礼物已支付。
haiyou4geweizhi,weiweitop,china,2025-08-09T20:46:13.576803Z,100,优惠券礼物已支付。
SWCZHENGSHIKAIMU,weiweitop,china,2025-08-09T20:47:09.416396Z,100,优惠券礼物已支付。
haiyou4geweizhi,DRXDRC,china,2025-08-09T20:48:38.674021Z,100,优惠券礼物已支付。
SWCZHENGSHIKAIMU,DRXDRC,china,2025-08-09T20:50:34.401116Z,100,优惠券礼物已支付。
haiyou4geweizhi,hunt1ey2,china,2025-08-09T20:52:18.368511Z,100,优惠券礼物已支付。
SWCZHENGSHIKAIMU,hunt1ey2,china,2025-08-09T20:53:34.586122Z,100,优惠券礼物已支付。
COME2BRAZILSWC,samuer007,china,2025-08-10T14:17:10.648948Z,100,优惠券礼物已支付。
GUE22NEXT4BRASIL,samuer007,china,2025-08-10T14:18:33.694811Z,100,优惠券礼物已支付。
COME2BRAZILSWC,safety007,china,2025-08-10T14:19:10.294556Z,100,优惠券礼物已支付。
GUE22NEXT4BRASIL,safety007,china,2025-08-10T14:20:54.856602Z,100,优惠券礼物已支付。
COME2BRAZILSWC,1940519852,china,2025-08-10T14:22:49.487751Z,100,优惠券礼物已支付。
GUE22NEXT4BRASIL,1940519852,china,2025-08-10T14:23:41.287532Z,100,优惠券礼物已支付。
COME2BRAZILSWC,763066,china,2025-08-10T14:25:17.137094Z,100,优惠券礼物已支付。
GUE22NEXT4BRASIL,763066,china,2025-08-10T14:27:00.336120Z,100,优惠券礼物已支付。
COME2BRAZILSWC,Vittical,china,2025-08-10T14:28:54.196929Z,100,优惠券礼物已支付。
GUE22NEXT4BRASIL,Vittical,china,2025-08-10T14:30:15.364383Z,100,优惠券礼物已支付。
COME2BRAZILSWC,759830,china,2025-08-10T14:32:11.075683Z,100,优惠券礼物已支付。
GUE22NEXT4BRASIL,759830,china,2025-08-10T14:33:49.258472Z,100,优惠券礼物已支付。
COME2BRAZILSWC,ZQLDHJ,china,2025-08-10T14:34:56.694738Z,100,优惠券礼物已支付。
GUE22NEXT4BRASIL,ZQLDHJ,china,2025-08-10T14:35:35.133053Z,100,优惠券礼物已支付。
COME2BRAZILSWC,zhang921027,china,2025-08-10T14:36:43.390020Z,100,优惠券礼物已支付。
GUE22NEXT4BRASIL,zhang921027,china,2025-08-10T14:38:45.237555Z,100,优惠券礼物已支付。
COME2BRAZILSWC,hyyni1234,china,2025-08-10T14:39:19.805766Z,100,优惠券礼物已支付。
GUE22NEXT4BRASIL,hyyni1234,china,2025-08-10T14:40:57.190969Z,100,优惠券礼物已支付。
COME2BRAZILSWC,ZXFAILXY0322,china,2025-08-10T14:42:27.418554Z,100,优惠券礼物已支付。
GUE22NEXT4BRASIL,ZXFAILXY0322,china,2025-08-10T14:43:14.048592Z,100,优惠券礼物已支付。
COME2BRAZILSWC,linchao0510,china,2025-08-10T14:44:44.381480Z,100,优惠券礼物已支付。
GUE22NEXT4BRASIL,linchao0510,china,2025-08-10T14:45:50.143225Z,100,优惠券礼物已支付。
COME2BRAZILSWC,gcnu2768,china,2025-08-10T14:46:27.875393Z,(H304),已使用过的优惠券代码。
GUE22NEXT4BRASIL,gcnu2768,china,2025-08-10T14:47:59.468237Z,100,优惠券礼物已支付。
COME2BRAZILSWC,wwcc998,china,2025-08-10T14:49:43.881568Z,100,优惠券礼物已支付。
GUE22NEXT4BRASIL,wwcc998,china,2025-08-10T14:51:44.951997Z,100,优惠券礼物已支付。
COME2BRAZILSWC,78619630,china,2025-08-10T14:53:16.841285Z,100,优惠券礼物已支付。
GUE22NEXT4BRASIL,78619630,china,2025-08-10T14:55:07.053983Z,100,优惠券礼物已支付。
COME2BRAZILSWC,jk187,china,2025-08-10T14:56:04.575552Z,(H304),已使用过的优惠券代码。
GUE22NEXT4BRASIL,jk187,china,2025-08-10T14:56:59.009548Z,(H304),已使用过的优惠券代码。
COME2BRAZILSWC,dshujun,china,2025-08-10T14:58:17.983680Z,(H304),已使用过的优惠券代码。
GUE22NEXT4BRASIL,dshujun,china,2025-08-10T14:59:46.657974Z,(H304),已使用过的优惠券代码。
COME2BRAZILSWC,kkws228,china,2025-08-10T15:00:19.338833Z,100,优惠券礼物已支付。
GUE22NEXT4BRASIL,kkws228,china,2025-08-10T15:02:16.468941Z,100,优惠券礼物已支付。
COME2BRAZILSWC,1029709109,china,2025-08-10T15:03:28.921848Z,100,优惠券礼物已支付。
GUE22NEXT4BRASIL,1029709109,china,2025-08-10T15:05:13.375474Z,100,优惠券礼物已支付。
COME2BRAZILSWC,yh.24288,china,2025-08-10T15:05:52.691560Z,(H304),已使用过的优惠券代码。
GUE22NEXT4BRASIL,yh.24288,china,2025-08-10T15:07:10.262648Z,(H304),已使用过的优惠券代码。
COME2BRAZILSWC,hedgehogss,china,2025-08-10T15:07:35.907351Z,100,优惠券礼物已支付。
GUE22NEXT4BRASIL,hedgehogss,china,2025-08-10T15:08:47.855464Z,100,优惠券礼物已支付。
COME2BRAZILSWC,si04172,china,2025-08-10T15:09:56.165496Z,100,优惠券礼物已支付。
GUE22NEXT4BRASIL,si04172,china,2025-08-10T15:11:10.504244Z,100,优惠券礼物已支付。
COME2BRAZILSWC,828511124,china,2025-08-10T15:12:45.678497Z,100,优惠券礼物已支付。
GUE22NEXT4BRASIL,828511124,china,2025-08-10T15:14:02.209658Z,100,优惠券礼物已支付。
COME2BRAZILSWC,1711365230,china,2025-08-10T15:15:46.392431Z,100,优惠券礼物已支付。
GUE22NEXT4BRASIL,1711365230,china,2025-08-10T15:17:11.571860Z,100,优惠券礼物已支付。
COME2BRAZILSWC,ycshangtian,china,2025-08-10T15:18:02.696139Z,(H304),已使用过的优惠券代码。
GUE22NEXT4BRASIL,ycshangtian,china,2025-08-10T15:18:36.297399Z,(H304),已使用过的优惠券代码。
COME2BRAZILSWC,lz0319,china,2025-08-10T15:19:33.684615Z,(H304),已使用过的优惠券代码。
GUE22NEXT4BRASIL,lz0319,china,2025-08-10T15:20:11.329398Z,(H304),已使用过的优惠券代码。
COME2BRAZILSWC,tth578,china,2025-08-10T15:21:50.174926Z,100,优惠券礼物已支付。
GUE22NEXT4BRASIL,tth578,china,2025-08-10T15:23:55.609262Z,100,优惠券礼物已支付。
COME2BRAZILSWC,2287259,china,2025-08-10T15:24:57.405326Z,100,优惠券礼物已支付。
GUE22NEXT4BRASIL,2287259,china,2025-08-10T15:26:40.532156Z,100,优惠券礼物已支付。
COME2BRAZILSWC,Mrc233,china,2025-08-10T15:27:53.899894Z,100,优惠券礼物已支付。
GUE22NEXT4BRASIL,Mrc233,china,2025-08-10T15:28:38.973004Z,100,优惠券礼物已支付。
COME2BRAZILSWC,weiweitop,china,2025-08-10T15:30:17.336684Z,100,优惠券礼物已支付。
GUE22NEXT4BRASIL,weiweitop,china,2025-08-10T15:30:58.689440Z,100,优惠券礼物已支付。
COME2BRAZILSWC,DRXDRC,china,2025-08-10T15:32:43.228784Z,100,优惠券礼物已支付。
GUE22NEXT4BRASIL,DRXDRC,china,2025-08-10T15:34:16.870642Z,100,优惠券礼物已支付。
COME2BRAZILSWC,hunt1ey2,china,2025-08-10T15:35:59.543588Z,100,优惠券礼物已支付。
GUE22NEXT4BRASIL,hunt1ey2,china,2025-08-10T15:37:49.724569Z,100,优惠券礼物已支付。
ZAIHANGZHOUJIAN,samuer007,china,2025-08-10T19:21:11.638179Z,100,优惠券礼物已支付。
ZAIHANGZHOUJIAN,safety007,china,2025-08-10T19:21:56.718027Z,100,优惠券礼物已支付。
ZAIHANGZHOUJIAN,1940519852,china,2025-08-10T19:23:33.471681Z,100,优惠券礼物已支付。
ZAIHANGZHOUJIAN,763066,china,2025-08-10T19:25:13.696064Z,100,优惠券礼物已支付。
ZAIHANGZHOUJIAN,Vittical,china,2025-08-10T19:26:28.972006Z,100,优惠券礼物已支付。
ZAIHANGZHOUJIAN,759830,china,2025-08-10T19:27:08.028074Z,100,优惠券礼物已支付。
ZAIHANGZHOUJIAN,ZQLDHJ,china,2025-08-10T19:28:53.536151Z,100,优惠券礼物已支付。
ZAIHANGZHOUJIAN,zhang921027,china,2025-08-10T19:29:54.256576Z,100,优惠券礼物已支付。
ZAIHANGZHOUJIAN,hyyni1234,china,2025-08-10T19:30:49.470420Z,100,优惠券礼物已支付。
ZAIHANGZHOUJIAN,ZXFAILXY0322,china,2025-08-10T19:32:04.833832Z,100,优惠券礼物已支付。
ZAIHANGZHOUJIAN,linchao0510,china,2025-08-10T19:33:24.331799Z,100,优惠券礼物已支付。
ZAIHANGZHOUJIAN,gcnu2768,china,2025-08-10T19:34:07.736203Z,100,优惠券礼物已支付。
ZAIHANGZHOUJIAN,wwcc998,china,2025-08-10T19:35:01.621647Z,100,优惠券礼物已支付。
ZAIHANGZHOUJIAN,78619630,china,2025-08-10T19:36:17.139336Z,100,优惠券礼物已支付。
ZAIHANGZHOUJIAN,jk187,china,2025-08-10T19:37:33.063729Z,(H304),已使用过的优惠券代码。
ZAIHANGZHOUJIAN,dshujun,china,2025-08-10T19:39:26.685899Z,(H304),已使用过的优惠券代码。
ZAIHANGZHOUJIAN,kkws228,china,2025-08-10T19:40:09.621233Z,100,优惠券礼物已支付。
ZAIHANGZHOUJIAN,1029709109,china,2025-08-10T19:40:34.091152Z,100,优惠券礼物已支付。
ZAIHANGZHOUJIAN,yh.24288,china,2025-08-10T19:42:11.296268Z,100,优惠券礼物已支付。
ZAIHANGZHOUJIAN,hedgehogss,china,2025-08-10T19:43:27.725712Z,100,优惠券礼物已支付。
ZAIHANGZHOUJIAN,si04172,china,2025-08-10T19:44:29.109001Z,100,优惠券礼物已支付。
ZAIHANGZHOUJIAN,828511124,china,2025-08-10T19:46:18.497004Z,100,优惠券礼物已支付。
ZAIHANGZHOUJIAN,1711365230,china,2025-08-10T19:47:25.841255Z,100,优惠券礼物已支付。
ZAIHANGZHOUJIAN,ycshangtian,china,2025-08-10T19:49:09.643421Z,(H304),已使用过的优惠券代码。
ZAIHANGZHOUJIAN,lz0319,china,2025-08-10T19:50:41.200876Z,100,优惠券礼物已支付。
ZAIHANGZHOUJIAN,tth578,china,2025-08-10T19:51:17.939447Z,100,优惠券礼物已支付。
ZAIHANGZHOUJIAN,2287259,china,2025-08-10T19:52:38.323106Z,100,优惠券礼物已支付。
ZAIHANGZHOUJIAN,Mrc233,china,2025-08-10T19:53:32.646998Z,100,优惠券礼物已支付。
ZAIHANGZHOUJIAN,weiweitop,china,2025-08-10T19:54:22.711678Z,100,优惠券礼物已支付。
ZAIHANGZHOUJIAN,DRXDRC,china,2025-08-10T19:56:12.128769Z,100,优惠券礼物已支付。
ZAIHANGZHOUJIAN,hunt1ey2,china,2025-08-10T19:57:52.971735Z,100,优惠券礼物已支付。
ZUIHOUYICIJIHUI,samuer007,china,2025-08-11T16:15:08.063188Z,100,优惠券礼物已支付。
ZUIHOUYICIJIHUI,safety007,china,2025-08-11T16:16:45.940974Z,100,优惠券礼物已支付。
ZUIHOUYICIJIHUI,1940519852,china,2025-08-11T16:17:15.280971Z,100,优惠券礼物已支付。
ZUIHOUYICIJIHUI,763066,china,2025-08-11T16:18:41.635153Z,100,优惠券礼物已支付。
ZUIHOUYICIJIHUI,Vittical,china,2025-08-11T16:19:45.972450Z,100,优惠券礼物已支付。
ZUIHOUYICIJIHUI,759830,china,2025-08-11T16:20:57.834804Z,100,优惠券礼物已支付。
ZUIHOUYICIJIHUI,ZQLDHJ,china,2025-08-11T16:22:04.642302Z,100,优惠券礼物已支付。
ZUIHOUYICIJIHUI,zhang921027,china,2025-08-11T16:22:32.787397Z,(H304),已使用过的优惠券代码。
ZUIHOUYICIJIHUI,hyyni1234,china,2025-08-11T16:23:41.924410Z,(H304),已使用过的优惠券代码。
ZUIHOUYICIJIHUI,ZXFAILXY0322,china,2025-08-11T16:24:14.652516Z,(H304),已使用过的优惠券代码。
ZUIHOUYICIJIHUI,linchao0510,china,2025-08-11T16:25:03.432049Z,(H304),已使用过的优惠券代码。
ZUIHOUYICIJIHUI,gcnu2768,china,2025-08-11T16:25:35.568454Z,100,优惠券礼物已支付。
ZUIHOUYICIJIHUI,wwcc998,china,2025-08-11T16:26:16.085847Z,100,优惠券礼物已支付。
ZUIHOUYICIJIHUI,78619630,china,2025-08-11T16:26:58.989683Z,100,优惠券礼物已支付。
ZUIHOUYICIJIHUI,jk187,china,2025-08-11T16:28:37.720029Z,(H304),已使用过的优惠券代码。
ZUIHOUYICIJIHUI,dshujun,china,2025-08-11T16:30:12.281920Z,(H304),已使用过的优惠券代码。
ZUIHOUYICIJIHUI,kkws228,china,2025-08-11T16:31:32.797420Z,(H304),已使用过的优惠券代码。
ZUIHOUYICIJIHUI,1029709109,china,2025-08-11T16:32:10.351513Z,100,优惠券礼物已支付。
ZUIHOUYICIJIHUI,yh.24288,china,2025-08-11T16:33:48.332163Z,(H304),已使用过的优惠券代码。
ZUIHOUYICIJIHUI,hedgehogss,china,2025-08-11T16:34:29.024928Z,100,优惠券礼物已支付。
ZUIHOUYICIJIHUI,si04172,china,2025-08-11T16:35:41.200844Z,100,优惠券礼物已支付。
ZUIHOUYICIJIHUI,828511124,china,2025-08-11T16:37:28.590307Z,(H304),已使用过的优惠券代码。
ZUIHOUYICIJIHUI,1711365230,china,2025-08-11T16:38:32.809802Z,(H304),已使用过的优惠券代码。
ZUIHOUYICIJIHUI,ycshangtian,china,2025-08-11T16:40:06.289436Z,(H304),已使用过的优惠券代码。
ZUIHOUYICIJIHUI,lz0319,china,2025-08-11T16:41:01.358162Z,(H304),已使用过的优惠券代码。
ZUIHOUYICIJIHUI,tth578,china,2025-08-11T16:42:35.922490Z,100,优惠券礼物已支付。
ZUIHOUYICIJIHUI,2287259,china,2025-08-11T16:43:23.063567Z,100,优惠券礼物已支付。
ZUIHOUYICIJIHUI,Mrc233,china,2025-08-11T16:44:53.060110Z,100,优惠券礼物已支付。
ZUIHOUYICIJIHUI,weiweitop,china,2025-08-11T16:46:12.818253Z,100,优惠券礼物已支付。
ZUIHOUYICIJIHUI,DRXDRC,china,2025-08-11T16:47:08.784762Z,100,优惠券礼物已支付。
ZUIHOUYICIJIHUI,hunt1ey2,china,2025-08-11T16:48:10.982123Z,100,优惠券礼物已支付。
swcshuila520,samuer007,china,2025-08-16T20:23:05.921222Z,100,优惠券礼物已支付。
ZENMOSUSWC2025,samuer007,china,2025-08-16T20:24:08.577938Z,100,优惠券礼物已支付。
swcshuila520,safety007,china,2025-08-16T20:26:11.782156Z,100,优惠券礼物已支付。
ZENMOSUSWC2025,safety007,china,2025-08-16T20:26:46.755238Z,100,优惠券礼物已支付。
swcshuila520,1940519852,china,2025-08-16T20:28:39.554949Z,100,优惠券礼物已支付。
ZENMOSUSWC2025,1940519852,china,2025-08-16T20:29:22.075614Z,100,优惠券礼物已支付。
swcshuila520,763066,china,2025-08-16T20:30:54.408205Z,100,优惠券礼物已支付。
ZENMOSUSWC2025,763066,china,2025-08-16T20:32:17.299556Z,100,优惠券礼物已支付。
swcshuila520,Vittical,china,2025-08-16T20:34:12.870797Z,100,优惠券礼物已支付。
ZENMOSUSWC2025,Vittical,china,2025-08-16T20:35:15.432168Z,100,优惠券礼物已支付。
swcshuila520,759830,china,2025-08-16T20:36:55.907531Z,100,优惠券礼物已支付。
ZENMOSUSWC2025,759830,china,2025-08-16T20:37:41.122442Z,100,优惠券礼物已支付。
swcshuila520,ZQLDHJ,china,2025-08-16T20:38:55.922981Z,100,优惠券礼物已支付。
ZENMOSUSWC2025,ZQLDHJ,china,2025-08-16T20:40:04.147901Z,100,优惠券礼物已支付。
swcshuila520,zhang921027,china,2025-08-16T20:41:23.874312Z,100,优惠券礼物已支付。
ZENMOSUSWC2025,zhang921027,china,2025-08-16T20:42:52.647867Z,100,优惠券礼物已支付。
swcshuila520,hyyni1234,china,2025-08-16T20:44:29.268646Z,100,优惠券礼物已支付。
ZENMOSUSWC2025,hyyni1234,china,2025-08-16T20:46:27.044742Z,100,优惠券礼物已支付。
swcshuila520,ZXFAILXY0322,china,2025-08-16T20:47:02.183883Z,100,优惠券礼物已支付。
ZENMOSUSWC2025,ZXFAILXY0322,china,2025-08-16T20:47:54.514062Z,100,优惠券礼物已支付。
swcshuila520,linchao0510,china,2025-08-16T20:48:19.466486Z,100,优惠券礼物已支付。
ZENMOSUSWC2025,linchao0510,china,2025-08-16T20:48:46.559803Z,100,优惠券礼物已支付。
swcshuila520,gcnu2768,china,2025-08-16T20:50:24.240780Z,100,优惠券礼物已支付。
ZENMOSUSWC2025,gcnu2768,china,2025-08-16T20:50:58.683879Z,100,优惠券礼物已支付。
swcshuila520,wwcc998,china,2025-08-16T20:53:04.609152Z,100,优惠券礼物已支付。
ZENMOSUSWC2025,wwcc998,china,2025-08-16T20:54:39.867204Z,100,优惠券礼物已支付。
swcshuila520,78619630,china,2025-08-16T20:56:06.373063Z,100,优惠券礼物已支付。
ZENMOSUSWC2025,78619630,china,2025-08-16T20:58:15.601228Z,100,优惠券礼物已支付。
swcshuila520,jk187,china,2025-08-16T21:00:04.075502Z,(H304),已使用过的优惠券代码。
ZENMOSUSWC2025,jk187,china,2025-08-16T21:01:28.208339Z,100,优惠券礼物已支付。
swcshuila520,dshujun,china,2025-08-16T21:03:12.669966Z,(H304),已使用过的优惠券代码。
ZENMOSUSWC2025,dshujun,china,2025-08-16T21:05:15.390955Z,100,优惠券礼物已支付。
swcshuila520,kkws228,china,2025-08-16T21:06:13.475189Z,(H304),已使用过的优惠券代码。
ZENMOSUSWC2025,kkws228,china,2025-08-16T21:07:10.347070Z,(H304),已使用过的优惠券代码。
swcshuila520,1029709109,china,2025-08-16T21:08:53.235069Z,100,优惠券礼物已支付。
ZENMOSUSWC2025,1029709109,china,2025-08-16T21:10:55.581165Z,100,优惠券礼物已支付。
swcshuila520,yh.24288,china,2025-08-16T21:12:31.087413Z,(H304),已使用过的优惠券代码。
ZENMOSUSWC2025,yh.24288,china,2025-08-16T21:13:22.226386Z,(H304),已使用过的优惠券代码。
swcshuila520,hedgehogss,china,2025-08-16T21:14:00.218148Z,100,优惠券礼物已支付。
ZENMOSUSWC2025,hedgehogss,china,2025-08-16T21:14:42.562824Z,100,优惠券礼物已支付。
swcshuila520,si04172,china,2025-08-16T21:15:40.107712Z,(H304),已使用过的优惠券代码。
ZENMOSUSWC2025,si04172,china,2025-08-16T21:17:21.975684Z,(H304),已使用过的优惠券代码。
swcshuila520,828511124,china,2025-08-16T21:18:58.899870Z,100,优惠券礼物已支付。
ZENMOSUSWC2025,828511124,china,2025-08-16T21:19:33.092931Z,100,优惠券礼物已支付。
swcshuila520,1711365230,china,2025-08-16T21:21:22.980510Z,100,优惠券礼物已支付。
ZENMOSUSWC2025,1711365230,china,2025-08-16T21:23:06.158995Z,100,优惠券礼物已支付。
swcshuila520,ycshangtian,china,2025-08-16T21:24:42.509480Z,(H304),已使用过的优惠券代码。
ZENMOSUSWC2025,ycshangtian,china,2025-08-16T21:25:50.816302Z,(H304),已使用过的优惠券代码。
swcshuila520,lz0319,china,2025-08-16T21:26:36.815574Z,(H304),已使用过的优惠券代码。
ZENMOSUSWC2025,lz0319,china,2025-08-16T21:26:59.246991Z,(H304),已使用过的优惠券代码。
swcshuila520,tth578,china,2025-08-16T21:28:54.508987Z,100,优惠券礼物已支付。
ZENMOSUSWC2025,tth578,china,2025-08-16T21:30:20.910052Z,100,优惠券礼物已支付。
swcshuila520,2287259,china,2025-08-16T21:32:06.693133Z,100,优惠券礼物已支付。
ZENMOSUSWC2025,2287259,china,2025-08-16T21:32:45.518865Z,100,优惠券礼物已支付。
swcshuila520,Mrc233,china,2025-08-16T21:34:32.287553Z,100,优惠券礼物已支付。
ZENMOSUSWC2025,Mrc233,china,2025-08-16T21:36:11.687681Z,100,优惠券礼物已支付。
swcshuila520,weiweitop,china,2025-08-16T21:37:32.584975Z,100,优惠券礼物已支付。
ZENMOSUSWC2025,weiweitop,china,2025-08-16T21:38:09.324891Z,100,优惠券礼物已支付。
swcshuila520,DRXDRC,china,2025-08-16T21:40:07.970278Z,100,优惠券礼物已支付。
ZENMOSUSWC2025,DRXDRC,china,2025-08-16T21:40:39.439964Z,100,优惠券礼物已支付。
swcshuila520,hunt1ey2,china,2025-08-16T21:41:24.131906Z,100,优惠券礼物已支付。
ZENMOSUSWC2025,hunt1ey2,china,2025-08-16T21:42:48.700440Z,100,优惠券礼物已支付。
GEARING4PARIS,samuer007,china,2025-08-17T01:08:08.253778Z,100,优惠券礼物已支付。
20POURLESWC25,samuer007,china,2025-08-17T01:09:11.573073Z,100,优惠券礼物已支付。
GEARING4PARIS,safety007,china,2025-08-17T01:10:07.939227Z,100,优惠券礼物已支付。
20POURLESWC25,safety007,china,2025-08-17T01:10:30.437972Z,100,优惠券礼物已支付。
GEARING4PARIS,1940519852,china,2025-08-17T01:11:33.997643Z,100,优惠券礼物已支付。
20POURLESWC25,1940519852,china,2025-08-17T01:13:14.759615Z,100,优惠券礼物已支付。
GEARING4PARIS,763066,china,2025-08-17T01:14:54.245197Z,100,优惠券礼物已支付。
20POURLESWC25,763066,china,2025-08-17T01:16:53.657636Z,100,优惠券礼物已支付。
GEARING4PARIS,Vittical,china,2025-08-17T01:18:25.815510Z,100,优惠券礼物已支付。
20POURLESWC25,Vittical,china,2025-08-17T01:20:16.115001Z,100,优惠券礼物已支付。
GEARING4PARIS,759830,china,2025-08-17T01:22:00.183395Z,100,优惠券礼物已支付。
20POURLESWC25,759830,china,2025-08-17T01:23:04.524762Z,100,优惠券礼物已支付。
GEARING4PARIS,ZQLDHJ,china,2025-08-17T01:25:02.334269Z,100,优惠券礼物已支付。
20POURLESWC25,ZQLDHJ,china,2025-08-17T01:27:02.430899Z,100,优惠券礼物已支付。
GEARING4PARIS,zhang921027,china,2025-08-17T01:27:40.713003Z,100,优惠券礼物已支付。
20POURLESWC25,zhang921027,china,2025-08-17T01:28:42.589268Z,100,优惠券礼物已支付。
GEARING4PARIS,hyyni1234,china,2025-08-17T01:29:59.555109Z,100,优惠券礼物已支付。
20POURLESWC25,hyyni1234,china,2025-08-17T01:30:55.220820Z,100,优惠券礼物已支付。
GEARING4PARIS,ZXFAILXY0322,china,2025-08-17T01:32:30.319832Z,100,优惠券礼物已支付。
20POURLESWC25,ZXFAILXY0322,china,2025-08-17T01:33:18.403974Z,100,优惠券礼物已支付。
GEARING4PARIS,linchao0510,china,2025-08-17T01:34:36.908284Z,100,优惠券礼物已支付。
20POURLESWC25,linchao0510,china,2025-08-17T01:36:03.218991Z,100,优惠券礼物已支付。
GEARING4PARIS,gcnu2768,china,2025-08-17T01:37:04.148189Z,100,优惠券礼物已支付。
20POURLESWC25,gcnu2768,china,2025-08-17T01:38:24.370685Z,100,优惠券礼物已支付。
GEARING4PARIS,wwcc998,china,2025-08-17T01:39:24.445130Z,100,优惠券礼物已支付。
20POURLESWC25,wwcc998,china,2025-08-17T01:40:05.554438Z,100,优惠券礼物已支付。
GEARING4PARIS,78619630,china,2025-08-17T01:41:37.886827Z,100,优惠券礼物已支付。
20POURLESWC25,78619630,china,2025-08-17T01:42:53.739699Z,100,优惠券礼物已支付。
GEARING4PARIS,jk187,china,2025-08-17T01:43:27.340193Z,100,优惠券礼物已支付。
20POURLESWC25,jk187,china,2025-08-17T01:43:52.122885Z,(H304),已使用过的优惠券代码。
GEARING4PARIS,dshujun,china,2025-08-17T01:44:26.476835Z,100,优惠券礼物已支付。
20POURLESWC25,dshujun,china,2025-08-17T01:44:59.820475Z,(H304),已使用过的优惠券代码。
GEARING4PARIS,kkws228,china,2025-08-17T01:46:24.715413Z,100,优惠券礼物已支付。
20POURLESWC25,kkws228,china,2025-08-17T01:47:07.687675Z,100,优惠券礼物已支付。
GEARING4PARIS,1029709109,china,2025-08-17T01:48:35.875612Z,100,优惠券礼物已支付。
20POURLESWC25,1029709109,china,2025-08-17T01:50:36.091133Z,100,优惠券礼物已支付。
GEARING4PARIS,yh.24288,china,2025-08-17T01:51:01.870773Z,100,优惠券礼物已支付。
20POURLESWC25,yh.24288,china,2025-08-17T01:51:35.174474Z,(H304),已使用过的优惠券代码。
GEARING4PARIS,hedgehogss,china,2025-08-17T01:52:35.139319Z,100,优惠券礼物已支付。
20POURLESWC25,hedgehogss,china,2025-08-17T01:54:40.941651Z,100,优惠券礼物已支付。
GEARING4PARIS,si04172,china,2025-08-17T01:55:28.340950Z,(H304),已使用过的优惠券代码。
20POURLESWC25,si04172,china,2025-08-17T01:57:16.358785Z,(H304),已使用过的优惠券代码。
GEARING4PARIS,828511124,china,2025-08-17T01:58:52.837811Z,100,优惠券礼物已支付。
20POURLESWC25,828511124,china,2025-08-17T01:59:46.035750Z,100,优惠券礼物已支付。
GEARING4PARIS,1711365230,china,2025-08-17T02:00:21.566983Z,100,优惠券礼物已支付。
20POURLESWC25,1711365230,china,2025-08-17T02:01:55.590889Z,100,优惠券礼物已支付。
GEARING4PARIS,ycshangtian,china,2025-08-17T02:03:44.934643Z,(H304),已使用过的优惠券代码。
20POURLESWC25,ycshangtian,china,2025-08-17T02:04:48.586399Z,(H304),已使用过的优惠券代码。
GEARING4PARIS,lz0319,china,2025-08-17T02:06:31.282613Z,(H304),已使用过的优惠券代码。
20POURLESWC25,lz0319,china,2025-08-17T02:08:26.301636Z,(H304),已使用过的优惠券代码。
GEARING4PARIS,tth578,china,2025-08-17T02:09:06.153243Z,100,优惠券礼物已支付。
20POURLESWC25,tth578,china,2025-08-17T02:09:58.249195Z,100,优惠券礼物已支付。
GEARING4PARIS,2287259,china,2025-08-17T02:11:44.387173Z,100,优惠券礼物已支付。
20POURLESWC25,2287259,china,2025-08-17T02:12:29.052283Z,100,优惠券礼物已支付。
GEARING4PARIS,Mrc233,china,2025-08-17T02:14:30.039053Z,100,优惠券礼物已支付。
20POURLESWC25,Mrc233,china,2025-08-17T02:15:52.320648Z,100,优惠券礼物已支付。
GEARING4PARIS,weiweitop,china,2025-08-17T02:17:01.755622Z,100,优惠券礼物已支付。
20POURLESWC25,weiweitop,china,2025-08-17T02:17:46.068757Z,100,优惠券礼物已支付。
GEARING4PARIS,DRXDRC,china,2025-08-17T02:19:13.386863Z,100,优惠券礼物已支付。
20POURLESWC25,DRXDRC,china,2025-08-17T02:20:34.336112Z,100,优惠券礼物已支付。
GEARING4PARIS,hunt1ey2,china,2025-08-17T02:22:35.649663Z,100,优惠券礼物已支付。
20POURLESWC25,hunt1ey2,china,2025-08-17T02:23:49.544372Z,100,优惠券礼物已支付。
GO2WINBUSAN168,samuer007,china,2025-08-17T16:20:06.119089Z,100,优惠券礼物已支付。
GO2WINBUSAN168,safety007,china,2025-08-17T16:21:35.022540Z,100,优惠券礼物已支付。
GO2WINBUSAN168,1940519852,china,2025-08-17T16:22:34.592181Z,100,优惠券礼物已支付。
GO2WINBUSAN168,763066,china,2025-08-17T16:24:30.406680Z,100,优惠券礼物已支付。
GO2WINBUSAN168,Vittical,china,2025-08-17T16:25:27.835543Z,100,优惠券礼物已支付。
GO2WINBUSAN168,759830,china,2025-08-17T16:26:44.022166Z,100,优惠券礼物已支付。
GO2WINBUSAN168,ZQLDHJ,china,2025-08-17T16:28:25.347327Z,100,优惠券礼物已支付。
GO2WINBUSAN168,zhang921027,china,2025-08-17T16:30:05.127198Z,100,优惠券礼物已支付。
GO2WINBUSAN168,hyyni1234,china,2025-08-17T16:30:42.888614Z,100,优惠券礼物已支付。
GO2WINBUSAN168,ZXFAILXY0322,china,2025-08-17T16:32:03.737173Z,100,优惠券礼物已支付。
GO2WINBUSAN168,linchao0510,china,2025-08-17T16:33:35.964769Z,100,优惠券礼物已支付。
GO2WINBUSAN168,gcnu2768,china,2025-08-17T16:34:20.271171Z,100,优惠券礼物已支付。
GO2WINBUSAN168,wwcc998,china,2025-08-17T16:36:03.924476Z,100,优惠券礼物已支付。
GO2WINBUSAN168,78619630,china,2025-08-17T16:38:08.902599Z,100,优惠券礼物已支付。
GO2WINBUSAN168,jk187,china,2025-08-17T16:39:12.308444Z,100,优惠券礼物已支付。
GO2WINBUSAN168,dshujun,china,2025-08-17T16:40:49.382180Z,100,优惠券礼物已支付。
GO2WINBUSAN168,kkws228,china,2025-08-17T16:41:14.022448Z,100,优惠券礼物已支付。
GO2WINBUSAN168,1029709109,china,2025-08-17T16:42:26.741921Z,100,优惠券礼物已支付。
GO2WINBUSAN168,yh.24288,china,2025-08-17T16:43:09.008352Z,(H304),已使用过的优惠券代码。
GO2WINBUSAN168,hedgehogss,china,2025-08-17T16:45:04.251385Z,100,优惠券礼物已支付。
GO2WINBUSAN168,si04172,china,2025-08-17T16:46:58.646832Z,(H304),已使用过的优惠券代码。
GO2WINBUSAN168,828511124,china,2025-08-17T16:47:57.960990Z,100,优惠券礼物已支付。
GO2WINBUSAN168,1711365230,china,2025-08-17T16:49:14.771257Z,100,优惠券礼物已支付。
GO2WINBUSAN168,ycshangtian,china,2025-08-17T16:50:00.561060Z,(H304),已使用过的优惠券代码。
GO2WINBUSAN168,lz0319,china,2025-08-17T16:51:15.319023Z,(H304),已使用过的优惠券代码。
GO2WINBUSAN168,tth578,china,2025-08-17T16:53:13.838602Z,100,优惠券礼物已支付。
GO2WINBUSAN168,2287259,china,2025-08-17T16:54:49.771235Z,100,优惠券礼物已支付。
GO2WINBUSAN168,Mrc233,china,2025-08-17T16:55:44.127467Z,100,优惠券礼物已支付。
GO2WINBUSAN168,weiweitop,china,2025-08-17T16:56:29.181096Z,100,优惠券礼物已支付。
GO2WINBUSAN168,DRXDRC,china,2025-08-17T16:57:54.351812Z,100,优惠券礼物已支付。
GO2WINBUSAN168,hunt1ey2,china,2025-08-17T16:58:25.827955Z,100,优惠券礼物已支付。
PARISWIRKOMMEN,samuer007,china,2025-08-18T01:12:06.528233Z,100,优惠券礼物已支付。
25VIVELESWC,samuer007,china,2025-08-18T01:13:22.949824Z,100,优惠券礼物已支付。
PARISWIRKOMMEN,safety007,china,2025-08-18T01:15:09.555866Z,100,优惠券礼物已支付。
25VIVELESWC,safety007,china,2025-08-18T01:15:44.777672Z,100,优惠券礼物已支付。
PARISWIRKOMMEN,1940519852,china,2025-08-18T01:16:55.957973Z,100,优惠券礼物已支付。
25VIVELESWC,1940519852,china,2025-08-18T01:17:35.149540Z,100,优惠券礼物已支付。
PARISWIRKOMMEN,763066,china,2025-08-18T01:19:32.836267Z,100,优惠券礼物已支付。
25VIVELESWC,763066,china,2025-08-18T01:21:30.576931Z,100,优惠券礼物已支付。
PARISWIRKOMMEN,Vittical,china,2025-08-18T01:22:43.790561Z,100,优惠券礼物已支付。
25VIVELESWC,Vittical,china,2025-08-18T01:23:52.821547Z,100,优惠券礼物已支付。
PARISWIRKOMMEN,759830,china,2025-08-18T01:24:17.838100Z,100,优惠券礼物已支付。
25VIVELESWC,759830,china,2025-08-18T01:24:41.502675Z,100,优惠券礼物已支付。
PARISWIRKOMMEN,ZQLDHJ,china,2025-08-18T01:25:55.996813Z,100,优惠券礼物已支付。
25VIVELESWC,ZQLDHJ,china,2025-08-18T01:27:39.534693Z,100,优惠券礼物已支付。
PARISWIRKOMMEN,zhang921027,china,2025-08-18T01:28:36.806445Z,100,优惠券礼物已支付。
25VIVELESWC,zhang921027,china,2025-08-18T01:30:19.855107Z,100,优惠券礼物已支付。
PARISWIRKOMMEN,hyyni1234,china,2025-08-18T01:30:56.074499Z,100,优惠券礼物已支付。
25VIVELESWC,hyyni1234,china,2025-08-18T01:32:06.635058Z,100,优惠券礼物已支付。
PARISWIRKOMMEN,ZXFAILXY0322,china,2025-08-18T01:33:20.484597Z,100,优惠券礼物已支付。
25VIVELESWC,ZXFAILXY0322,china,2025-08-18T01:35:01.566225Z,100,优惠券礼物已支付。
PARISWIRKOMMEN,linchao0510,china,2025-08-18T01:36:38.021734Z,100,优惠券礼物已支付。
25VIVELESWC,linchao0510,china,2025-08-18T01:37:12.902447Z,100,优惠券礼物已支付。
PARISWIRKOMMEN,gcnu2768,china,2025-08-18T01:38:59.259421Z,100,优惠券礼物已支付。
25VIVELESWC,gcnu2768,china,2025-08-18T01:39:55.157754Z,100,优惠券礼物已支付。
PARISWIRKOMMEN,wwcc998,china,2025-08-18T01:40:29.002822Z,100,优惠券礼物已支付。
25VIVELESWC,wwcc998,china,2025-08-18T01:42:32.959829Z,100,优惠券礼物已支付。
PARISWIRKOMMEN,78619630,china,2025-08-18T01:43:04.157230Z,100,优惠券礼物已支付。
25VIVELESWC,78619630,china,2025-08-18T01:43:46.836592Z,100,优惠券礼物已支付。
PARISWIRKOMMEN,jk187,china,2025-08-18T01:44:20.217257Z,100,优惠券礼物已支付。
25VIVELESWC,jk187,china,2025-08-18T01:45:28.303934Z,(H304),已使用过的优惠券代码。
PARISWIRKOMMEN,dshujun,china,2025-08-18T01:46:06.879353Z,100,优惠券礼物已支付。
25VIVELESWC,dshujun,china,2025-08-18T01:47:23.318456Z,(H304),已使用过的优惠券代码。
PARISWIRKOMMEN,kkws228,china,2025-08-18T01:49:03.469887Z,100,优惠券礼物已支付。
25VIVELESWC,kkws228,china,2025-08-18T01:50:08.703303Z,100,优惠券礼物已支付。
PARISWIRKOMMEN,1029709109,china,2025-08-18T01:51:54.367548Z,100,优惠券礼物已支付。
25VIVELESWC,1029709109,china,2025-08-18T01:52:42.821455Z,100,优惠券礼物已支付。
PARISWIRKOMMEN,yh.24288,china,2025-08-18T01:53:53.066281Z,100,优惠券礼物已支付。
25VIVELESWC,yh.24288,china,2025-08-18T01:54:22.563633Z,(H304),已使用过的优惠券代码。
PARISWIRKOMMEN,hedgehogss,china,2025-08-18T01:55:39.804010Z,100,优惠券礼物已支付。
25VIVELESWC,hedgehogss,china,2025-08-18T01:56:57.891000Z,100,优惠券礼物已支付。
PARISWIRKOMMEN,si04172,china,2025-08-18T01:57:40.214956Z,(H304),已使用过的优惠券代码。
25VIVELESWC,si04172,china,2025-08-18T01:58:55.887753Z,(H304),已使用过的优惠券代码。
PARISWIRKOMMEN,828511124,china,2025-08-18T01:59:21.979529Z,100,优惠券礼物已支付。
25VIVELESWC,828511124,china,2025-08-18T02:00:58.960514Z,100,优惠券礼物已支付。
PARISWIRKOMMEN,1711365230,china,2025-08-18T02:02:14.728324Z,100,优惠券礼物已支付。
25VIVELESWC,1711365230,china,2025-08-18T02:03:32.808879Z,100,优惠券礼物已支付。
PARISWIRKOMMEN,ycshangtian,china,2025-08-18T02:05:21.799934Z,(H304),已使用过的优惠券代码。
25VIVELESWC,ycshangtian,china,2025-08-18T02:07:16.726941Z,(H304),已使用过的优惠券代码。
PARISWIRKOMMEN,lz0319,china,2025-08-18T02:08:32.113794Z,(H304),已使用过的优惠券代码。
25VIVELESWC,lz0319,china,2025-08-18T02:08:55.720457Z,(H304),已使用过的优惠券代码。
PARISWIRKOMMEN,tth578,china,2025-08-18T02:09:51.204174Z,100,优惠券礼物已支付。
25VIVELESWC,tth578,china,2025-08-18T02:11:44.120934Z,100,优惠券礼物已支付。
PARISWIRKOMMEN,2287259,china,2025-08-18T02:12:40.581707Z,100,优惠券礼物已支付。
25VIVELESWC,2287259,china,2025-08-18T02:13:18.453302Z,100,优惠券礼物已支付。
PARISWIRKOMMEN,Mrc233,china,2025-08-18T02:14:45.691060Z,100,优惠券礼物已支付。
25VIVELESWC,Mrc233,china,2025-08-18T02:16:10.120390Z,100,优惠券礼物已支付。
PARISWIRKOMMEN,weiweitop,china,2025-08-18T02:16:56.690621Z,100,优惠券礼物已支付。
25VIVELESWC,weiweitop,china,2025-08-18T02:18:35.788650Z,100,优惠券礼物已支付。
PARISWIRKOMMEN,DRXDRC,china,2025-08-18T02:20:18.526839Z,100,优惠券礼物已支付。
25VIVELESWC,DRXDRC,china,2025-08-18T02:22:14.974625Z,100,优惠券礼物已支付。
PARISWIRKOMMEN,hunt1ey2,china,2025-08-18T02:22:45.659509Z,100,优惠券礼物已支付。
25VIVELESWC,hunt1ey2,china,2025-08-18T02:24:04.784730Z,100,优惠券礼物已支付。
NIJINBANG66SWC,samuer007,china,2025-08-18T22:25:13.616407Z,100,优惠券礼物已支付。
NIJINBANG66SWC,safety007,china,2025-08-18T22:27:16.405789Z,100,优惠券礼物已支付。
NIJINBANG66SWC,1940519852,china,2025-08-18T22:28:18.476120Z,100,优惠券礼物已支付。
NIJINBANG66SWC,763066,china,2025-08-18T22:28:44.155805Z,100,优惠券礼物已支付。
NIJINBANG66SWC,Vittical,china,2025-08-18T22:29:18.864180Z,100,优惠券礼物已支付。
NIJINBANG66SWC,759830,china,2025-08-18T22:30:30.327009Z,100,优惠券礼物已支付。
NIJINBANG66SWC,ZQLDHJ,china,2025-08-18T22:31:45.292165Z,100,优惠券礼物已支付。
NIJINBANG66SWC,zhang921027,china,2025-08-18T22:32:24.943972Z,(H304),已使用过的优惠券代码。
NIJINBANG66SWC,hyyni1234,china,2025-08-18T22:33:09.020758Z,(H304),已使用过的优惠券代码。
NIJINBANG66SWC,ZXFAILXY0322,china,2025-08-18T22:34:25.478634Z,(H304),已使用过的优惠券代码。
NIJINBANG66SWC,linchao0510,china,2025-08-18T22:36:24.018147Z,(H304),已使用过的优惠券代码。
NIJINBANG66SWC,gcnu2768,china,2025-08-18T22:37:21.422217Z,100,优惠券礼物已支付。
NIJINBANG66SWC,wwcc998,china,2025-08-18T22:38:26.203050Z,100,优惠券礼物已支付。
NIJINBANG66SWC,78619630,china,2025-08-18T22:39:35.964170Z,100,优惠券礼物已支付。
NIJINBANG66SWC,jk187,china,2025-08-18T22:40:23.120725Z,(H304),已使用过的优惠券代码。
NIJINBANG66SWC,dshujun,china,2025-08-18T22:40:46.836188Z,(H304),已使用过的优惠券代码。
NIJINBANG66SWC,kkws228,china,2025-08-18T22:42:29.068045Z,100,优惠券礼物已支付。
NIJINBANG66SWC,1029709109,china,2025-08-18T22:43:42.729329Z,100,优惠券礼物已支付。
NIJINBANG66SWC,yh.24288,china,2025-08-18T22:45:12.384779Z,(H304),已使用过的优惠券代码。
NIJINBANG66SWC,hedgehogss,china,2025-08-18T22:45:48.808099Z,(H304),已使用过的优惠券代码。
NIJINBANG66SWC,si04172,china,2025-08-18T22:47:39.736354Z,(H304),已使用过的优惠券代码。
NIJINBANG66SWC,828511124,china,2025-08-18T22:48:09.029588Z,(H304),已使用过的优惠券代码。
NIJINBANG66SWC,1711365230,china,2025-08-18T22:50:06.594289Z,100,优惠券礼物已支付。
NIJINBANG66SWC,ycshangtian,china,2025-08-18T22:51:25.694563Z,(H304),已使用过的优惠券代码。
NIJINBANG66SWC,lz0319,china,2025-08-18T22:52:28.015417Z,(H304),已使用过的优惠券代码。
NIJINBANG66SWC,tth578,china,2025-08-18T22:54:00.463564Z,100,优惠券礼物已支付。
NIJINBANG66SWC,2287259,china,2025-08-18T22:54:40.227883Z,100,优惠券礼物已支付。
NIJINBANG66SWC,Mrc233,china,2025-08-18T22:56:19.005291Z,100,优惠券礼物已支付。
NIJINBANG66SWC,weiweitop,china,2025-08-18T22:57:52.359076Z,100,优惠券礼物已支付。
NIJINBANG66SWC,DRXDRC,china,2025-08-18T22:59:52.387565Z,100,优惠券礼物已支付。
NIJINBANG66SWC,hunt1ey2,china,2025-08-18T23:00:16.554984Z,100,优惠券礼物已支付。
WAKUWAKUSWC2025,samuer007,china,2025-08-23T17:41:11.182043Z,100,优惠券礼物已支付。
SWC25NO1JPDARE,samuer007,china,2025-08-23T17:41:38.587718Z,100,优惠券礼物已支付。
WAKUWAKUSWC2025,safety007,china,2025-08-23T17:42:59.276266Z,100,优惠券礼物已支付。
SWC25NO1JPDARE,safety007,china,2025-08-23T17:44:37.758441Z,100,优惠券礼物已支付。
WAKUWAKUSWC2025,1940519852,china,2025-08-23T17:45:02.953536Z,100,优惠券礼物已支付。
SWC25NO1JPDARE,1940519852,china,2025-08-23T17:45:55.669388Z,100,优惠券礼物已支付。
WAKUWAKUSWC2025,763066,china,2025-08-23T17:47:23.999228Z,100,优惠券礼物已支付。
SWC25NO1JPDARE,763066,china,2025-08-23T17:49:16.655098Z,100,优惠券礼物已支付。
WAKUWAKUSWC2025,Vittical,china,2025-08-23T17:49:50.029850Z,100,优惠券礼物已支付。
SWC25NO1JPDARE,Vittical,china,2025-08-23T17:51:10.917151Z,100,优惠券礼物已支付。
WAKUWAKUSWC2025,759830,china,2025-08-23T17:53:05.255150Z,100,优惠券礼物已支付。
SWC25NO1JPDARE,759830,china,2025-08-23T17:54:37.330815Z,100,优惠券礼物已支付。
WAKUWAKUSWC2025,ZQLDHJ,china,2025-08-23T17:55:00.455453Z,100,优惠券礼物已支付。
SWC25NO1JPDARE,ZQLDHJ,china,2025-08-23T17:56:35.805835Z,100,优惠券礼物已支付。
WAKUWAKUSWC2025,zhang921027,china,2025-08-23T17:58:09.754510Z,100,优惠券礼物已支付。
SWC25NO1JPDARE,zhang921027,china,2025-08-23T17:59:58.734612Z,100,优惠券礼物已支付。
WAKUWAKUSWC2025,hyyni1234,china,2025-08-23T18:00:42.104827Z,100,优惠券礼物已支付。
SWC25NO1JPDARE,hyyni1234,china,2025-08-23T18:01:22.007543Z,100,优惠券礼物已支付。
WAKUWAKUSWC2025,ZXFAILXY0322,china,2025-08-23T18:01:57.974411Z,100,优惠券礼物已支付。
SWC25NO1JPDARE,ZXFAILXY0322,china,2025-08-23T18:02:24.612036Z,100,优惠券礼物已支付。
WAKUWAKUSWC2025,linchao0510,china,2025-08-23T18:04:14.486696Z,100,优惠券礼物已支付。
SWC25NO1JPDARE,linchao0510,china,2025-08-23T18:06:09.067273Z,100,优惠券礼物已支付。
WAKUWAKUSWC2025,gcnu2768,china,2025-08-23T18:07:33.756521Z,100,优惠券礼物已支付。
SWC25NO1JPDARE,gcnu2768,china,2025-08-23T18:08:49.515056Z,100,优惠券礼物已支付。
WAKUWAKUSWC2025,wwcc998,china,2025-08-23T18:09:33.532400Z,100,优惠券礼物已支付。
SWC25NO1JPDARE,wwcc998,china,2025-08-23T18:10:50.171459Z,100,优惠券礼物已支付。
WAKUWAKUSWC2025,78619630,china,2025-08-23T18:11:27.295745Z,100,优惠券礼物已支付。
SWC25NO1JPDARE,78619630,china,2025-08-23T18:12:33.506326Z,100,优惠券礼物已支付。
WAKUWAKUSWC2025,jk187,china,2025-08-23T18:13:04.531258Z,(H304),已使用过的优惠券代码。
SWC25NO1JPDARE,jk187,china,2025-08-23T18:14:57.827630Z,(H304),已使用过的优惠券代码。
WAKUWAKUSWC2025,dshujun,china,2025-08-23T18:16:05.409003Z,(H304),已使用过的优惠券代码。
SWC25NO1JPDARE,dshujun,china,2025-08-23T18:16:40.563422Z,(H304),已使用过的优惠券代码。
WAKUWAKUSWC2025,kkws228,china,2025-08-23T18:17:10.314098Z,100,优惠券礼物已支付。
SWC25NO1JPDARE,kkws228,china,2025-08-23T18:18:54.263236Z,100,优惠券礼物已支付。
WAKUWAKUSWC2025,1029709109,china,2025-08-23T18:19:22.973711Z,100,优惠券礼物已支付。
SWC25NO1JPDARE,1029709109,china,2025-08-23T18:20:48.386371Z,100,优惠券礼物已支付。
WAKUWAKUSWC2025,yh.24288,china,2025-08-23T18:21:32.430306Z,(H304),已使用过的优惠券代码。
SWC25NO1JPDARE,yh.24288,china,2025-08-23T18:23:34.773730Z,(H304),已使用过的优惠券代码。
WAKUWAKUSWC2025,hedgehogss,china,2025-08-23T18:25:41.334096Z,100,优惠券礼物已支付。
SWC25NO1JPDARE,hedgehogss,china,2025-08-23T18:27:16.344781Z,100,优惠券礼物已支付。
WAKUWAKUSWC2025,si04172,china,2025-08-23T18:27:48.780233Z,(H304),已使用过的优惠券代码。
SWC25NO1JPDARE,si04172,china,2025-08-23T18:28:50.805725Z,(H304),已使用过的优惠券代码。
WAKUWAKUSWC2025,828511124,china,2025-08-23T18:30:16.843179Z,100,优惠券礼物已支付。
SWC25NO1JPDARE,828511124,china,2025-08-23T18:32:03.290777Z,100,优惠券礼物已支付。
WAKUWAKUSWC2025,1711365230,china,2025-08-23T18:33:57.434147Z,100,优惠券礼物已支付。
SWC25NO1JPDARE,1711365230,china,2025-08-23T18:35:25.564433Z,100,优惠券礼物已支付。
WAKUWAKUSWC2025,ycshangtian,china,2025-08-23T18:37:03.696209Z,(H304),已使用过的优惠券代码。
SWC25NO1JPDARE,ycshangtian,china,2025-08-23T18:37:54.378729Z,(H304),已使用过的优惠券代码。
WAKUWAKUSWC2025,lz0319,china,2025-08-23T18:38:40.931352Z,(H304),已使用过的优惠券代码。
SWC25NO1JPDARE,lz0319,china,2025-08-23T18:40:42.907954Z,(H304),已使用过的优惠券代码。
WAKUWAKUSWC2025,tth578,china,2025-08-23T18:42:11.038622Z,100,优惠券礼物已支付。
SWC25NO1JPDARE,tth578,china,2025-08-23T18:42:31.760274Z,100,优惠券礼物已支付。
WAKUWAKUSWC2025,2287259,china,2025-08-23T18:43:43.872314Z,100,优惠券礼物已支付。
SWC25NO1JPDARE,2287259,china,2025-08-23T18:45:27.587919Z,100,优惠券礼物已支付。
WAKUWAKUSWC2025,Mrc233,china,2025-08-23T18:47:22.079237Z,100,优惠券礼物已支付。
SWC25NO1JPDARE,Mrc233,china,2025-08-23T18:48:03.098811Z,100,优惠券礼物已支付。
WAKUWAKUSWC2025,weiweitop,china,2025-08-23T18:49:48.420839Z,100,优惠券礼物已支付。
SWC25NO1JPDARE,weiweitop,china,2025-08-23T18:51:53.278601Z,100,优惠券礼物已支付。
WAKUWAKUSWC2025,DRXDRC,china,2025-08-23T18:54:00.480373Z,100,优惠券礼物已支付。
SWC25NO1JPDARE,DRXDRC,china,2025-08-23T18:56:05.705834Z,100,优惠券礼物已支付。
WAKUWAKUSWC2025,hunt1ey2,china,2025-08-23T18:57:48.772102Z,100,优惠券礼物已支付。
SWC25NO1JPDARE,hunt1ey2,china,2025-08-23T18:58:33.289994Z,100,优惠券礼物已支付。
MEZASEJPNO1,samuer007,china,2025-08-24T19:20:04.612598Z,100,优惠券礼物已支付。
IKOUACBU3HE,samuer007,china,2025-08-24T19:21:47.120812Z,100,优惠券礼物已支付。
MEZASEJPNO1,safety007,china,2025-08-24T19:22:17.011597Z,100,优惠券礼物已支付。
IKOUACBU3HE,safety007,china,2025-08-24T19:23:52.437658Z,100,优惠券礼物已支付。
MEZASEJPNO1,1940519852,china,2025-08-24T19:25:24.867306Z,100,优惠券礼物已支付。
IKOUACBU3HE,1940519852,china,2025-08-24T19:26:15.317106Z,100,优惠券礼物已支付。
MEZASEJPNO1,763066,china,2025-08-24T19:28:23.197637Z,100,优惠券礼物已支付。
IKOUACBU3HE,763066,china,2025-08-24T19:29:04.511205Z,100,优惠券礼物已支付。
MEZASEJPNO1,Vittical,china,2025-08-24T19:30:22.571256Z,100,优惠券礼物已支付。
IKOUACBU3HE,Vittical,china,2025-08-24T19:31:19.469027Z,100,优惠券礼物已支付。
MEZASEJPNO1,759830,china,2025-08-24T19:31:54.444440Z,100,优惠券礼物已支付。
IKOUACBU3HE,759830,china,2025-08-24T19:33:35.669108Z,100,优惠券礼物已支付。
MEZASEJPNO1,ZQLDHJ,china,2025-08-24T19:35:17.302388Z,100,优惠券礼物已支付。
IKOUACBU3HE,ZQLDHJ,china,2025-08-24T19:36:01.624868Z,100,优惠券礼物已支付。
MEZASEJPNO1,zhang921027,china,2025-08-24T19:37:10.958547Z,100,优惠券礼物已支付。
IKOUACBU3HE,zhang921027,china,2025-08-24T19:37:30.836021Z,100,优惠券礼物已支付。
MEZASEJPNO1,hyyni1234,china,2025-08-24T19:38:04.968413Z,100,优惠券礼物已支付。
IKOUACBU3HE,hyyni1234,china,2025-08-24T19:38:29.612885Z,100,优惠券礼物已支付。
MEZASEJPNO1,ZXFAILXY0322,china,2025-08-24T19:40:28.343019Z,100,优惠券礼物已支付。
IKOUACBU3HE,ZXFAILXY0322,china,2025-08-24T19:42:10.166572Z,100,优惠券礼物已支付。
MEZASEJPNO1,linchao0510,china,2025-08-24T19:44:15.786127Z,100,优惠券礼物已支付。
IKOUACBU3HE,linchao0510,china,2025-08-24T19:46:20.850222Z,100,优惠券礼物已支付。
MEZASEJPNO1,gcnu2768,china,2025-08-24T19:48:14.509161Z,100,优惠券礼物已支付。
IKOUACBU3HE,gcnu2768,china,2025-08-24T19:49:08.167467Z,100,优惠券礼物已支付。
MEZASEJPNO1,wwcc998,china,2025-08-24T19:50:19.319280Z,100,优惠券礼物已支付。
IKOUACBU3HE,wwcc998,china,2025-08-24T19:52:12.930676Z,100,优惠券礼物已支付。
MEZASEJPNO1,78619630,china,2025-08-24T19:52:50.350585Z,100,优惠券礼物已支付。
IKOUACBU3HE,78619630,china,2025-08-24T19:53:31.360726Z,100,优惠券礼物已支付。
MEZASEJPNO1,jk187,china,2025-08-24T19:55:17.721696Z,(H304),已使用过的优惠券代码。
IKOUACBU3HE,jk187,china,2025-08-24T19:56:31.233108Z,(H304),已使用过的优惠券代码。
MEZASEJPNO1,dshujun,china,2025-08-24T19:58:04.861549Z,(H304),已使用过的优惠券代码。
IKOUACBU3HE,dshujun,china,2025-08-24T19:58:35.751411Z,(H304),已使用过的优惠券代码。
MEZASEJPNO1,kkws228,china,2025-08-24T19:59:36.670610Z,100,优惠券礼物已支付。
IKOUACBU3HE,kkws228,china,2025-08-24T20:00:33.044862Z,100,优惠券礼物已支付。
MEZASEJPNO1,1029709109,china,2025-08-24T20:01:44.549941Z,100,优惠券礼物已支付。
IKOUACBU3HE,1029709109,china,2025-08-24T20:03:29.337920Z,100,优惠券礼物已支付。
MEZASEJPNO1,yh.24288,china,2025-08-24T20:05:20.694438Z,(H304),已使用过的优惠券代码。
IKOUACBU3HE,yh.24288,china,2025-08-24T20:06:00.279776Z,100,优惠券礼物已支付。
MEZASEJPNO1,hedgehogss,china,2025-08-24T20:07:01.899727Z,100,优惠券礼物已支付。
IKOUACBU3HE,hedgehogss,china,2025-08-24T20:08:27.715655Z,100,优惠券礼物已支付。
MEZASEJPNO1,si04172,china,2025-08-24T20:09:45.870460Z,(H304),已使用过的优惠券代码。
IKOUACBU3HE,si04172,china,2025-08-24T20:10:53.215982Z,(H304),已使用过的优惠券代码。
MEZASEJPNO1,828511124,china,2025-08-24T20:11:46.437933Z,100,优惠券礼物已支付。
IKOUACBU3HE,828511124,china,2025-08-24T20:13:43.970850Z,100,优惠券礼物已支付。
MEZASEJPNO1,1711365230,china,2025-08-24T20:14:59.540539Z,100,优惠券礼物已支付。
IKOUACBU3HE,1711365230,china,2025-08-24T20:15:28.467267Z,100,优惠券礼物已支付。
MEZASEJPNO1,ycshangtian,china,2025-08-24T20:16:27.585525Z,(H304),已使用过的优惠券代码。
IKOUACBU3HE,ycshangtian,china,2025-08-24T20:17:35.579644Z,(H304),已使用过的优惠券代码。
MEZASEJPNO1,lz0319,china,2025-08-24T20:18:43.764004Z,(H304),已使用过的优惠券代码。
IKOUACBU3HE,lz0319,china,2025-08-24T20:19:34.982236Z,(H304),已使用过的优惠券代码。
MEZASEJPNO1,tth578,china,2025-08-24T20:20:32.528885Z,100,优惠券礼物已支付。
IKOUACBU3HE,tth578,china,2025-08-24T20:21:03.679176Z,100,优惠券礼物已支付。
MEZASEJPNO1,2287259,china,2025-08-24T20:22:33.621185Z,100,优惠券礼物已支付。
IKOUACBU3HE,2287259,china,2025-08-24T20:23:49.691173Z,100,优惠券礼物已支付。
MEZASEJPNO1,Mrc233,china,2025-08-24T20:25:17.139313Z,100,优惠券礼物已支付。
IKOUACBU3HE,Mrc233,china,2025-08-24T20:25:44.781295Z,100,优惠券礼物已支付。
MEZASEJPNO1,weiweitop,china,2025-08-24T20:27:42.913679Z,100,优惠券礼物已支付。
IKOUACBU3HE,weiweitop,china,2025-08-24T20:29:46.111296Z,100,优惠券礼物已支付。
MEZASEJPNO1,DRXDRC,china,2025-08-24T20:30:17.015268Z,100,优惠券礼物已支付。
IKOUACBU3HE,DRXDRC,china,2025-08-24T20:32:20.483315Z,100,优惠券礼物已支付。
MEZASEJPNO1,hunt1ey2,china,2025-08-24T20:32:59.270142Z,100,优惠券礼物已支付。
IKOUACBU3HE,hunt1ey2,china,2025-08-24T20:33:19.877132Z,100,优惠券礼物已支付。
GETUR5STAR,samuer007,china,2025-08-25T16:56:56.965312Z,100,优惠券礼物已支付。
GETUR5STAR,safety007,china,2025-08-25T16:58:25.990351Z,100,优惠券礼物已支付。
GETUR5STAR,1940519852,china,2025-08-25T16:59:27.714721Z,100,优惠券礼物已支付。
GETUR5STAR,763066,china,2025-08-25T17:00:36.629000Z,100,优惠券礼物已支付。
GETUR5STAR,Vittical,china,2025-08-25T17:02:29.641390Z,100,优惠券礼物已支付。
GETUR5STAR,759830,china,2025-08-25T17:03:26.185549Z,100,优惠券礼物已支付。
GETUR5STAR,ZQLDHJ,china,2025-08-25T17:04:04.933116Z,100,优惠券礼物已支付。
GETUR5STAR,zhang921027,china,2025-08-25T17:04:38.326381Z,100,优惠券礼物已支付。
GETUR5STAR,hyyni1234,china,2025-08-25T17:05:18.354709Z,100,优惠券礼物已支付。
GETUR5STAR,ZXFAILXY0322,china,2025-08-25T17:07:11.154301Z,100,优惠券礼物已支付。
GETUR5STAR,linchao0510,china,2025-08-25T17:09:03.868962Z,100,优惠券礼物已支付。
GETUR5STAR,gcnu2768,china,2025-08-25T17:09:41.662240Z,100,优惠券礼物已支付。
GETUR5STAR,wwcc998,china,2025-08-25T17:10:24.734905Z,100,优惠券礼物已支付。
GETUR5STAR,78619630,china,2025-08-25T17:12:03.019825Z,100,优惠券礼物已支付。
GETUR5STAR,jk187,china,2025-08-25T17:13:12.736129Z,100,优惠券礼物已支付。
GETUR5STAR,dshujun,china,2025-08-25T17:13:56.340144Z,100,优惠券礼物已支付。
GETUR5STAR,kkws228,china,2025-08-25T17:15:32.007628Z,100,优惠券礼物已支付。
GETUR5STAR,1029709109,china,2025-08-25T17:16:23.269756Z,100,优惠券礼物已支付。
GETUR5STAR,yh.24288,china,2025-08-25T17:17:15.212294Z,(H304),已使用过的优惠券代码。
GETUR5STAR,hedgehogss,china,2025-08-25T17:18:29.898923Z,100,优惠券礼物已支付。
GETUR5STAR,si04172,china,2025-08-25T17:18:55.236988Z,(H304),已使用过的优惠券代码。
GETUR5STAR,828511124,china,2025-08-25T17:19:28.968171Z,100,优惠券礼物已支付。
GETUR5STAR,1711365230,china,2025-08-25T17:21:14.098015Z,100,优惠券礼物已支付。
GETUR5STAR,ycshangtian,china,2025-08-25T17:22:24.819076Z,(H304),已使用过的优惠券代码。
GETUR5STAR,lz0319,china,2025-08-25T17:23:27.241082Z,(H304),已使用过的优惠券代码。
GETUR5STAR,tth578,china,2025-08-25T17:24:20.230533Z,100,优惠券礼物已支付。
GETUR5STAR,2287259,china,2025-08-25T17:24:55.424202Z,100,优惠券礼物已支付。
GETUR5STAR,Mrc233,china,2025-08-25T17:26:25.847396Z,100,优惠券礼物已支付。
GETUR5STAR,weiweitop,china,2025-08-25T17:26:48.087244Z,100,优惠券礼物已支付。
GETUR5STAR,DRXDRC,china,2025-08-25T17:28:16.514920Z,100,优惠券礼物已支付。
GETUR5STAR,hunt1ey2,china,2025-08-25T17:29:38.002229Z,100,优惠券礼物已支付。
ALLESGEBENSWC2025,samuer007,china,2025-08-25T20:25:53.994494Z,100,优惠券礼物已支付。
ALLESGEBENSWC2025,safety007,china,2025-08-25T20:26:59.675014Z,100,优惠券礼物已支付。
ALLESGEBENSWC2025,1940519852,china,2025-08-25T20:27:25.106040Z,100,优惠券礼物已支付。
ALLESGEBENSWC2025,763066,china,2025-08-25T20:28:55.758981Z,100,优惠券礼物已支付。
ALLESGEBENSWC2025,Vittical,china,2025-08-25T20:30:07.866302Z,100,优惠券礼物已支付。
ALLESGEBENSWC2025,759830,china,2025-08-25T20:31:17.587763Z,100,优惠券礼物已支付。
ALLESGEBENSWC2025,ZQLDHJ,china,2025-08-25T20:32:51.632215Z,100,优惠券礼物已支付。
ALLESGEBENSWC2025,zhang921027,china,2025-08-25T20:33:52.902238Z,100,优惠券礼物已支付。
ALLESGEBENSWC2025,hyyni1234,china,2025-08-25T20:35:29.495331Z,100,优惠券礼物已支付。
ALLESGEBENSWC2025,ZXFAILXY0322,china,2025-08-25T20:36:54.662715Z,100,优惠券礼物已支付。
ALLESGEBENSWC2025,linchao0510,china,2025-08-25T20:37:19.808326Z,(H304),已使用过的优惠券代码。
ALLESGEBENSWC2025,gcnu2768,china,2025-08-25T20:38:58.740588Z,100,优惠券礼物已支付。
ALLESGEBENSWC2025,wwcc998,china,2025-08-25T20:40:09.923310Z,100,优惠券礼物已支付。
ALLESGEBENSWC2025,78619630,china,2025-08-25T20:42:08.188951Z,100,优惠券礼物已支付。
ALLESGEBENSWC2025,jk187,china,2025-08-25T20:44:02.111703Z,(H304),已使用过的优惠券代码。
ALLESGEBENSWC2025,dshujun,china,2025-08-25T20:44:29.180225Z,(H304),已使用过的优惠券代码。
ALLESGEBENSWC2025,kkws228,china,2025-08-25T20:44:57.260201Z,(H304),已使用过的优惠券代码。
ALLESGEBENSWC2025,1029709109,china,2025-08-25T20:45:31.284856Z,100,优惠券礼物已支付。
ALLESGEBENSWC2025,yh.24288,china,2025-08-25T20:46:08.028071Z,(H304),已使用过的优惠券代码。
ALLESGEBENSWC2025,hedgehogss,china,2025-08-25T20:47:21.809619Z,100,优惠券礼物已支付。
ALLESGEBENSWC2025,si04172,china,2025-08-25T20:49:16.547223Z,(H304),已使用过的优惠券代码。
ALLESGEBENSWC2025,828511124,china,2025-08-25T20:50:12.840646Z,100,优惠券礼物已支付。
ALLESGEBENSWC2025,1711365230,china,2025-08-25T20:51:54.319687Z,100,优惠券礼物已支付。
ALLESGEBENSWC2025,ycshangtian,china,2025-08-25T20:53:12.551418Z,(H304),已使用过的优惠券代码。
ALLESGEBENSWC2025,lz0319,china,2025-08-25T20:53:49.993867Z,(H304),已使用过的优惠券代码。
ALLESGEBENSWC2025,tth578,china,2025-08-25T20:54:59.603805Z,100,优惠券礼物已支付。
ALLESGEBENSWC2025,2287259,china,2025-08-25T20:56:30.817296Z,100,优惠券礼物已支付。
ALLESGEBENSWC2025,Mrc233,china,2025-08-25T20:57:52.693854Z,100,优惠券礼物已支付。
ALLESGEBENSWC2025,weiweitop,china,2025-08-25T20:59:19.786997Z,100,优惠券礼物已支付。
ALLESGEBENSWC2025,DRXDRC,china,2025-08-25T21:01:00.767003Z,100,优惠券礼物已支付。
ALLESGEBENSWC2025,hunt1ey2,china,2025-08-25T21:01:49.358137Z,100,优惠券礼物已支付。
BRINGONEUSWC,samuer007,china,2025-08-25T22:00:58.197282Z,100,优惠券礼物已支付。
BRINGONEUSWC,safety007,china,2025-08-25T22:01:56.721457Z,100,优惠券礼物已支付。
BRINGONEUSWC,1940519852,china,2025-08-25T22:02:55.554066Z,100,优惠券礼物已支付。
BRINGONEUSWC,763066,china,2025-08-25T22:04:26.052004Z,100,优惠券礼物已支付。
BRINGONEUSWC,Vittical,china,2025-08-25T22:05:47.546211Z,100,优惠券礼物已支付。
BRINGONEUSWC,759830,china,2025-08-25T22:07:37.501985Z,100,优惠券礼物已支付。
BRINGONEUSWC,ZQLDHJ,china,2025-08-25T22:08:51.331345Z,100,优惠券礼物已支付。
BRINGONEUSWC,zhang921027,china,2025-08-25T22:10:17.232264Z,(H304),已使用过的优惠券代码。
BRINGONEUSWC,hyyni1234,china,2025-08-25T22:11:07.672696Z,(H304),已使用过的优惠券代码。
BRINGONEUSWC,ZXFAILXY0322,china,2025-08-25T22:13:12.957993Z,(H304),已使用过的优惠券代码。
BRINGONEUSWC,linchao0510,china,2025-08-25T22:13:32.691865Z,(H304),已使用过的优惠券代码。
BRINGONEUSWC,gcnu2768,china,2025-08-25T22:15:12.674413Z,100,优惠券礼物已支付。
BRINGONEUSWC,wwcc998,china,2025-08-25T22:16:00.354792Z,100,优惠券礼物已支付。
BRINGONEUSWC,78619630,china,2025-08-25T22:18:03.516507Z,100,优惠券礼物已支付。
BRINGONEUSWC,jk187,china,2025-08-25T22:19:22.488707Z,(H304),已使用过的优惠券代码。
BRINGONEUSWC,dshujun,china,2025-08-25T22:20:37.919332Z,(H304),已使用过的优惠券代码。
BRINGONEUSWC,kkws228,china,2025-08-25T22:21:39.606800Z,(H304),已使用过的优惠券代码。
BRINGONEUSWC,1029709109,china,2025-08-25T22:22:39.722734Z,100,优惠券礼物已支付。
BRINGONEUSWC,yh.24288,china,2025-08-25T22:23:45.503676Z,(H304),已使用过的优惠券代码。
BRINGONEUSWC,hedgehogss,china,2025-08-25T22:25:45.474304Z,100,优惠券礼物已支付。
BRINGONEUSWC,si04172,china,2025-08-25T22:26:45.198196Z,(H304),已使用过的优惠券代码。
BRINGONEUSWC,828511124,china,2025-08-25T22:27:29.800047Z,100,优惠券礼物已支付。
BRINGONEUSWC,1711365230,china,2025-08-25T22:29:06.989571Z,100,优惠券礼物已支付。
BRINGONEUSWC,ycshangtian,china,2025-08-25T22:30:15.415570Z,(H304),已使用过的优惠券代码。
BRINGONEUSWC,lz0319,china,2025-08-25T22:32:01.787734Z,(H304),已使用过的优惠券代码。
BRINGONEUSWC,tth578,china,2025-08-25T22:32:23.674464Z,100,优惠券礼物已支付。
BRINGONEUSWC,2287259,china,2025-08-25T22:34:16.397188Z,100,优惠券礼物已支付。
BRINGONEUSWC,Mrc233,china,2025-08-25T22:35:23.846565Z,100,优惠券礼物已支付。
BRINGONEUSWC,weiweitop,china,2025-08-25T22:36:12.764849Z,100,优惠券礼物已支付。
BRINGONEUSWC,DRXDRC,china,2025-08-25T22:37:41.057837Z,100,优惠券礼物已支付。
BRINGONEUSWC,hunt1ey2,china,2025-08-25T22:39:06.163839Z,100,优惠券礼物已支付。
SWSA100RUSH,samuer007,china,2025-09-06T01:25:15.035888Z,100,优惠券礼物已支付。
SWSA100RUSH,safety007,china,2025-09-06T01:26:09.968268Z,100,优惠券礼物已支付。
SWSA100RUSH,1940519852,china,2025-09-06T01:27:26.876279Z,100,优惠券礼物已支付。
SWSA100RUSH,763066,china,2025-09-06T01:28:45.194561Z,100,优惠券礼物已支付。
SWSA100RUSH,Vittical,china,2025-09-06T01:30:03.881360Z,100,优惠券礼物已支付。
SWSA100RUSH,759830,china,2025-09-06T01:31:54.144427Z,100,优惠券礼物已支付。
SWSA100RUSH,ZQLDHJ,china,2025-09-06T01:33:49.499194Z,100,优惠券礼物已支付。
SWSA100RUSH,zhang921027,china,2025-09-06T01:35:00.835265Z,100,优惠券礼物已支付。
SWSA100RUSH,hyyni1234,china,2025-09-06T01:36:53.561994Z,100,优惠券礼物已支付。
SWSA100RUSH,ZXFAILXY0322,china,2025-09-06T01:37:56.533123Z,100,优惠券礼物已支付。
SWSA100RUSH,linchao0510,china,2025-09-06T01:39:10.132535Z,100,优惠券礼物已支付。
SWSA100RUSH,gcnu2768,china,2025-09-06T01:39:43.600658Z,100,优惠券礼物已支付。
SWSA100RUSH,wwcc998,china,2025-09-06T01:40:11.091937Z,100,优惠券礼物已支付。
SWSA100RUSH,78619630,china,2025-09-06T01:41:36.409009Z,(H304),已使用过的优惠券代码。
SWSA100RUSH,jk187,china,2025-09-06T01:42:12.343889Z,(H304),已使用过的优惠券代码。
SWSA100RUSH,dshujun,china,2025-09-06T01:43:14.862280Z,(H304),已使用过的优惠券代码。
SWSA100RUSH,kkws228,china,2025-09-06T01:44:18.980152Z,(H304),已使用过的优惠券代码。
SWSA100RUSH,1029709109,china,2025-09-06T01:46:05.100317Z,(H304),已使用过的优惠券代码。
SWSA100RUSH,yh.24288,china,2025-09-06T01:47:45.089481Z,(H304),已使用过的优惠券代码。
SWSA100RUSH,hedgehogss,china,2025-09-06T01:49:04.257912Z,100,优惠券礼物已支付。
SWSA100RUSH,si04172,china,2025-09-06T01:50:58.448652Z,(H304),已使用过的优惠券代码。
SWSA100RUSH,828511124,china,2025-09-06T01:52:38.757207Z,100,优惠券礼物已支付。
SWSA100RUSH,1711365230,china,2025-09-06T01:53:46.700471Z,(H304),已使用过的优惠券代码。
SWSA100RUSH,ycshangtian,china,2025-09-06T01:55:21.640461Z,(H304),已使用过的优惠券代码。
SWSA100RUSH,lz0319,china,2025-09-06T01:56:16.891696Z,(H304),已使用过的优惠券代码。
SWSA100RUSH,tth578,china,2025-09-06T01:57:20.745379Z,100,优惠券礼物已支付。
SWSA100RUSH,2287259,china,2025-09-06T01:59:09.709288Z,(H304),已使用过的优惠券代码。
SWSA100RUSH,Mrc233,china,2025-09-06T01:59:55.016496Z,100,优惠券礼物已支付。
SWSA100RUSH,weiweitop,china,2025-09-06T02:01:10.902236Z,100,优惠券礼物已支付。
SWSA100RUSH,DRXDRC,china,2025-09-06T02:02:32.921538Z,(H304),已使用过的优惠券代码。
SWSA100RUSH,hunt1ey2,china,2025-09-06T02:03:15.953217Z,100,优惠券礼物已支付。
RONGY4OZH1LUSWC,samuer007,china,2025-09-06T17:15:18.729800Z,100,优惠券礼物已支付。
RONGY4OZH1LUSWC,safety007,china,2025-09-06T17:16:21.991307Z,100,优惠券礼物已支付。
RONGY4OZH1LUSWC,1940519852,china,2025-09-06T17:17:54.782713Z,100,优惠券礼物已支付。
RONGY4OZH1LUSWC,763066,china,2025-09-06T17:19:48.577203Z,100,优惠券礼物已支付。
RONGY4OZH1LUSWC,Vittical,china,2025-09-06T17:21:15.017458Z,100,优惠券礼物已支付。
RONGY4OZH1LUSWC,759830,china,2025-09-06T17:23:07.566185Z,100,优惠券礼物已支付。
RONGY4OZH1LUSWC,ZQLDHJ,china,2025-09-06T17:24:24.316344Z,100,优惠券礼物已支付。
RONGY4OZH1LUSWC,zhang921027,china,2025-09-06T17:25:20.821004Z,100,优惠券礼物已支付。
RONGY4OZH1LUSWC,hyyni1234,china,2025-09-06T17:26:40.737184Z,100,优惠券礼物已支付。
RONGY4OZH1LUSWC,ZXFAILXY0322,china,2025-09-06T17:27:35.811618Z,100,优惠券礼物已支付。
RONGY4OZH1LUSWC,linchao0510,china,2025-09-06T17:29:26.626146Z,100,优惠券礼物已支付。
RONGY4OZH1LUSWC,gcnu2768,china,2025-09-06T17:31:13.554294Z,100,优惠券礼物已支付。
RONGY4OZH1LUSWC,wwcc998,china,2025-09-06T17:33:08.024966Z,100,优惠券礼物已支付。
RONGY4OZH1LUSWC,78619630,china,2025-09-06T17:33:52.228677Z,(H304),已使用过的优惠券代码。
RONGY4OZH1LUSWC,jk187,china,2025-09-06T17:34:30.568154Z,100,优惠券礼物已支付。
RONGY4OZH1LUSWC,dshujun,china,2025-09-06T17:35:08.075865Z,100,优惠券礼物已支付。
RONGY4OZH1LUSWC,kkws228,china,2025-09-06T17:36:07.760599Z,100,优惠券礼物已支付。
RONGY4OZH1LUSWC,1029709109,china,2025-09-06T17:37:50.336024Z,100,优惠券礼物已支付。
RONGY4OZH1LUSWC,yh.24288,china,2025-09-06T17:38:39.523826Z,100,优惠券礼物已支付。
RONGY4OZH1LUSWC,hedgehogss,china,2025-09-06T17:39:32.388918Z,100,优惠券礼物已支付。
RONGY4OZH1LUSWC,si04172,china,2025-09-06T17:41:09.062697Z,(H304),已使用过的优惠券代码。
RONGY4OZH1LUSWC,828511124,china,2025-09-06T17:41:56.834450Z,100,优惠券礼物已支付。
RONGY4OZH1LUSWC,1711365230,china,2025-09-06T17:43:40.617758Z,(H304),已使用过的优惠券代码。
RONGY4OZH1LUSWC,ycshangtian,china,2025-09-06T17:44:04.143277Z,(H304),已使用过的优惠券代码。
RONGY4OZH1LUSWC,lz0319,china,2025-09-06T17:45:08.848874Z,(H304),已使用过的优惠券代码。
RONGY4OZH1LUSWC,tth578,china,2025-09-06T17:47:15.903292Z,100,优惠券礼物已支付。
RONGY4OZH1LUSWC,2287259,china,2025-09-06T17:48:10.256427Z,100,优惠券礼物已支付。
RONGY4OZH1LUSWC,Mrc233,china,2025-09-06T17:50:13.605788Z,100,优惠券礼物已支付。
RONGY4OZH1LUSWC,weiweitop,china,2025-09-06T17:51:28.999647Z,100,优惠券礼物已支付。
RONGY4OZH1LUSWC,DRXDRC,china,2025-09-06T17:52:19.896271Z,100,优惠券礼物已支付。
RONGY4OZH1LUSWC,hunt1ey2,china,2025-09-06T17:53:02.002531Z,100,优惠券礼物已支付。
11BALIDENGNILAI1,samuer007,china,2025-09-06T18:12:18.288907Z,100,优惠券礼物已支付。
11BALIDENGNILAI1,safety007,china,2025-09-06T18:14:00.547752Z,100,优惠券礼物已支付。
11BALIDENGNILAI1,1940519852,china,2025-09-06T18:14:51.860805Z,100,优惠券礼物已支付。
11BALIDENGNILAI1,763066,china,2025-09-06T18:15:30.138001Z,100,优惠券礼物已支付。
11BALIDENGNILAI1,Vittical,china,2025-09-06T18:16:01.219843Z,100,优惠券礼物已支付。
11BALIDENGNILAI1,759830,china,2025-09-06T18:16:51.254330Z,100,优惠券礼物已支付。
11BALIDENGNILAI1,ZQLDHJ,china,2025-09-06T18:17:17.572237Z,100,优惠券礼物已支付。
11BALIDENGNILAI1,zhang921027,china,2025-09-06T18:17:44.852934Z,100,优惠券礼物已支付。
11BALIDENGNILAI1,hyyni1234,china,2025-09-06T18:19:24.750419Z,100,优惠券礼物已支付。
11BALIDENGNILAI1,ZXFAILXY0322,china,2025-09-06T18:21:13.813793Z,100,优惠券礼物已支付。
11BALIDENGNILAI1,linchao0510,china,2025-09-06T18:22:20.036431Z,100,优惠券礼物已支付。
11BALIDENGNILAI1,gcnu2768,china,2025-09-06T18:23:14.857253Z,100,优惠券礼物已支付。
11BALIDENGNILAI1,wwcc998,china,2025-09-06T18:23:50.250279Z,100,优惠券礼物已支付。
11BALIDENGNILAI1,78619630,china,2025-09-06T18:25:43.225394Z,100,优惠券礼物已支付。
11BALIDENGNILAI1,jk187,china,2025-09-06T18:27:31.159204Z,100,优惠券礼物已支付。
11BALIDENGNILAI1,dshujun,china,2025-09-06T18:29:23.277144Z,100,优惠券礼物已支付。
11BALIDENGNILAI1,kkws228,china,2025-09-06T18:29:45.048295Z,100,优惠券礼物已支付。
11BALIDENGNILAI1,1029709109,china,2025-09-06T18:31:33.150768Z,100,优惠券礼物已支付。
11BALIDENGNILAI1,yh.24288,china,2025-09-06T18:32:04.962878Z,(H304),已使用过的优惠券代码。
11BALIDENGNILAI1,si04172,china,2025-09-06T18:50:12.703761Z,(H304),已使用过的优惠券代码。
11BALIDENGNILAI1,828511124,china,2025-09-06T18:52:11.593860Z,100,优惠券礼物已支付。
11BALIDENGNILAI1,1711365230,china,2025-09-06T18:53:37.939719Z,100,优惠券礼物已支付。
11BALIDENGNILAI1,ycshangtian,china,2025-09-06T18:54:16.900434Z,(H304),已使用过的优惠券代码。
11BALIDENGNILAI1,lz0319,china,2025-09-06T18:55:12.677102Z,(H304),已使用过的优惠券代码。
11BALIDENGNILAI1,tth578,china,2025-09-06T18:55:58.304473Z,100,优惠券礼物已支付。
11BALIDENGNILAI1,2287259,china,2025-09-06T18:57:41.742776Z,100,优惠券礼物已支付。
11BALIDENGNILAI1,Mrc233,china,2025-09-06T18:59:35.333239Z,100,优惠券礼物已支付。
11BALIDENGNILAI1,weiweitop,china,2025-09-06T19:00:44.521132Z,100,优惠券礼物已支付。
11BALIDENGNILAI1,DRXDRC,china,2025-09-06T19:01:52.631630Z,100,优惠券礼物已支付。
11BALIDENGNILAI1,hunt1ey2,china,2025-09-06T19:02:21.394998Z,100,优惠券礼物已支付。
920SWCOUZHOUBEI,samuer007,china,2025-09-13T20:53:14.032316Z,100,优惠券礼物已支付。
1122SHIJUESAI,samuer007,china,2025-09-13T20:54:49.262102Z,100,优惠券礼物已支付。
920SWCOUZHOUBEI,safety007,china,2025-09-13T20:56:27.124134Z,100,优惠券礼物已支付。
1122SHIJUESAI,safety007,china,2025-09-13T20:58:09.483721Z,100,优惠券礼物已支付。
920SWCOUZHOUBEI,1940519852,china,2025-09-13T20:58:37.467102Z,100,优惠券礼物已支付。
1122SHIJUESAI,1940519852,china,2025-09-13T21:00:13.432536Z,100,优惠券礼物已支付。
920SWCOUZHOUBEI,763066,china,2025-09-13T21:01:18.945849Z,100,优惠券礼物已支付。
1122SHIJUESAI,763066,china,2025-09-13T21:01:51.678555Z,100,优惠券礼物已支付。
920SWCOUZHOUBEI,Vittical,china,2025-09-13T21:03:29.557517Z,100,优惠券礼物已支付。
1122SHIJUESAI,Vittical,china,2025-09-13T21:03:50.435421Z,100,优惠券礼物已支付。
920SWCOUZHOUBEI,759830,china,2025-09-13T21:04:44.723791Z,100,优惠券礼物已支付。
1122SHIJUESAI,759830,china,2025-09-13T21:06:11.036887Z,100,优惠券礼物已支付。
920SWCOUZHOUBEI,ZQLDHJ,china,2025-09-13T21:06:49.032182Z,100,优惠券礼物已支付。
1122SHIJUESAI,ZQLDHJ,china,2025-09-13T21:08:02.926279Z,100,优惠券礼物已支付。
920SWCOUZHOUBEI,zhang921027,china,2025-09-13T21:09:42.256339Z,100,优惠券礼物已支付。
1122SHIJUESAI,zhang921027,china,2025-09-13T21:11:37.209767Z,100,优惠券礼物已支付。
920SWCOUZHOUBEI,hyyni1234,china,2025-09-13T21:12:53.317877Z,100,优惠券礼物已支付。
1122SHIJUESAI,hyyni1234,china,2025-09-13T21:13:36.158126Z,100,优惠券礼物已支付。
920SWCOUZHOUBEI,ZXFAILXY0322,china,2025-09-13T21:14:27.644701Z,100,优惠券礼物已支付。
1122SHIJUESAI,ZXFAILXY0322,china,2025-09-13T21:14:56.835054Z,100,优惠券礼物已支付。
920SWCOUZHOUBEI,linchao0510,china,2025-09-13T21:15:48.732869Z,100,优惠券礼物已支付。
1122SHIJUESAI,linchao0510,china,2025-09-13T21:16:26.472844Z,100,优惠券礼物已支付。
920SWCOUZHOUBEI,gcnu2768,china,2025-09-13T21:17:23.591650Z,100,优惠券礼物已支付。
1122SHIJUESAI,gcnu2768,china,2025-09-13T21:17:53.464928Z,100,优惠券礼物已支付。
920SWCOUZHOUBEI,wwcc998,china,2025-09-13T21:19:55.903429Z,100,优惠券礼物已支付。
1122SHIJUESAI,wwcc998,china,2025-09-13T21:20:57.954828Z,100,优惠券礼物已支付。
920SWCOUZHOUBEI,78619630,china,2025-09-13T21:22:13.409213Z,100,优惠券礼物已支付。
1122SHIJUESAI,78619630,china,2025-09-13T21:22:37.203135Z,100,优惠券礼物已支付。
920SWCOUZHOUBEI,jk187,china,2025-09-13T21:23:25.649012Z,(H304),已使用过的优惠券代码。
1122SHIJUESAI,jk187,china,2025-09-13T21:24:05.351312Z,(H304),已使用过的优惠券代码。
920SWCOUZHOUBEI,dshujun,china,2025-09-13T21:25:39.020412Z,(H304),已使用过的优惠券代码。
1122SHIJUESAI,dshujun,china,2025-09-13T21:27:34.439399Z,(H304),已使用过的优惠券代码。
920SWCOUZHOUBEI,kkws228,china,2025-09-13T21:28:20.341151Z,(H304),已使用过的优惠券代码。
1122SHIJUESAI,kkws228,china,2025-09-13T21:30:01.534739Z,(H304),已使用过的优惠券代码。
920SWCOUZHOUBEI,1029709109,china,2025-09-13T21:31:36.076877Z,100,优惠券礼物已支付。
1122SHIJUESAI,1029709109,china,2025-09-13T21:32:07.086337Z,100,优惠券礼物已支付。
920SWCOUZHOUBEI,yh.24288,china,2025-09-13T21:32:56.270562Z,(H304),已使用过的优惠券代码。
1122SHIJUESAI,yh.24288,china,2025-09-13T21:34:14.995732Z,(H304),已使用过的优惠券代码。
920SWCOUZHOUBEI,hedgehogss,china,2025-09-13T21:35:29.908274Z,100,优惠券礼物已支付。
1122SHIJUESAI,hedgehogss,china,2025-09-13T21:36:41.585477Z,100,优惠券礼物已支付。
920SWCOUZHOUBEI,si04172,china,2025-09-13T21:38:32.872768Z,(H304),已使用过的优惠券代码。
1122SHIJUESAI,si04172,china,2025-09-13T21:39:00.205810Z,(H304),已使用过的优惠券代码。
920SWCOUZHOUBEI,828511124,china,2025-09-13T21:39:58.664304Z,100,优惠券礼物已支付。
1122SHIJUESAI,828511124,china,2025-09-13T21:40:32.881145Z,100,优惠券礼物已支付。
920SWCOUZHOUBEI,1711365230,china,2025-09-13T21:41:31.160619Z,(H304),已使用过的优惠券代码。
1122SHIJUESAI,1711365230,china,2025-09-13T21:43:06.673879Z,(H304),已使用过的优惠券代码。
920SWCOUZHOUBEI,ycshangtian,china,2025-09-13T21:45:04.574057Z,(H304),已使用过的优惠券代码。
1122SHIJUESAI,ycshangtian,china,2025-09-13T21:45:34.150449Z,(H304),已使用过的优惠券代码。
920SWCOUZHOUBEI,lz0319,china,2025-09-13T21:47:33.885417Z,(H304),已使用过的优惠券代码。
1122SHIJUESAI,lz0319,china,2025-09-13T21:49:36.709239Z,(H304),已使用过的优惠券代码。
920SWCOUZHOUBEI,tth578,china,2025-09-13T21:50:12.187078Z,100,优惠券礼物已支付。
1122SHIJUESAI,tth578,china,2025-09-13T21:52:07.660545Z,100,优惠券礼物已支付。
920SWCOUZHOUBEI,2287259,china,2025-09-13T21:53:33.762732Z,100,优惠券礼物已支付。
1122SHIJUESAI,2287259,china,2025-09-13T21:53:56.809060Z,100,优惠券礼物已支付。
920SWCOUZHOUBEI,Mrc233,china,2025-09-13T21:54:22.550675Z,100,优惠券礼物已支付。
1122SHIJUESAI,Mrc233,china,2025-09-13T21:55:23.467564Z,100,优惠券礼物已支付。
920SWCOUZHOUBEI,weiweitop,china,2025-09-13T21:56:49.130038Z,100,优惠券礼物已支付。
1122SHIJUESAI,weiweitop,china,2025-09-13T21:57:20.475439Z,100,优惠券礼物已支付。
920SWCOUZHOUBEI,DRXDRC,china,2025-09-13T21:57:56.096537Z,100,优惠券礼物已支付。
1122SHIJUESAI,DRXDRC,china,2025-09-13T21:58:37.957370Z,100,优惠券礼物已支付。
920SWCOUZHOUBEI,hunt1ey2,china,2025-09-13T21:59:55.867871Z,100,优惠券礼物已支付。
1122SHIJUESAI,hunt1ey2,china,2025-09-13T22:00:45.478119Z,100,优惠券礼物已支付。
SCHOENHIERSWC,samuer007,china,2025-09-21T00:20:31.393669Z,100,优惠券礼物已支付。
20fight4glory25,samuer007,china,2025-09-21T00:20:55.626320Z,100,优惠券礼物已支付。
SCHOENHIERSWC,safety007,china,2025-09-21T00:21:56.554692Z,100,优惠券礼物已支付。
20fight4glory25,safety007,china,2025-09-21T00:22:18.311663Z,100,优惠券礼物已支付。
SCHOENHIERSWC,1940519852,china,2025-09-21T00:23:31.082924Z,100,优惠券礼物已支付。
20fight4glory25,1940519852,china,2025-09-21T00:24:14.819308Z,100,优惠券礼物已支付。
SCHOENHIERSWC,763066,china,2025-09-21T00:25:32.791590Z,100,优惠券礼物已支付。
20fight4glory25,763066,china,2025-09-21T00:27:07.403641Z,100,优惠券礼物已支付。
SCHOENHIERSWC,Vittical,china,2025-09-21T00:27:59.923341Z,100,优惠券礼物已支付。
20fight4glory25,Vittical,china,2025-09-21T00:29:03.339184Z,100,优惠券礼物已支付。
SCHOENHIERSWC,759830,china,2025-09-21T00:29:28.573728Z,100,优惠券礼物已支付。
20fight4glory25,759830,china,2025-09-21T00:31:09.609677Z,100,优惠券礼物已支付。
SCHOENHIERSWC,ZQLDHJ,china,2025-09-21T00:32:14.473375Z,100,优惠券礼物已支付。
20fight4glory25,ZQLDHJ,china,2025-09-21T00:33:08.699386Z,100,优惠券礼物已支付。
SCHOENHIERSWC,zhang921027,china,2025-09-21T00:34:00.789290Z,(H304),已使用过的优惠券代码。
20fight4glory25,zhang921027,china,2025-09-21T00:35:45.426996Z,(H304),已使用过的优惠券代码。
SCHOENHIERSWC,hyyni1234,china,2025-09-21T00:36:29.281081Z,(H304),已使用过的优惠券代码。
20fight4glory25,hyyni1234,china,2025-09-21T00:38:04.979801Z,(H304),已使用过的优惠券代码。
SCHOENHIERSWC,ZXFAILXY0322,china,2025-09-21T00:39:18.994546Z,(H304),已使用过的优惠券代码。
20fight4glory25,ZXFAILXY0322,china,2025-09-21T00:41:22.198562Z,(H304),已使用过的优惠券代码。
SCHOENHIERSWC,linchao0510,china,2025-09-21T00:41:47.415166Z,(H304),已使用过的优惠券代码。
20fight4glory25,linchao0510,china,2025-09-21T00:42:42.097002Z,(H304),已使用过的优惠券代码。
SCHOENHIERSWC,gcnu2768,china,2025-09-21T00:44:03.750006Z,(H304),已使用过的优惠券代码。
20fight4glory25,gcnu2768,china,2025-09-21T00:45:12.326202Z,(H304),已使用过的优惠券代码。
SCHOENHIERSWC,wwcc998,china,2025-09-21T00:46:48.424717Z,100,优惠券礼物已支付。
20fight4glory25,wwcc998,china,2025-09-21T00:47:53.222774Z,100,优惠券礼物已支付。
SCHOENHIERSWC,78619630,china,2025-09-21T00:49:02.895186Z,100,优惠券礼物已支付。
20fight4glory25,78619630,china,2025-09-21T00:49:28.691560Z,100,优惠券礼物已支付。
SCHOENHIERSWC,jk187,china,2025-09-21T00:50:13.508349Z,(H304),已使用过的优惠券代码。
20fight4glory25,jk187,china,2025-09-21T00:51:33.185935Z,(H304),已使用过的优惠券代码。
SCHOENHIERSWC,dshujun,china,2025-09-21T00:51:54.746437Z,(H304),已使用过的优惠券代码。
20fight4glory25,dshujun,china,2025-09-21T00:52:42.882398Z,(H304),已使用过的优惠券代码。
SCHOENHIERSWC,kkws228,china,2025-09-21T00:53:07.654736Z,100,优惠券礼物已支付。
20fight4glory25,kkws228,china,2025-09-21T00:54:03.663555Z,100,优惠券礼物已支付。
SCHOENHIERSWC,1029709109,china,2025-09-21T00:54:40.037844Z,100,优惠券礼物已支付。
20fight4glory25,1029709109,china,2025-09-21T00:55:12.853612Z,100,优惠券礼物已支付。
SCHOENHIERSWC,yh.24288,china,2025-09-21T00:56:25.226188Z,(H304),已使用过的优惠券代码。
20fight4glory25,yh.24288,china,2025-09-21T00:57:22.945941Z,100,优惠券礼物已支付。
SCHOENHIERSWC,hedgehogss,china,2025-09-21T00:59:15.975447Z,100,优惠券礼物已支付。
20fight4glory25,hedgehogss,china,2025-09-21T01:00:33.928526Z,100,优惠券礼物已支付。
SCHOENHIERSWC,si04172,china,2025-09-21T01:01:00.496773Z,(H304),已使用过的优惠券代码。
20fight4glory25,si04172,china,2025-09-21T01:01:43.963884Z,(H304),已使用过的优惠券代码。
SCHOENHIERSWC,828511124,china,2025-09-21T01:02:52.477447Z,100,优惠券礼物已支付。
20fight4glory25,828511124,china,2025-09-21T01:04:19.385445Z,100,优惠券礼物已支付。
SCHOENHIERSWC,1711365230,china,2025-09-21T01:05:34.917138Z,(H304),已使用过的优惠券代码。
20fight4glory25,1711365230,china,2025-09-21T01:07:34.145412Z,(H304),已使用过的优惠券代码。
SCHOENHIERSWC,ycshangtian,china,2025-09-21T01:09:22.740543Z,(H304),已使用过的优惠券代码。
20fight4glory25,ycshangtian,china,2025-09-21T01:11:13.755595Z,100,优惠券礼物已支付。
SCHOENHIERSWC,lz0319,china,2025-09-21T01:12:43.842257Z,(H304),已使用过的优惠券代码。
20fight4glory25,lz0319,china,2025-09-21T01:13:47.058131Z,(H304),已使用过的优惠券代码。
SCHOENHIERSWC,tth578,china,2025-09-21T01:14:12.950291Z,100,优惠券礼物已支付。
20fight4glory25,tth578,china,2025-09-21T01:15:38.682004Z,100,优惠券礼物已支付。
SCHOENHIERSWC,2287259,china,2025-09-21T01:16:34.022465Z,100,优惠券礼物已支付。
20fight4glory25,2287259,china,2025-09-21T01:17:33.654105Z,100,优惠券礼物已支付。
SCHOENHIERSWC,Mrc233,china,2025-09-21T01:19:00.525477Z,100,优惠券礼物已支付。
20fight4glory25,Mrc233,china,2025-09-21T01:20:22.975006Z,100,优惠券礼物已支付。
SCHOENHIERSWC,weiweitop,china,2025-09-21T01:22:23.026496Z,100,优惠券礼物已支付。
20fight4glory25,weiweitop,china,2025-09-21T01:23:05.569299Z,100,优惠券礼物已支付。
SCHOENHIERSWC,DRXDRC,china,2025-09-21T01:23:29.546420Z,100,优惠券礼物已支付。
20fight4glory25,DRXDRC,china,2025-09-21T01:25:10.446333Z,100,优惠券礼物已支付。
SCHOENHIERSWC,hunt1ey2,china,2025-09-21T01:25:38.738731Z,100,优惠券礼物已支付。
20fight4glory25,hunt1ey2,china,2025-09-21T01:27:32.561924Z,100,优惠券礼物已支付。
SWCPARISNOUSVOILA,samuer007,china,2025-09-21T01:36:32.228122Z,100,优惠券礼物已支付。
SWCPARISNOUSVOILA,safety007,china,2025-09-21T01:37:00.269594Z,100,优惠券礼物已支付。
SWCPARISNOUSVOILA,1940519852,china,2025-09-21T01:38:01.825184Z,100,优惠券礼物已支付。
SWCPARISNOUSVOILA,763066,china,2025-09-21T01:39:54.588919Z,100,优惠券礼物已支付。
SWCPARISNOUSVOILA,Vittical,china,2025-09-21T01:41:30.646205Z,100,优惠券礼物已支付。
SWCPARISNOUSVOILA,759830,china,2025-09-21T01:42:32.381075Z,100,优惠券礼物已支付。
SWCPARISNOUSVOILA,ZQLDHJ,china,2025-09-21T01:43:09.093707Z,100,优惠券礼物已支付。
SWCPARISNOUSVOILA,zhang921027,china,2025-09-21T01:43:38.582861Z,100,优惠券礼物已支付。
SWCPARISNOUSVOILA,hyyni1234,china,2025-09-21T01:45:39.167818Z,100,优惠券礼物已支付。
SWCPARISNOUSVOILA,ZXFAILXY0322,china,2025-09-21T01:46:39.595981Z,100,优惠券礼物已支付。
SWCPARISNOUSVOILA,linchao0510,china,2025-09-21T01:47:58.027861Z,100,优惠券礼物已支付。
SWCPARISNOUSVOILA,gcnu2768,china,2025-09-21T01:49:24.719149Z,100,优惠券礼物已支付。
SWCPARISNOUSVOILA,wwcc998,china,2025-09-21T01:50:28.208473Z,100,优惠券礼物已支付。
SWCPARISNOUSVOILA,78619630,china,2025-09-21T01:52:14.258276Z,100,优惠券礼物已支付。
SWCPARISNOUSVOILA,jk187,china,2025-09-21T01:53:57.227585Z,100,优惠券礼物已支付。
SWCPARISNOUSVOILA,dshujun,china,2025-09-21T01:55:58.650701Z,100,优惠券礼物已支付。
SWCPARISNOUSVOILA,kkws228,china,2025-09-21T01:56:54.383164Z,100,优惠券礼物已支付。
SWCPARISNOUSVOILA,1029709109,china,2025-09-21T01:58:18.255303Z,100,优惠券礼物已支付。
SWCPARISNOUSVOILA,yh.24288,china,2025-09-21T01:59:31.045278Z,100,优惠券礼物已支付。
SWCPARISNOUSVOILA,hedgehogss,china,2025-09-21T02:00:16.325842Z,100,优惠券礼物已支付。
SWCPARISNOUSVOILA,si04172,china,2025-09-21T02:00:47.377295Z,100,优惠券礼物已支付。
SWCPARISNOUSVOILA,828511124,china,2025-09-21T02:02:55.463131Z,100,优惠券礼物已支付。
SWCPARISNOUSVOILA,1711365230,china,2025-09-21T02:04:52.388701Z,100,优惠券礼物已支付。
SWCPARISNOUSVOILA,ycshangtian,china,2025-09-21T02:06:54.057429Z,100,优惠券礼物已支付。
SWCPARISNOUSVOILA,lz0319,china,2025-09-21T02:07:22.163467Z,(H304),已使用过的优惠券代码。
SWCPARISNOUSVOILA,tth578,china,2025-09-21T02:08:58.115511Z,100,优惠券礼物已支付。
SWCPARISNOUSVOILA,2287259,china,2025-09-21T02:10:19.672833Z,100,优惠券礼物已支付。
SWCPARISNOUSVOILA,Mrc233,china,2025-09-21T02:11:36.458659Z,(H304),已使用过的优惠券代码。
SWCPARISNOUSVOILA,weiweitop,china,2025-09-21T02:12:36.997117Z,100,优惠券礼物已支付。
SWCPARISNOUSVOILA,DRXDRC,china,2025-09-21T02:13:30.271694Z,100,优惠券礼物已支付。
SWCPARISNOUSVOILA,hunt1ey2,china,2025-09-21T02:14:52.658213Z,100,优惠券礼物已支付。
comingup34lgnd,samuer007,china,2025-09-27T19:06:35.442201Z,100,优惠券礼物已支付。
20FIGHT4GLORY25,samuer007,china,2025-09-27T19:07:21.194064Z,(H304),已使用过的优惠券代码。
comingup34lgnd,safety007,china,2025-09-27T19:08:03.808284Z,100,优惠券礼物已支付。
20FIGHT4GLORY25,safety007,china,2025-09-27T19:10:11.619807Z,(H304),已使用过的优惠券代码。
comingup34lgnd,1940519852,china,2025-09-27T19:10:49.176581Z,100,优惠券礼物已支付。
20FIGHT4GLORY25,1940519852,china,2025-09-27T19:12:03.723839Z,(H304),已使用过的优惠券代码。
comingup34lgnd,763066,china,2025-09-27T19:12:59.304062Z,100,优惠券礼物已支付。
20FIGHT4GLORY25,763066,china,2025-09-27T19:14:27.252901Z,(H304),已使用过的优惠券代码。
comingup34lgnd,Vittical,china,2025-09-27T19:16:13.022874Z,100,优惠券礼物已支付。
20FIGHT4GLORY25,Vittical,china,2025-09-27T19:17:22.459905Z,(H304),已使用过的优惠券代码。
comingup34lgnd,759830,china,2025-09-27T19:18:24.567385Z,100,优惠券礼物已支付。
20FIGHT4GLORY25,759830,china,2025-09-27T19:19:47.254085Z,(H304),已使用过的优惠券代码。
comingup34lgnd,ZQLDHJ,china,2025-09-27T19:21:22.142231Z,100,优惠券礼物已支付。
20FIGHT4GLORY25,ZQLDHJ,china,2025-09-27T19:22:35.428739Z,(H304),已使用过的优惠券代码。
comingup34lgnd,zhang921027,china,2025-09-27T19:24:03.291002Z,(H304),已使用过的优惠券代码。
20FIGHT4GLORY25,zhang921027,china,2025-09-27T19:26:01.201258Z,(H304),已使用过的优惠券代码。
comingup34lgnd,hyyni1234,china,2025-09-27T19:28:06.024308Z,(H304),已使用过的优惠券代码。
20FIGHT4GLORY25,hyyni1234,china,2025-09-27T19:29:59.964277Z,(H304),已使用过的优惠券代码。
comingup34lgnd,ZXFAILXY0322,china,2025-09-27T19:30:38.089198Z,(H304),已使用过的优惠券代码。
20FIGHT4GLORY25,ZXFAILXY0322,china,2025-09-27T19:32:46.204979Z,(H304),已使用过的优惠券代码。
comingup34lgnd,linchao0510,china,2025-09-27T19:34:55.126035Z,(H304),已使用过的优惠券代码。
20FIGHT4GLORY25,linchao0510,china,2025-09-27T19:35:39.032104Z,(H304),已使用过的优惠券代码。
comingup34lgnd,gcnu2768,china,2025-09-27T19:37:06.814791Z,100,优惠券礼物已支付。
20FIGHT4GLORY25,gcnu2768,china,2025-09-27T19:39:12.203735Z,(H304),已使用过的优惠券代码。
comingup34lgnd,wwcc998,china,2025-09-27T19:40:57.697401Z,100,优惠券礼物已支付。
20FIGHT4GLORY25,wwcc998,china,2025-09-27T19:42:41.892118Z,(H304),已使用过的优惠券代码。
comingup34lgnd,78619630,china,2025-09-27T19:44:04.394839Z,100,优惠券礼物已支付。
20FIGHT4GLORY25,78619630,china,2025-09-27T19:45:17.370546Z,(H304),已使用过的优惠券代码。
comingup34lgnd,jk187,china,2025-09-27T19:47:04.181519Z,(H304),已使用过的优惠券代码。
20FIGHT4GLORY25,jk187,china,2025-09-27T19:48:01.965426Z,(H304),已使用过的优惠券代码。
APAC25FUNA1NGY0,samuer007,china,2025-10-21T04:24:05.580038Z,100,优惠券礼物已支付。
SWC25HAMBOISO,samuer007,china,2025-10-21T04:25:37.857293Z,100,优惠券礼物已支付。
NEXTWF25PARISA1GA,samuer007,china,2025-10-21T04:26:39.390828Z,100,优惠券礼物已支付。
APAC25FUNA1NGY0,safety007,china,2025-10-21T04:27:13.380631Z,100,优惠券礼物已支付。
NEXTWF25PARISA1GA,safety007,china,2025-10-21T04:43:03.833616Z,100,优惠券礼物已支付。
APAC25FUNA1NGY0,1940519852,china,2025-10-21T04:45:02.055671Z,(H304),已使用过的优惠券代码。
SWC25HAMBOISO,1940519852,china,2025-10-21T04:46:07.008494Z,(H304),已使用过的优惠券代码。
NEXTWF25PARISA1GA,1940519852,china,2025-10-21T04:47:52.522461Z,(H304),已使用过的优惠券代码。
APAC25FUNA1NGY0,763066,china,2025-10-21T04:49:25.192103Z,(H304),已使用过的优惠券代码。
SWC25HAMBOISO,763066,china,2025-10-21T04:50:30.544152Z,(H304),已使用过的优惠券代码。
NEXTWF25PARISA1GA,763066,china,2025-10-21T04:52:16.510676Z,(H304),已使用过的优惠券代码。
APAC25FUNA1NGY0,Vittical,china,2025-10-21T04:53:54.154388Z,100,优惠券礼物已支付。
SWC25HAMBOISO,Vittical,china,2025-10-21T04:54:48.118555Z,100,优惠券礼物已支付。
NEXTWF25PARISA1GA,Vittical,china,2025-10-21T04:56:52.603109Z,100,优惠券礼物已支付。
APAC25FUNA1NGY0,759830,china,2025-10-21T04:58:06.049101Z,100,优惠券礼物已支付。
SWC25HAMBOISO,759830,china,2025-10-21T04:59:21.311642Z,100,优惠券礼物已支付。
NEXTWF25PARISA1GA,759830,china,2025-10-21T05:00:29.957217Z,100,优惠券礼物已支付。
APAC25FUNA1NGY0,ZQLDHJ,china,2025-10-21T05:02:12.885962Z,100,优惠券礼物已支付。
SWC25HAMBOISO,ZQLDHJ,china,2025-10-21T05:03:58.219272Z,100,优惠券礼物已支付。
NEXTWF25PARISA1GA,ZQLDHJ,china,2025-10-21T05:04:26.901041Z,100,优惠券礼物已支付。
APAC25FUNA1NGY0,zhang921027,china,2025-10-21T05:04:55.247117Z,(H304),已使用过的优惠券代码。
SWC25HAMBOISO,zhang921027,china,2025-10-21T05:05:41.759630Z,(H304),已使用过的优惠券代码。
NEXTWF25PARISA1GA,zhang921027,china,2025-10-21T05:07:49.178232Z,(H304),已使用过的优惠券代码。
APAC25FUNA1NGY0,hyyni1234,china,2025-10-21T05:08:12.556546Z,(H304),已使用过的优惠券代码。
SWC25HAMBOISO,hyyni1234,china,2025-10-21T05:10:10.901720Z,(H304),已使用过的优惠券代码。
NEXTWF25PARISA1GA,hyyni1234,china,2025-10-21T05:11:24.790756Z,(H304),已使用过的优惠券代码。
APAC25FUNA1NGY0,ZXFAILXY0322,china,2025-10-21T05:11:57.937891Z,(H304),已使用过的优惠券代码。
SWC25HAMBOISO,ZXFAILXY0322,china,2025-10-21T05:12:26.775292Z,(H304),已使用过的优惠券代码。
NEXTWF25PARISA1GA,ZXFAILXY0322,china,2025-10-21T05:13:27.656657Z,(H304),已使用过的优惠券代码。
APAC25FUNA1NGY0,linchao0510,china,2025-10-21T05:15:31.868818Z,(H304),已使用过的优惠券代码。
SWC25HAMBOISO,linchao0510,china,2025-10-21T05:17:33.748738Z,(H304),已使用过的优惠券代码。
NEXTWF25PARISA1GA,linchao0510,china,2025-10-21T05:19:14.346783Z,(H304),已使用过的优惠券代码。
APAC25FUNA1NGY0,gcnu2768,china,2025-10-21T05:21:02.269840Z,(H304),已使用过的优惠券代码。
SWC25HAMBOISO,gcnu2768,china,2025-10-21T05:22:13.741321Z,(H304),已使用过的优惠券代码。
NEXTWF25PARISA1GA,gcnu2768,china,2025-10-21T05:24:14.548762Z,(H304),已使用过的优惠券代码。
APAC25FUNA1NGY0,wwcc998,china,2025-10-21T05:26:07.965068Z,(H304),已使用过的优惠券代码。
SWC25HAMBOISO,wwcc998,china,2025-10-21T05:26:58.615486Z,(H304),已使用过的优惠券代码。
NEXTWF25PARISA1GA,wwcc998,china,2025-10-21T05:28:29.038895Z,100,优惠券礼物已支付。
APAC25FUNA1NGY0,78619630,china,2025-10-21T05:29:43.332798Z,(H304),已使用过的优惠券代码。
SWC25HAMBOISO,78619630,china,2025-10-21T05:31:13.193152Z,100,优惠券礼物已支付。
NEXTWF25PARISA1GA,78619630,china,2025-10-21T05:31:38.624648Z,(H304),已使用过的优惠券代码。
APAC25FUNA1NGY0,jk187,china,2025-10-21T05:32:58.643066Z,(H304),已使用过的优惠券代码。
SWC25HAMBOISO,jk187,china,2025-10-21T05:34:16.476490Z,(H304),已使用过的优惠券代码。
NEXTWF25PARISA1GA,jk187,china,2025-10-21T05:36:18.875606Z,(H304),已使用过的优惠券代码。
APAC25FUNA1NGY0,dshujun,china,2025-10-21T05:36:55.286613Z,(H304),已使用过的优惠券代码。
SWC25HAMBOISO,dshujun,china,2025-10-21T05:38:13.822409Z,(H304),已使用过的优惠券代码。
NEXTWF25PARISA1GA,dshujun,china,2025-10-21T05:39:40.355432Z,(H304),已使用过的优惠券代码。
APAC25FUNA1NGY0,kkws228,china,2025-10-21T05:41:09.623554Z,(H304),已使用过的优惠券代码。
SWC25HAMBOISO,kkws228,china,2025-10-21T05:42:04.511117Z,(H304),已使用过的优惠券代码。
NEXTWF25PARISA1GA,kkws228,china,2025-10-21T05:43:19.574953Z,(H304),已使用过的优惠券代码。
APAC25FUNA1NGY0,1029709109,china,2025-10-21T05:44:39.073765Z,(H304),已使用过的优惠券代码。
SWC25HAMBOISO,1029709109,china,2025-10-21T05:45:37.365682Z,(H304),已使用过的优惠券代码。
NEXTWF25PARISA1GA,1029709109,china,2025-10-21T05:47:35.297168Z,100,优惠券礼物已支付。
APAC25FUNA1NGY0,yh.24288,china,2025-10-21T05:49:22.221456Z,(H304),已使用过的优惠券代码。
SWC25HAMBOISO,yh.24288,china,2025-10-21T05:50:39.555063Z,(H304),已使用过的优惠券代码。
NEXTWF25PARISA1GA,yh.24288,china,2025-10-21T05:51:32.301082Z,(H304),已使用过的优惠券代码。
APAC25FUNA1NGY0,hedgehogss,china,2025-10-21T05:53:03.424573Z,(H304),已使用过的优惠券代码。
SWC25HAMBOISO,hedgehogss,china,2025-10-21T05:54:22.797458Z,100,优惠券礼物已支付。
NEXTWF25PARISA1GA,hedgehogss,china,2025-10-21T05:55:31.726211Z,(H304),已使用过的优惠券代码。
APAC25FUNA1NGY0,si04172,china,2025-10-21T05:57:15.633977Z,(H304),已使用过的优惠券代码。
SWC25HAMBOISO,si04172,china,2025-10-21T05:57:53.873830Z,(H304),已使用过的优惠券代码。
NEXTWF25PARISA1GA,si04172,china,2025-10-21T05:59:07.555129Z,(H304),已使用过的优惠券代码。
APAC25FUNA1NGY0,828511124,china,2025-10-21T05:59:49.794560Z,100,优惠券礼物已支付。
SWC25HAMBOISO,828511124,china,2025-10-21T06:00:53.110803Z,100,优惠券礼物已支付。
NEXTWF25PARISA1GA,828511124,china,2025-10-21T06:02:09.867086Z,100,优惠券礼物已支付。
APAC25FUNA1NGY0,1711365230,china,2025-10-21T06:03:44.806639Z,100,优惠券礼物已支付。
SWC25HAMBOISO,1711365230,china,2025-10-21T06:04:49.006579Z,100,优惠券礼物已支付。
NEXTWF25PARISA1GA,1711365230,china,2025-10-21T06:05:30.862374Z,100,优惠券礼物已支付。
APAC25FUNA1NGY0,ycshangtian,china,2025-10-21T06:07:34.953710Z,(H304),已使用过的优惠券代码。
SWC25HAMBOISO,ycshangtian,china,2025-10-21T06:09:03.624657Z,(H304),已使用过的优惠券代码。
NEXTWF25PARISA1GA,ycshangtian,china,2025-10-21T06:11:01.039165Z,(H304),已使用过的优惠券代码。
APAC25FUNA1NGY0,lz0319,china,2025-10-21T06:12:07.704208Z,(H304),已使用过的优惠券代码。
SWC25HAMBOISO,lz0319,china,2025-10-21T06:13:42.402967Z,(H304),已使用过的优惠券代码。
NEXTWF25PARISA1GA,lz0319,china,2025-10-21T06:14:08.093360Z,(H304),已使用过的优惠券代码。
APAC25FUNA1NGY0,tth578,china,2025-10-21T06:16:01.599349Z,(H304),已使用过的优惠券代码。
SWC25HAMBOISO,tth578,china,2025-10-21T06:17:57.011806Z,(H304),已使用过的优惠券代码。
NEXTWF25PARISA1GA,tth578,china,2025-10-21T06:20:00.980189Z,(H304),已使用过的优惠券代码。
APAC25FUNA1NGY0,2287259,china,2025-10-21T06:21:21.257120Z,(H304),已使用过的优惠券代码。
SWC25HAMBOISO,2287259,china,2025-10-21T06:22:30.641553Z,(H304),已使用过的优惠券代码。
NEXTWF25PARISA1GA,2287259,china,2025-10-21T06:23:12.399873Z,(H304),已使用过的优惠券代码。
APAC25FUNA1NGY0,Mrc233,china,2025-10-21T06:24:15.261961Z,100,优惠券礼物已支付。
SWC25HAMBOISO,Mrc233,china,2025-10-21T06:25:02.221122Z,100,优惠券礼物已支付。
NEXTWF25PARISA1GA,Mrc233,china,2025-10-21T06:26:05.586853Z,100,优惠券礼物已支付。
APAC25FUNA1NGY0,weiweitop,china,2025-10-21T06:27:14.922156Z,100,优惠券礼物已支付。
SWC25HAMBOISO,weiweitop,china,2025-10-21T06:28:30.959759Z,100,优惠券礼物已支付。
NEXTWF25PARISA1GA,weiweitop,china,2025-10-21T06:30:13.629120Z,100,优惠券礼物已支付。
APAC25FUNA1NGY0,DRXDRC,china,2025-10-21T06:30:38.336452Z,100,优惠券礼物已支付。
SWC25HAMBOISO,DRXDRC,china,2025-10-21T06:31:59.240178Z,100,优惠券礼物已支付。
NEXTWF25PARISA1GA,DRXDRC,china,2025-10-21T06:34:06.697165Z,100,优惠券礼物已支付。
APAC25FUNA1NGY0,hunt1ey2,china,2025-10-21T06:36:03.382343Z,100,优惠券礼物已支付。
SWC25HAMBOISO,hunt1ey2,china,2025-10-21T06:38:00.403246Z,100,优惠券礼物已支付。
NEXTWF25PARISA1GA,hunt1ey2,china,2025-10-21T06:39:31.799354Z,100,优惠券礼物已支付。
SW2025OCTP3T,samuer007,china,2025-10-26T16:53:13.282648Z,100,优惠券礼物已支付。
SW2025OCTP3T,safety007,china,2025-10-26T16:55:11.229028Z,100,优惠券礼物已支付。
SW2025OCTP3T,1940519852,china,2025-10-26T16:55:57.247838Z,(H304),已使用过的优惠券代码。
SW2025OCTP3T,763066,china,2025-10-26T16:57:20.387937Z,100,优惠券礼物已支付。
SW2025OCTP3T,Vittical,china,2025-10-26T16:58:33.258168Z,100,优惠券礼物已支付。
SW2025OCTP3T,759830,china,2025-10-26T17:00:14.304581Z,100,优惠券礼物已支付。
SW2025OCTP3T,ZQLDHJ,china,2025-10-26T17:01:34.621915Z,100,优惠券礼物已支付。
SW2025OCTP3T,zhang921027,china,2025-10-26T17:03:36.533933Z,100,优惠券礼物已支付。
SW2025OCTP3T,hyyni1234,china,2025-10-26T17:04:04.822001Z,100,优惠券礼物已支付。
SW2025OCTP3T,ZXFAILXY0322,china,2025-10-26T17:04:57.504222Z,100,优惠券礼物已支付。
SW2025OCTP3T,linchao0510,china,2025-10-26T17:06:35.572665Z,100,优惠券礼物已支付。
SW2025OCTP3T,gcnu2768,china,2025-10-26T17:08:36.227876Z,100,优惠券礼物已支付。
SW2025OCTP3T,wwcc998,china,2025-10-26T17:10:10.474039Z,100,优惠券礼物已支付。
SW2025OCTP3T,78619630,china,2025-10-26T17:10:49.438299Z,100,优惠券礼物已支付。
SW2025OCTP3T,jk187,china,2025-10-26T17:12:10.681421Z,(H304),已使用过的优惠券代码。
SW2025OCTP3T,dshujun,china,2025-10-26T17:13:53.779900Z,(H304),已使用过的优惠券代码。
SW2025OCTP3T,kkws228,china,2025-10-26T17:15:54.695980Z,(H304),已使用过的优惠券代码。
SW2025OCTP3T,1029709109,china,2025-10-26T17:17:44.788641Z,100,优惠券礼物已支付。
SW2025OCTP3T,yh.24288,china,2025-10-26T17:19:00.125874Z,(H304),已使用过的优惠券代码。
SW2025OCTP3T,hedgehogss,china,2025-10-26T17:20:43.662014Z,100,优惠券礼物已支付。
SW2025OCTP3T,si04172,china,2025-10-26T17:22:26.929651Z,100,优惠券礼物已支付。
SW2025OCTP3T,828511124,china,2025-10-26T17:23:19.370264Z,100,优惠券礼物已支付。
SW2025OCTP3T,1711365230,china,2025-10-26T17:25:17.205411Z,100,优惠券礼物已支付。
SW2025OCTP3T,ycshangtian,china,2025-10-26T17:27:03.889004Z,100,优惠券礼物已支付。
SW2025OCTP3T,lz0319,china,2025-10-26T17:28:43.423487Z,(H304),已使用过的优惠券代码。
SW2025OCTP3T,tth578,china,2025-10-26T17:30:30.040338Z,100,优惠券礼物已支付。
SW2025OCTP3T,2287259,china,2025-10-26T17:30:57.710127Z,100,优惠券礼物已支付。
SW2025OCTP3T,Mrc233,china,2025-10-26T17:31:58.797647Z,100,优惠券礼物已支付。
SW2025OCTP3T,weiweitop,china,2025-10-26T17:33:02.841224Z,100,优惠券礼物已支付。
SW2025OCTP3T,DRXDRC,china,2025-10-26T17:34:12.688078Z,100,优惠券礼物已支付。
SW2025OCTP3T,hunt1ey2,china,2025-10-26T17:35:59.524082Z,100,优惠券礼物已支付。
BR3ADYWF,samuer007,china,2025-10-31T21:44:25.486718Z,100,优惠券礼物已支付。
BR3ADYWF,safety007,china,2025-10-31T21:46:28.574095Z,100,优惠券礼物已支付。
BR3ADYWF,1940519852,china,2025-10-31T21:47:49.179927Z,100,优惠券礼物已支付。
BR3ADYWF,763066,china,2025-10-31T21:49:37.987315Z,100,优惠券礼物已支付。
BR3ADYWF,Vittical,china,2025-10-31T21:50:10.405547Z,100,优惠券礼物已支付。
BR3ADYWF,759830,china,2025-10-31T21:51:47.607333Z,100,优惠券礼物已支付。
BR3ADYWF,ZQLDHJ,china,2025-10-31T21:53:18.413440Z,100,优惠券礼物已支付。
BR3ADYWF,zhang921027,china,2025-10-31T21:55:18.824177Z,100,优惠券礼物已支付。
BR3ADYWF,hyyni1234,china,2025-10-31T21:57:12.052673Z,100,优惠券礼物已支付。
BR3ADYWF,ZXFAILXY0322,china,2025-10-31T21:58:02.148304Z,100,优惠券礼物已支付。
BR3ADYWF,linchao0510,china,2025-10-31T21:59:40.794163Z,100,优惠券礼物已支付。
BR3ADYWF,gcnu2768,china,2025-10-31T22:01:28.919148Z,100,优惠券礼物已支付。
BR3ADYWF,wwcc998,china,2025-10-31T22:02:19.838995Z,100,优惠券礼物已支付。
BR3ADYWF,78619630,china,2025-10-31T22:04:09.276049Z,100,优惠券礼物已支付。
BR3ADYWF,jk187,china,2025-10-31T22:06:00.568114Z,100,优惠券礼物已支付。
BR3ADYWF,dshujun,china,2025-10-31T22:07:26.386785Z,100,优惠券礼物已支付。
BR3ADYWF,kkws228,china,2025-10-31T22:08:43.049095Z,100,优惠券礼物已支付。
BR3ADYWF,1029709109,china,2025-10-31T22:09:54.131903Z,100,优惠券礼物已支付。
BR3ADYWF,yh.24288,china,2025-10-31T22:10:43.020204Z,100,优惠券礼物已支付。
BR3ADYWF,hedgehogss,china,2025-10-31T22:12:08.441139Z,100,优惠券礼物已支付。
BR3ADYWF,si04172,china,2025-10-31T22:12:39.468705Z,100,优惠券礼物已支付。
BR3ADYWF,828511124,china,2025-10-31T22:13:06.428486Z,100,优惠券礼物已支付。
BR3ADYWF,1711365230,china,2025-10-31T22:15:01.795251Z,100,优惠券礼物已支付。
BR3ADYWF,ycshangtian,china,2025-10-31T22:16:03.325959Z,(H304),已使用过的优惠券代码。
BR3ADYWF,lz0319,china,2025-10-31T22:16:34.377354Z,(H304),已使用过的优惠券代码。
BR3ADYWF,tth578,china,2025-10-31T22:18:44.678695Z,100,优惠券礼物已支付。
BR3ADYWF,2287259,china,2025-10-31T22:19:17.860022Z,100,优惠券礼物已支付。
BR3ADYWF,Mrc233,china,2025-10-31T22:20:08.948136Z,100,优惠券礼物已支付。
BR3ADYWF,weiweitop,china,2025-10-31T22:21:57.443276Z,100,优惠券礼物已支付。
BR3ADYWF,DRXDRC,china,2025-10-31T22:23:55.526165Z,100,优惠券礼物已支付。
BR3ADYWF,hunt1ey2,china,2025-10-31T22:25:25.981365Z,100,优惠券礼物已支付。
SWC2025WFENBLEU,samuer007,china,2025-11-01T23:04:17.421823Z,100,优惠券礼物已支付。
SWC2025WFENBLEU,safety007,china,2025-11-01T23:04:43.989290Z,100,优惠券礼物已支付。
SWC2025WFENBLEU,1940519852,china,2025-11-01T23:05:40.841430Z,100,优惠券礼物已支付。
SWC2025WFENBLEU,763066,china,2025-11-01T23:06:15.107989Z,100,优惠券礼物已支付。
SWC2025WFENBLEU,Vittical,china,2025-11-01T23:06:40.693427Z,100,优惠券礼物已支付。
SWC2025WFENBLEU,759830,china,2025-11-01T23:07:45.717263Z,100,优惠券礼物已支付。
SWC2025WFENBLEU,ZQLDHJ,china,2025-11-01T23:09:07.697324Z,100,优惠券礼物已支付。
SWC2025WFENBLEU,zhang921027,china,2025-11-01T23:10:42.435044Z,100,优惠券礼物已支付。
SWC2025WFENBLEU,hyyni1234,china,2025-11-01T23:11:29.811274Z,100,优惠券礼物已支付。
SWC2025WFENBLEU,ZXFAILXY0322,china,2025-11-01T23:13:20.504929Z,100,优惠券礼物已支付。
SWC2025WFENBLEU,linchao0510,china,2025-11-01T23:14:14.568522Z,100,优惠券礼物已支付。
SWC2025WFENBLEU,gcnu2768,china,2025-11-01T23:16:13.107704Z,100,优惠券礼物已支付。
SWC2025WFENBLEU,wwcc998,china,2025-11-01T23:18:16.301469Z,(H304),已使用过的优惠券代码。
SWC2025WFENBLEU,78619630,china,2025-11-01T23:20:02.925468Z,100,优惠券礼物已支付。
SWC2025WFENBLEU,jk187,china,2025-11-01T23:20:50.977538Z,(H304),已使用过的优惠券代码。
SWC2025WFENBLEU,dshujun,china,2025-11-01T23:22:42.947252Z,(H304),已使用过的优惠券代码。
SWC2025WFENBLEU,kkws228,china,2025-11-01T23:24:26.593580Z,100,优惠券礼物已支付。
SWC2025WFENBLEU,1029709109,china,2025-11-01T23:24:58.376331Z,100,优惠券礼物已支付。
SWC2025WFENBLEU,yh.24288,china,2025-11-01T23:26:57.591569Z,(H304),已使用过的优惠券代码。
SWC2025WFENBLEU,hedgehogss,china,2025-11-01T23:27:39.052726Z,100,优惠券礼物已支付。
SWC2025WFENBLEU,828511124,china,2025-11-01T23:42:18.768444Z,100,优惠券礼物已支付。
SWC2025WFENBLEU,1711365230,china,2025-11-01T23:44:09.852977Z,100,优惠券礼物已支付。
SWC2025WFENBLEU,ycshangtian,china,2025-11-01T23:44:59.187154Z,(H304),已使用过的优惠券代码。
SWC2025WFENBLEU,lz0319,china,2025-11-01T23:46:13.321793Z,(H304),已使用过的优惠券代码。
SWC2025WFENBLEU,tth578,china,2025-11-01T23:47:13.957960Z,100,优惠券礼物已支付。
SWC2025WFENBLEU,2287259,china,2025-11-01T23:48:46.441378Z,100,优惠券礼物已支付。
SWC2025WFENBLEU,Mrc233,china,2025-11-01T23:50:21.332569Z,100,优惠券礼物已支付。
SWC2025WFENBLEU,weiweitop,china,2025-11-01T23:51:07.718622Z,100,优惠券礼物已支付。
SWC2025WFENBLEU,DRXDRC,china,2025-11-01T23:52:02.765274Z,100,优惠券礼物已支付。
SWC2025WFENBLEU,hunt1ey2,china,2025-11-01T23:52:39.764730Z,100,优惠券礼物已支付。
2NEWTOMORROW2,samuer007,china,2025-11-02T10:09:19.025951Z,100,优惠券礼物已支付。
SWC25ROAD2GLORYS2,samuer007,china,2025-11-02T10:10:58.482105Z,100,优惠券礼物已支付。
FINALEAPARISSWC25,samuer007,china,2025-11-02T10:12:10.070758Z,100,优惠券礼物已支付。
TOMORROWBEGINS,samuer007,china,2025-11-02T10:13:33.677803Z,100,优惠券礼物已支付。
2NEWTOMORROW2,safety007,china,2025-11-02T10:15:08.195337Z,100,优惠券礼物已支付。
SWC25ROAD2GLORYS2,safety007,china,2025-11-02T10:16:21.722260Z,100,优惠券礼物已支付。
FINALEAPARISSWC25,safety007,china,2025-11-02T10:18:08.197463Z,100,优惠券礼物已支付。
TOMORROWBEGINS,safety007,china,2025-11-02T10:19:09.394985Z,100,优惠券礼物已支付。
2NEWTOMORROW2,1940519852,china,2025-11-02T10:19:37.827243Z,100,优惠券礼物已支付。
SWC25ROAD2GLORYS2,1940519852,china,2025-11-02T10:20:12.209163Z,100,优惠券礼物已支付。
FINALEAPARISSWC25,1940519852,china,2025-11-02T10:20:40.210398Z,100,优惠券礼物已支付。
TOMORROWBEGINS,1940519852,china,2025-11-02T10:22:31.753526Z,100,优惠券礼物已支付。
2NEWTOMORROW2,763066,china,2025-11-02T10:22:56.761542Z,100,优惠券礼物已支付。
SWC25ROAD2GLORYS2,763066,china,2025-11-02T10:24:31.381073Z,100,优惠券礼物已支付。
FINALEAPARISSWC25,763066,china,2025-11-02T10:26:35.481981Z,100,优惠券礼物已支付。
TOMORROWBEGINS,763066,china,2025-11-02T10:28:16.718004Z,100,优惠券礼物已支付。
2NEWTOMORROW2,Vittical,china,2025-11-02T10:29:30.225125Z,100,优惠券礼物已支付。
SWC25ROAD2GLORYS2,Vittical,china,2025-11-02T10:30:22.846261Z,100,优惠券礼物已支付。
FINALEAPARISSWC25,Vittical,china,2025-11-02T10:32:27.601585Z,100,优惠券礼物已支付。
TOMORROWBEGINS,Vittical,china,2025-11-02T10:33:20.398935Z,100,优惠券礼物已支付。
2NEWTOMORROW2,759830,china,2025-11-02T10:35:21.369553Z,100,优惠券礼物已支付。
SWC25ROAD2GLORYS2,759830,china,2025-11-02T10:36:17.712861Z,100,优惠券礼物已支付。
FINALEAPARISSWC25,759830,china,2025-11-02T10:37:29.306106Z,100,优惠券礼物已支付。
TOMORROWBEGINS,759830,china,2025-11-02T10:39:04.140671Z,100,优惠券礼物已支付。
2NEWTOMORROW2,ZQLDHJ,china,2025-11-02T10:39:46.648392Z,100,优惠券礼物已支付。
SWC25ROAD2GLORYS2,ZQLDHJ,china,2025-11-02T10:40:30.360516Z,100,优惠券礼物已支付。
FINALEAPARISSWC25,ZQLDHJ,china,2025-11-02T10:42:11.602741Z,100,优惠券礼物已支付。
TOMORROWBEGINS,ZQLDHJ,china,2025-11-02T10:43:11.401178Z,100,优惠券礼物已支付。
2NEWTOMORROW2,zhang921027,china,2025-11-02T10:44:12.430094Z,(H304),已使用过的优惠券代码。
SWC25ROAD2GLORYS2,zhang921027,china,2025-11-02T10:44:41.067041Z,(H304),已使用过的优惠券代码。
FINALEAPARISSWC25,zhang921027,china,2025-11-02T10:45:25.160903Z,(H304),已使用过的优惠券代码。
TOMORROWBEGINS,zhang921027,china,2025-11-02T10:45:58.165111Z,(H304),已使用过的优惠券代码。
2NEWTOMORROW2,hyyni1234,china,2025-11-02T10:46:33.505665Z,(H304),已使用过的优惠券代码。
SWC25ROAD2GLORYS2,hyyni1234,china,2025-11-02T10:47:49.523405Z,(H304),已使用过的优惠券代码。
FINALEAPARISSWC25,hyyni1234,china,2025-11-02T10:48:18.071863Z,(H304),已使用过的优惠券代码。
TOMORROWBEGINS,hyyni1234,china,2025-11-02T10:49:53.904617Z,(H304),已使用过的优惠券代码。
2NEWTOMORROW2,ZXFAILXY0322,china,2025-11-02T10:51:37.827693Z,(H304),已使用过的优惠券代码。
SWC25ROAD2GLORYS2,ZXFAILXY0322,china,2025-11-02T10:53:40.527201Z,(H304),已使用过的优惠券代码。
FINALEAPARISSWC25,ZXFAILXY0322,china,2025-11-02T10:54:02.609204Z,(H304),已使用过的优惠券代码。
TOMORROWBEGINS,ZXFAILXY0322,china,2025-11-02T10:54:24.942945Z,(H304),已使用过的优惠券代码。
2NEWTOMORROW2,linchao0510,china,2025-11-02T10:55:57.978440Z,(H304),已使用过的优惠券代码。
SWC25ROAD2GLORYS2,linchao0510,china,2025-11-02T10:56:52.453462Z,(H304),已使用过的优惠券代码。
FINALEAPARISSWC25,linchao0510,china,2025-11-02T10:57:58.828884Z,(H304),已使用过的优惠券代码。
TOMORROWBEGINS,linchao0510,china,2025-11-02T10:59:45.050560Z,(H304),已使用过的优惠券代码。
2NEWTOMORROW2,gcnu2768,china,2025-11-02T11:01:24.119563Z,100,优惠券礼物已支付。
SWC25ROAD2GLORYS2,gcnu2768,china,2025-11-02T11:03:16.966214Z,100,优惠券礼物已支付。
FINALEAPARISSWC25,gcnu2768,china,2025-11-02T11:03:56.206560Z,100,优惠券礼物已支付。
TOMORROWBEGINS,gcnu2768,china,2025-11-02T11:04:26.453335Z,100,优惠券礼物已支付。
2NEWTOMORROW2,wwcc998,china,2025-11-02T11:06:19.088618Z,100,优惠券礼物已支付。
SWC25ROAD2GLORYS2,wwcc998,china,2025-11-02T11:06:57.589036Z,(H304),已使用过的优惠券代码。
FINALEAPARISSWC25,wwcc998,china,2025-11-02T11:08:14.922193Z,(H304),已使用过的优惠券代码。
TOMORROWBEGINS,wwcc998,china,2025-11-02T11:08:46.592538Z,(H304),已使用过的优惠券代码。
2NEWTOMORROW2,78619630,china,2025-11-02T11:09:48.949490Z,100,优惠券礼物已支付。
SWC25ROAD2GLORYS2,78619630,china,2025-11-02T11:11:20.211298Z,100,优惠券礼物已支付。
FINALEAPARISSWC25,78619630,china,2025-11-02T11:12:55.157806Z,100,优惠券礼物已支付。
TOMORROWBEGINS,78619630,china,2025-11-02T11:14:56.279396Z,100,优惠券礼物已支付。
2NEWTOMORROW2,jk187,china,2025-11-02T11:15:29.385191Z,(H304),已使用过的优惠券代码。
SWC25ROAD2GLORYS2,jk187,china,2025-11-02T11:16:15.446568Z,(H304),已使用过的优惠券代码。
FINALEAPARISSWC25,jk187,china,2025-11-02T11:18:02.288326Z,(H304),已使用过的优惠券代码。
TOMORROWBEGINS,jk187,china,2025-11-02T11:19:27.907221Z,(H304),已使用过的优惠券代码。
2NEWTOMORROW2,dshujun,china,2025-11-02T11:21:15.627914Z,(H304),已使用过的优惠券代码。
SWC25ROAD2GLORYS2,dshujun,china,2025-11-02T11:22:52.058282Z,(H304),已使用过的优惠券代码。
FINALEAPARISSWC25,dshujun,china,2025-11-02T11:23:28.057233Z,(H304),已使用过的优惠券代码。
TOMORROWBEGINS,dshujun,china,2025-11-02T11:24:41.537762Z,(H304),已使用过的优惠券代码。
2NEWTOMORROW2,kkws228,china,2025-11-02T11:26:13.487648Z,100,优惠券礼物已支付。
SWC25ROAD2GLORYS2,kkws228,china,2025-11-02T11:28:01.685392Z,100,优惠券礼物已支付。
FINALEAPARISSWC25,kkws228,china,2025-11-02T11:30:06.635836Z,100,优惠券礼物已支付。
TOMORROWBEGINS,kkws228,china,2025-11-02T11:30:52.902623Z,100,优惠券礼物已支付。
2NEWTOMORROW2,1029709109,china,2025-11-02T11:32:03.258739Z,(H304),已使用过的优惠券代码。
SWC25ROAD2GLORYS2,1029709109,china,2025-11-02T11:32:49.128511Z,(H304),已使用过的优惠券代码。
FINALEAPARISSWC25,1029709109,china,2025-11-02T11:33:41.072566Z,(H304),已使用过的优惠券代码。
TOMORROWBEGINS,1029709109,china,2025-11-02T11:35:23.008308Z,(H304),已使用过的优惠券代码。
2NEWTOMORROW2,yh.24288,china,2025-11-02T11:36:03.086373Z,(H304),已使用过的优惠券代码。
SWC25ROAD2GLORYS2,yh.24288,china,2025-11-02T11:37:41.827278Z,(H304),已使用过的优惠券代码。
FINALEAPARISSWC25,yh.24288,china,2025-11-02T11:39:19.608041Z,(H304),已使用过的优惠券代码。
TOMORROWBEGINS,yh.24288,china,2025-11-02T11:40:20.351904Z,(H304),已使用过的优惠券代码。
2NEWTOMORROW2,hedgehogss,china,2025-11-02T11:42:28.710495Z,100,优惠券礼物已支付。
SWC25ROAD2GLORYS2,hedgehogss,china,2025-11-02T11:44:31.408579Z,100,优惠券礼物已支付。
FINALEAPARISSWC25,hedgehogss,china,2025-11-02T11:45:09.956993Z,100,优惠券礼物已支付。
TOMORROWBEGINS,hedgehogss,china,2025-11-02T11:45:37.512157Z,(H304),已使用过的优惠券代码。
2NEWTOMORROW2,si04172,china,2025-11-02T11:46:17.508197Z,(H304),已使用过的优惠券代码。
SWC25ROAD2GLORYS2,si04172,china,2025-11-02T11:47:55.906250Z,100,优惠券礼物已支付。
FINALEAPARISSWC25,si04172,china,2025-11-02T11:49:18.710433Z,(H304),已使用过的优惠券代码。
TOMORROWBEGINS,si04172,china,2025-11-02T11:49:46.634336Z,(H304),已使用过的优惠券代码。
2NEWTOMORROW2,828511124,china,2025-11-02T11:51:42.223463Z,100,优惠券礼物已支付。
SWC25ROAD2GLORYS2,828511124,china,2025-11-02T11:52:51.116279Z,100,优惠券礼物已支付。
FINALEAPARISSWC25,828511124,china,2025-11-02T11:54:11.941270Z,100,优惠券礼物已支付。
TOMORROWBEGINS,828511124,china,2025-11-02T11:54:54.442921Z,100,优惠券礼物已支付。
2NEWTOMORROW2,1711365230,china,2025-11-02T11:56:03.295566Z,100,优惠券礼物已支付。
SWC25ROAD2GLORYS2,1711365230,china,2025-11-02T11:57:07.404724Z,100,优惠券礼物已支付。
FINALEAPARISSWC25,1711365230,china,2025-11-02T11:57:45.917604Z,100,优惠券礼物已支付。
TOMORROWBEGINS,1711365230,china,2025-11-02T11:59:23.936478Z,100,优惠券礼物已支付。
2NEWTOMORROW2,ycshangtian,china,2025-11-02T12:00:29.240691Z,(H304),已使用过的优惠券代码。
SWC25ROAD2GLORYS2,ycshangtian,china,2025-11-02T12:02:35.114253Z,(H304),已使用过的优惠券代码。
FINALEAPARISSWC25,ycshangtian,china,2025-11-02T12:03:00.521696Z,(H304),已使用过的优惠券代码。
TOMORROWBEGINS,ycshangtian,china,2025-11-02T12:04:19.644573Z,(H304),已使用过的优惠券代码。
2NEWTOMORROW2,lz0319,china,2025-11-02T12:04:45.353945Z,(H304),已使用过的优惠券代码。
SWC25ROAD2GLORYS2,lz0319,china,2025-11-02T12:05:25.775895Z,100,优惠券礼物已支付。
FINALEAPARISSWC25,lz0319,china,2025-11-02T12:06:13.268672Z,(H304),已使用过的优惠券代码。
TOMORROWBEGINS,lz0319,china,2025-11-02T12:08:08.483064Z,(H304),已使用过的优惠券代码。
2NEWTOMORROW2,tth578,china,2025-11-02T12:10:03.032855Z,(H304),已使用过的优惠券代码。
SWC25ROAD2GLORYS2,tth578,china,2025-11-02T12:11:17.523998Z,(H304),已使用过的优惠券代码。
FINALEAPARISSWC25,tth578,china,2025-11-02T12:12:45.057461Z,(H304),已使用过的优惠券代码。
TOMORROWBEGINS,tth578,china,2025-11-02T12:14:41.046219Z,(H304),已使用过的优惠券代码。
2NEWTOMORROW2,2287259,china,2025-11-02T12:15:14.981211Z,(H304),已使用过的优惠券代码。
SWC25ROAD2GLORYS2,2287259,china,2025-11-02T12:15:47.176167Z,(H304),已使用过的优惠券代码。
FINALEAPARISSWC25,2287259,china,2025-11-02T12:17:00.707332Z,(H304),已使用过的优惠券代码。
TOMORROWBEGINS,2287259,china,2025-11-02T12:17:44.542163Z,(H304),已使用过的优惠券代码。
2NEWTOMORROW2,Mrc233,china,2025-11-02T12:18:20.247053Z,100,优惠券礼物已支付。
SWC25ROAD2GLORYS2,Mrc233,china,2025-11-02T12:19:49.502625Z,100,优惠券礼物已支付。
FINALEAPARISSWC25,Mrc233,china,2025-11-02T12:20:37.674758Z,100,优惠券礼物已支付。
TOMORROWBEGINS,Mrc233,china,2025-11-02T12:21:23.772562Z,100,优惠券礼物已支付。
2NEWTOMORROW2,weiweitop,china,2025-11-02T12:22:25.037146Z,100,优惠券礼物已支付。
SWC25ROAD2GLORYS2,weiweitop,china,2025-11-02T12:24:12.127912Z,100,优惠券礼物已支付。
FINALEAPARISSWC25,weiweitop,china,2025-11-02T12:24:56.196987Z,100,优惠券礼物已支付。
TOMORROWBEGINS,weiweitop,china,2025-11-02T12:26:52.050561Z,100,优惠券礼物已支付。
2NEWTOMORROW2,DRXDRC,china,2025-11-02T12:28:19.512039Z,100,优惠券礼物已支付。
SWC25ROAD2GLORYS2,DRXDRC,china,2025-11-02T12:29:21.827072Z,100,优惠券礼物已支付。
FINALEAPARISSWC25,DRXDRC,china,2025-11-02T12:30:50.512426Z,100,优惠券礼物已支付。
TOMORROWBEGINS,DRXDRC,china,2025-11-02T12:31:23.865452Z,100,优惠券礼物已支付。
2NEWTOMORROW2,hunt1ey2,china,2025-11-02T12:32:16.685508Z,100,优惠券礼物已支付。
SWC25ROAD2GLORYS2,hunt1ey2,china,2025-11-02T12:33:01.096878Z,100,优惠券礼物已支付。
FINALEAPARISSWC25,hunt1ey2,china,2025-11-02T12:34:18.580779Z,100,优惠券礼物已支付。
TOMORROWBEGINS,hunt1ey2,china,2025-11-02T12:36:16.531144Z,100,优惠券礼物已支付。
2025zuiqianggonghui,samuer007,china,2025-11-23T02:22:22.697129Z,100,优惠券礼物已支付。
2025zuiqianggonghui,safety007,china,2025-11-23T02:22:53.281291Z,100,优惠券礼物已支付。
2025zuiqianggonghui,1940519852,china,2025-11-23T02:24:58.008563Z,100,优惠券礼物已支付。
2025zuiqianggonghui,763066,china,2025-11-23T02:25:45.407889Z,(H304),已使用过的优惠券代码。
2025zuiqianggonghui,Vittical,china,2025-11-23T02:26:54.308647Z,100,优惠券礼物已支付。
2025zuiqianggonghui,759830,china,2025-11-23T02:28:22.492219Z,100,优惠券礼物已支付。
2025zuiqianggonghui,ZQLDHJ,china,2025-11-23T02:29:46.382065Z,100,优惠券礼物已支付。
2025zuiqianggonghui,zhang921027,china,2025-11-23T02:30:23.934963Z,(H304),已使用过的优惠券代码。
2025zuiqianggonghui,hyyni1234,china,2025-11-23T02:31:46.882647Z,(H304),已使用过的优惠券代码。
2025zuiqianggonghui,ZXFAILXY0322,china,2025-11-23T02:33:13.764774Z,(H304),已使用过的优惠券代码。
2025zuiqianggonghui,linchao0510,china,2025-11-23T02:34:39.442280Z,(H304),已使用过的优惠券代码。
2025zuiqianggonghui,gcnu2768,china,2025-11-23T02:35:15.241193Z,100,优惠券礼物已支付。
2025zuiqianggonghui,wwcc998,china,2025-11-23T02:36:33.223976Z,100,优惠券礼物已支付。
2025zuiqianggonghui,78619630,china,2025-11-23T02:37:21.488107Z,100,优惠券礼物已支付。
2025zuiqianggonghui,jk187,china,2025-11-23T02:39:12.051001Z,(H304),已使用过的优惠券代码。
2025zuiqianggonghui,dshujun,china,2025-11-23T02:40:39.139869Z,(H304),已使用过的优惠券代码。
2025zuiqianggonghui,kkws228,china,2025-11-23T02:41:38.629656Z,100,优惠券礼物已支付。
2025zuiqianggonghui,1029709109,china,2025-11-23T02:42:17.077157Z,100,优惠券礼物已支付。
2025zuiqianggonghui,yh.24288,china,2025-11-23T02:43:18.195162Z,100,优惠券礼物已支付。
2025zuiqianggonghui,hedgehogss,china,2025-11-23T02:44:03.235446Z,100,优惠券礼物已支付。
2025zuiqianggonghui,si04172,china,2025-11-23T02:45:24.021946Z,(H304),已使用过的优惠券代码。
2025zuiqianggonghui,828511124,china,2025-11-23T02:47:02.967296Z,100,优惠券礼物已支付。
2025zuiqianggonghui,1711365230,china,2025-11-23T02:47:57.915492Z,100,优惠券礼物已支付。
2025zuiqianggonghui,ycshangtian,china,2025-11-23T02:49:00.067180Z,(H304),已使用过的优惠券代码。
2025zuiqianggonghui,lz0319,china,2025-11-23T02:50:36.684086Z,(H304),已使用过的优惠券代码。
2025zuiqianggonghui,tth578,china,2025-11-23T02:51:10.880558Z,100,优惠券礼物已支付。
2025zuiqianggonghui,2287259,china,2025-11-23T02:51:59.620625Z,(H304),已使用过的优惠券代码。
2025zuiqianggonghui,Mrc233,china,2025-11-23T02:53:21.818573Z,100,优惠券礼物已支付。
2025zuiqianggonghui,weiweitop,china,2025-11-23T02:53:51.570428Z,100,优惠券礼物已支付。
2025zuiqianggonghui,DRXDRC,china,2025-11-23T02:55:12.277663Z,100,优惠券礼物已支付。
2025zuiqianggonghui,hunt1ey2,china,2025-11-23T02:55:36.156379Z,100,优惠券礼物已支付。
longdechuanren,samuer007,china,2025-12-06T18:55:39.859002Z,100,优惠券礼物已支付。
2025SWSHENZHENZHAN,samuer007,china,2025-12-06T18:56:33.893988Z,100,优惠券礼物已支付。
longdechuanren,safety007,china,2025-12-06T18:58:08.589506Z,100,优惠券礼物已支付。
2025SWSHENZHENZHAN,safety007,china,2025-12-06T18:59:25.508933Z,100,优惠券礼物已支付。
longdechuanren,1940519852,china,2025-12-06T18:59:58.258588Z,100,优惠券礼物已支付。
2025SWSHENZHENZHAN,1940519852,china,2025-12-06T19:01:04.767000Z,100,优惠券礼物已支付。
longdechuanren,763066,china,2025-12-06T19:02:45.321597Z,(H304),已使用过的优惠券代码。
2025SWSHENZHENZHAN,763066,china,2025-12-06T19:04:26.470270Z,100,优惠券礼物已支付。
longdechuanren,Vittical,china,2025-12-06T19:05:43.404908Z,100,优惠券礼物已支付。
2025SWSHENZHENZHAN,Vittical,china,2025-12-06T19:06:39.718282Z,100,优惠券礼物已支付。
longdechuanren,759830,china,2025-12-06T19:08:17.576596Z,100,优惠券礼物已支付。
2025SWSHENZHENZHAN,759830,china,2025-12-06T19:08:49.503079Z,100,优惠券礼物已支付。
longdechuanren,ZQLDHJ,china,2025-12-06T19:10:23.660899Z,100,优惠券礼物已支付。
2025SWSHENZHENZHAN,ZQLDHJ,china,2025-12-06T19:11:25.426478Z,100,优惠券礼物已支付。
longdechuanren,zhang921027,china,2025-12-06T19:12:26.418789Z,(H304),已使用过的优惠券代码。
2025SWSHENZHENZHAN,zhang921027,china,2025-12-06T19:14:31.384844Z,(H304),已使用过的优惠券代码。
longdechuanren,hyyni1234,china,2025-12-06T19:16:20.944083Z,(H304),已使用过的优惠券代码。
2025SWSHENZHENZHAN,hyyni1234,china,2025-12-06T19:18:04.481913Z,(H304),已使用过的优惠券代码。
longdechuanren,ZXFAILXY0322,china,2025-12-06T19:19:41.951000Z,(H304),已使用过的优惠券代码。
2025SWSHENZHENZHAN,ZXFAILXY0322,china,2025-12-06T19:20:24.062014Z,(H304),已使用过的优惠券代码。
longdechuanren,linchao0510,china,2025-12-06T19:22:00.081578Z,(H304),已使用过的优惠券代码。
2025SWSHENZHENZHAN,linchao0510,china,2025-12-06T19:22:27.457863Z,(H304),已使用过的优惠券代码。
longdechuanren,gcnu2768,china,2025-12-06T19:22:55.326110Z,100,优惠券礼物已支付。
2025SWSHENZHENZHAN,gcnu2768,china,2025-12-06T19:23:33.838234Z,100,优惠券礼物已支付。
longdechuanren,wwcc998,china,2025-12-06T19:24:51.163343Z,100,优惠券礼物已支付。
2025SWSHENZHENZHAN,wwcc998,china,2025-12-06T19:26:35.103007Z,100,优惠券礼物已支付。
longdechuanren,78619630,china,2025-12-06T19:27:11.571540Z,100,优惠券礼物已支付。
2025SWSHENZHENZHAN,78619630,china,2025-12-06T19:28:51.378374Z,100,优惠券礼物已支付。
longdechuanren,jk187,china,2025-12-06T19:30:55.164611Z,(H304),已使用过的优惠券代码。
2025SWSHENZHENZHAN,jk187,china,2025-12-06T19:32:14.167552Z,(H304),已使用过的优惠券代码。
longdechuanren,dshujun,china,2025-12-06T19:33:31.448408Z,(H304),已使用过的优惠券代码。
2025SWSHENZHENZHAN,dshujun,china,2025-12-06T19:35:14.438148Z,(H304),已使用过的优惠券代码。
longdechuanren,kkws228,china,2025-12-06T19:37:01.505727Z,100,优惠券礼物已支付。
2025SWSHENZHENZHAN,kkws228,china,2025-12-06T19:38:25.486354Z,100,优惠券礼物已支付。
longdechuanren,1029709109,china,2025-12-06T19:39:59.566941Z,100,优惠券礼物已支付。
2025SWSHENZHENZHAN,1029709109,china,2025-12-06T19:40:37.070462Z,100,优惠券礼物已支付。
longdechuanren,yh.24288,china,2025-12-06T19:41:07.415804Z,(H304),已使用过的优惠券代码。
2025SWSHENZHENZHAN,yh.24288,china,2025-12-06T19:41:35.226459Z,100,优惠券礼物已支付。
longdechuanren,hedgehogss,china,2025-12-06T19:43:38.955379Z,100,优惠券礼物已支付。
2025SWSHENZHENZHAN,hedgehogss,china,2025-12-06T19:45:08.888396Z,100,优惠券礼物已支付。
longdechuanren,si04172,china,2025-12-06T19:45:48.611944Z,100,优惠券礼物已支付。
2025SWSHENZHENZHAN,si04172,china,2025-12-06T19:46:32.279450Z,100,优惠券礼物已支付。
longdechuanren,828511124,china,2025-12-06T19:47:07.009396Z,100,优惠券礼物已支付。
2025SWSHENZHENZHAN,828511124,china,2025-12-06T19:48:28.676615Z,100,优惠券礼物已支付。
2025SWSHENZHENZHAN,1711365230,china,2025-12-06T19:52:39.954727Z,100,优惠券礼物已支付。
longdechuanren,ycshangtian,china,2025-12-06T19:53:13.686920Z,(H304),已使用过的优惠券代码。
2025SWSHENZHENZHAN,ycshangtian,china,2025-12-06T19:54:44.773195Z,(H304),已使用过的优惠券代码。
longdechuanren,lz0319,china,2025-12-06T19:56:51.442676Z,(H304),已使用过的优惠券代码。
2025SWSHENZHENZHAN,lz0319,china,2025-12-06T19:57:48.265775Z,(H304),已使用过的优惠券代码。
longdechuanren,tth578,china,2025-12-06T19:58:34.610281Z,100,优惠券礼物已支付。
2025SWSHENZHENZHAN,tth578,china,2025-12-06T19:59:08.745403Z,100,优惠券礼物已支付。
longdechuanren,2287259,china,2025-12-06T19:59:56.693247Z,100,优惠券礼物已支付。
2025SWSHENZHENZHAN,2287259,china,2025-12-06T20:00:34.606219Z,100,优惠券礼物已支付。
longdechuanren,Mrc233,china,2025-12-06T20:01:02.681760Z,100,优惠券礼物已支付。
2025SWSHENZHENZHAN,Mrc233,china,2025-12-06T20:02:24.893837Z,100,优惠券礼物已支付。
longdechuanren,weiweitop,china,2025-12-06T20:04:19.621554Z,(H304),已使用过的优惠券代码。
2025SWSHENZHENZHAN,weiweitop,china,2025-12-06T20:06:15.607344Z,(H304),已使用过的优惠券代码。
longdechuanren,DRXDRC,china,2025-12-06T20:07:52.699246Z,100,优惠券礼物已支付。
2025SWSHENZHENZHAN,DRXDRC,china,2025-12-06T20:09:15.964487Z,100,优惠券礼物已支付。
longdechuanren,hunt1ey2,china,2025-12-06T20:10:26.648377Z,100,优惠券礼物已支付。
2025SWSHENZHENZHAN,hunt1ey2,china,2025-12-06T20:12:13.501935Z,100,优惠券礼物已支付。
12UPDATE12GIFT,samuer007,china,2025-12-12T16:26:11.696521Z,(S900),出现临时错误。<br/>请稍后再试。
12UPDATE12GIFT,safety007,china,2025-12-12T16:27:58.457937Z,(S900),出现临时错误。<br/>请稍后再试。
12UPDATE12GIFT,1940519852,china,2025-12-12T16:30:07.203699Z,100,优惠券礼物已支付。
12UPDATE12GIFT,763066,china,2025-12-12T16:31:18.994741Z,100,优惠券礼物已支付。
12UPDATE12GIFT,Vittical,china,2025-12-12T16:31:50.964285Z,100,优惠券礼物已支付。
12UPDATE12GIFT,759830,china,2025-12-12T16:33:33.517510Z,100,优惠券礼物已支付。
12UPDATE12GIFT,ZQLDHJ,china,2025-12-12T16:34:15.897420Z,100,优惠券礼物已支付。
12UPDATE12GIFT,zhang921027,china,2025-12-12T16:35:43.960624Z,100,优惠券礼物已支付。
12UPDATE12GIFT,hyyni1234,china,2025-12-12T16:36:52.329845Z,100,优惠券礼物已支付。
12UPDATE12GIFT,ZXFAILXY0322,china,2025-12-12T16:38:28.485014Z,100,优惠券礼物已支付。
12UPDATE12GIFT,linchao0510,china,2025-12-12T16:40:15.494095Z,100,优惠券礼物已支付。
12UPDATE12GIFT,gcnu2768,china,2025-12-12T16:41:03.681684Z,(H304),已使用过的优惠券代码。
12UPDATE12GIFT,wwcc998,china,2025-12-12T16:41:43.848599Z,100,优惠券礼物已支付。
12UPDATE12GIFT,78619630,china,2025-12-12T16:42:28.555353Z,100,优惠券礼物已支付。
12UPDATE12GIFT,jk187,china,2025-12-12T16:43:57.786041Z,100,优惠券礼物已支付。
12UPDATE12GIFT,dshujun,china,2025-12-12T16:44:26.664112Z,100,优惠券礼物已支付。
12UPDATE12GIFT,kkws228,china,2025-12-12T16:46:32.425541Z,100,优惠券礼物已支付。
12UPDATE12GIFT,1029709109,china,2025-12-12T16:47:06.037694Z,100,优惠券礼物已支付。
12UPDATE12GIFT,yh.24288,china,2025-12-12T16:48:14.976432Z,100,优惠券礼物已支付。
12UPDATE12GIFT,hedgehogss,china,2025-12-12T16:49:31.400402Z,100,优惠券礼物已支付。
12UPDATE12GIFT,si04172,china,2025-12-12T16:50:18.424184Z,100,优惠券礼物已支付。
12UPDATE12GIFT,828511124,china,2025-12-12T16:51:23.654495Z,100,优惠券礼物已支付。
12UPDATE12GIFT,1711365230,china,2025-12-12T16:52:46.732912Z,100,优惠券礼物已支付。
12UPDATE12GIFT,ycshangtian,china,2025-12-12T16:54:40.821672Z,(H304),已使用过的优惠券代码。
12UPDATE12GIFT,lz0319,china,2025-12-12T16:56:44.667577Z,100,优惠券礼物已支付。
12UPDATE12GIFT,tth578,china,2025-12-12T16:58:12.778572Z,100,优惠券礼物已支付。
12UPDATE12GIFT,2287259,china,2025-12-12T16:58:45.930792Z,100,优惠券礼物已支付。
12UPDATE12GIFT,Mrc233,china,2025-12-12T16:59:18.054271Z,100,优惠券礼物已支付。
12UPDATE12GIFT,weiweitop,china,2025-12-12T17:00:36.393085Z,(H304),已使用过的优惠券代码。
12UPDATE12GIFT,DRXDRC,china,2025-12-12T17:02:17.430154Z,100,优惠券礼物已支付。
12UPDATE12GIFT,hunt1ey2,china,2025-12-12T17:02:54.607902Z,100,优惠券礼物已支付。
EXMATCH1213,samuer007,china,2025-12-15T17:16:13.859559Z,(H305),无效的优惠券代码。<br/>请重新确认。
12EXMATCH13,samuer007,china,2025-12-15T17:17:19.401552Z,(H305),无效的优惠券代码。<br/>请重新确认。
EXMATCH1213,safety007,china,2025-12-15T17:19:10.092795Z,(H305),无效的优惠券代码。<br/>请重新确认。
12EXMATCH13,safety007,china,2025-12-15T17:20:01.067517Z,(H305),无效的优惠券代码。<br/>请重新确认。
EXMATCH1213,1940519852,china,2025-12-15T17:20:56.885345Z,(H305),无效的优惠券代码。<br/>请重新确认。
12EXMATCH13,1940519852,china,2025-12-15T17:22:40.029534Z,(H305),无效的优惠券代码。<br/>请重新确认。
EXMATCH1213,763066,china,2025-12-15T17:23:42.262274Z,(H305),无效的优惠券代码。<br/>请重新确认。
12EXMATCH13,763066,china,2025-12-15T17:25:37.044575Z,(H305),无效的优惠券代码。<br/>请重新确认。
EXMATCH1213,Vittical,china,2025-12-15T17:26:24.791228Z,(H305),无效的优惠券代码。<br/>请重新确认。
12EXMATCH13,Vittical,china,2025-12-15T17:27:33.348458Z,(H305),无效的优惠券代码。<br/>请重新确认。
EXMATCH1213,759830,china,2025-12-15T17:28:42.445598Z,(H305),无效的优惠券代码。<br/>请重新确认。
12EXMATCH13,759830,china,2025-12-15T17:30:17.941214Z,(H305),无效的优惠券代码。<br/>请重新确认。
EXMATCH1213,ZQLDHJ,china,2025-12-15T17:30:46.077066Z,(H305),无效的优惠券代码。<br/>请重新确认。
12EXMATCH13,ZQLDHJ,china,2025-12-15T17:32:30.651220Z,(H305),无效的优惠券代码。<br/>请重新确认。
EXMATCH1213,zhang921027,china,2025-12-15T17:33:59.124991Z,(H305),无效的优惠券代码。<br/>请重新确认。
12EXMATCH13,zhang921027,china,2025-12-15T17:35:45.024057Z,(H305),无效的优惠券代码。<br/>请重新确认。
EXMATCH1213,hyyni1234,china,2025-12-15T17:37:19.188671Z,(H305),无效的优惠券代码。<br/>请重新确认。
12EXMATCH13,hyyni1234,china,2025-12-15T17:37:45.286890Z,(H305),无效的优惠券代码。<br/>请重新确认。
EXMATCH1213,ZXFAILXY0322,china,2025-12-15T17:38:49.992219Z,(H305),无效的优惠券代码。<br/>请重新确认。
12EXMATCH13,ZXFAILXY0322,china,2025-12-15T17:39:59.202270Z,(H305),无效的优惠券代码。<br/>请重新确认。
EXMATCH1213,linchao0510,china,2025-12-15T17:40:47.242899Z,(H305),无效的优惠券代码。<br/>请重新确认。
12EXMATCH13,linchao0510,china,2025-12-15T17:41:40.703650Z,(H305),无效的优惠券代码。<br/>请重新确认。
EXMATCH1213,gcnu2768,china,2025-12-15T17:42:37.379662Z,(H305),无效的优惠券代码。<br/>请重新确认。
12EXMATCH13,gcnu2768,china,2025-12-15T17:44:41.547320Z,(H305),无效的优惠券代码。<br/>请重新确认。
EXMATCH1213,wwcc998,china,2025-12-15T17:45:08.809720Z,(H305),无效的优惠券代码。<br/>请重新确认。
12EXMATCH13,wwcc998,china,2025-12-15T17:45:31.313359Z,(H305),无效的优惠券代码。<br/>请重新确认。
EXMATCH1213,78619630,china,2025-12-15T17:46:18.240253Z,(H305),无效的优惠券代码。<br/>请重新确认。
12EXMATCH13,78619630,china,2025-12-15T17:48:19.450568Z,(H305),无效的优惠券代码。<br/>请重新确认。
EXMATCH1213,jk187,china,2025-12-15T17:50:18.128036Z,(H305),无效的优惠券代码。<br/>请重新确认。
12EXMATCH13,jk187,china,2025-12-15T17:51:59.338271Z,(H305),无效的优惠券代码。<br/>请重新确认。
EXMATCH1213,dshujun,china,2025-12-15T17:53:21.985692Z,(H305),无效的优惠券代码。<br/>请重新确认。
12EXMATCH13,dshujun,china,2025-12-15T17:54:00.350809Z,(H305),无效的优惠券代码。<br/>请重新确认。
EXMATCH1213,kkws228,china,2025-12-15T17:55:26.828550Z,(H305),无效的优惠券代码。<br/>请重新确认。
12EXMATCH13,kkws228,china,2025-12-15T17:56:06.814854Z,(H305),无效的优惠券代码。<br/>请重新确认。
EXMATCH1213,1029709109,china,2025-12-15T17:56:37.823545Z,(H305),无效的优惠券代码。<br/>请重新确认。
12EXMATCH13,1029709109,china,2025-12-15T17:58:43.638048Z,(H305),无效的优惠券代码。<br/>请重新确认。
EXMATCH1213,yh.24288,china,2025-12-15T17:59:41.515815Z,(H305),无效的优惠券代码。<br/>请重新确认。
12EXMATCH13,yh.24288,china,2025-12-15T18:00:09.865423Z,(H305),无效的优惠券代码。<br/>请重新确认。
EXMATCH1213,hedgehogss,china,2025-12-15T18:00:59.090307Z,(H305),无效的优惠券代码。<br/>请重新确认。
12EXMATCH13,hedgehogss,china,2025-12-15T18:01:39.745268Z,(H305),无效的优惠券代码。<br/>请重新确认。
EXMATCH1213,si04172,china,2025-12-15T18:03:06.589793Z,(H305),无效的优惠券代码。<br/>请重新确认。
12EXMATCH13,si04172,china,2025-12-15T18:03:29.938860Z,(H305),无效的优惠券代码。<br/>请重新确认。
EXMATCH1213,828511124,china,2025-12-15T18:04:52.307055Z,(H305),无效的优惠券代码。<br/>请重新确认。
12EXMATCH13,828511124,china,2025-12-15T18:06:28.435042Z,(H305),无效的优惠券代码。<br/>请重新确认。
EXMATCH1213,1711365230,china,2025-12-15T18:07:29.278716Z,(H305),无效的优惠券代码。<br/>请重新确认。
12EXMATCH13,1711365230,china,2025-12-15T18:09:10.081086Z,(H305),无效的优惠券代码。<br/>请重新确认。
EXMATCH1213,ycshangtian,china,2025-12-15T18:11:05.559335Z,(H305),无效的优惠券代码。<br/>请重新确认。
12EXMATCH13,ycshangtian,china,2025-12-15T18:12:37.361752Z,(H305),无效的优惠券代码。<br/>请重新确认。
EXMATCH1213,lz0319,china,2025-12-15T18:14:36.649278Z,(H304),已使用过的优惠券代码。
12EXMATCH13,lz0319,china,2025-12-15T18:15:43.752599Z,(H304),已使用过的优惠券代码。
EXMATCH1213,tth578,china,2025-12-15T18:17:02.865141Z,(H305),无效的优惠券代码。<br/>请重新确认。
12EXMATCH13,tth578,china,2025-12-15T18:18:13.197471Z,(H305),无效的优惠券代码。<br/>请重新确认。
EXMATCH1213,2287259,china,2025-12-15T18:19:45.537897Z,(H305),无效的优惠券代码。<br/>请重新确认。
12EXMATCH13,2287259,china,2025-12-15T18:20:59.729249Z,(H305),无效的优惠券代码。<br/>请重新确认。
EXMATCH1213,Mrc233,china,2025-12-15T18:22:54.347118Z,(H305),无效的优惠券代码。<br/>请重新确认。
12EXMATCH13,Mrc233,china,2025-12-15T18:24:00.439483Z,(H305),无效的优惠券代码。<br/>请重新确认。
EXMATCH1213,weiweitop,china,2025-12-15T18:25:02.324336Z,(H305),无效的优惠券代码。<br/>请重新确认。
12EXMATCH13,weiweitop,china,2025-12-15T18:25:59.119189Z,(H305),无效的优惠券代码。<br/>请重新确认。
EXMATCH1213,DRXDRC,china,2025-12-15T18:26:38.404722Z,(H305),无效的优惠券代码。<br/>请重新确认。
12EXMATCH13,DRXDRC,china,2025-12-15T18:28:00.777841Z,(H305),无效的优惠券代码。<br/>请重新确认。
EXMATCH1213,hunt1ey2,china,2025-12-15T18:29:32.203601Z,(H305),无效的优惠券代码。<br/>请重新确认。
12EXMATCH13,hunt1ey2,china,2025-12-15T18:30:13.463648Z,(H305),无效的优惠券代码。<br/>请重新确认。
LT2026RETURN,samuer007,china,2025-12-20T21:12:26.184363Z,100,优惠券礼物已支付。
L4STLEG3ND2025,samuer007,china,2025-12-20T21:13:43.474342Z,100,优惠券礼物已支付。
LT2026RETURN,safety007,china,2025-12-20T21:14:13.784175Z,100,优惠券礼物已支付。
L4STLEG3ND2025,safety007,china,2025-12-20T21:16:16.918504Z,100,优惠券礼物已支付。
LT2026RETURN,1940519852,china,2025-12-20T21:17:05.800103Z,100,优惠券礼物已支付。
L4STLEG3ND2025,1940519852,china,2025-12-20T21:18:12.952553Z,100,优惠券礼物已支付。
LT2026RETURN,763066,china,2025-12-20T21:19:32.589559Z,(H304),已使用过的优惠券代码。
L4STLEG3ND2025,763066,china,2025-12-20T21:20:08.869049Z,(H304),已使用过的优惠券代码。
LT2026RETURN,Vittical,china,2025-12-20T21:21:31.463136Z,100,优惠券礼物已支付。
L4STLEG3ND2025,Vittical,china,2025-12-20T21:23:18.523541Z,100,优惠券礼物已支付。
LT2026RETURN,759830,china,2025-12-20T21:24:14.970654Z,100,优惠券礼物已支付。
L4STLEG3ND2025,759830,china,2025-12-20T21:24:43.591329Z,100,优惠券礼物已支付。
LT2026RETURN,ZQLDHJ,china,2025-12-20T21:26:21.783827Z,100,优惠券礼物已支付。
L4STLEG3ND2025,ZQLDHJ,china,2025-12-20T21:28:25.342413Z,100,优惠券礼物已支付。
LT2026RETURN,zhang921027,china,2025-12-20T21:29:49.132611Z,(H304),已使用过的优惠券代码。
L4STLEG3ND2025,zhang921027,china,2025-12-20T21:31:31.712486Z,(H304),已使用过的优惠券代码。
LT2026RETURN,hyyni1234,china,2025-12-20T21:32:13.889937Z,(H304),已使用过的优惠券代码。
L4STLEG3ND2025,hyyni1234,china,2025-12-20T21:32:39.810919Z,(H304),已使用过的优惠券代码。
LT2026RETURN,ZXFAILXY0322,china,2025-12-20T21:33:26.293627Z,(H304),已使用过的优惠券代码。
L4STLEG3ND2025,ZXFAILXY0322,china,2025-12-20T21:35:14.323204Z,(H304),已使用过的优惠券代码。
LT2026RETURN,linchao0510,china,2025-12-20T21:35:57.884253Z,(H304),已使用过的优惠券代码。
L4STLEG3ND2025,linchao0510,china,2025-12-20T21:37:13.540474Z,(H304),已使用过的优惠券代码。
LT2026RETURN,gcnu2768,china,2025-12-20T21:38:35.991243Z,(H304),已使用过的优惠券代码。
L4STLEG3ND2025,gcnu2768,china,2025-12-20T21:39:48.762213Z,(H304),已使用过的优惠券代码。
LT2026RETURN,wwcc998,china,2025-12-20T21:41:36.378807Z,100,优惠券礼物已支付。
L4STLEG3ND2025,wwcc998,china,2025-12-20T21:42:10.427730Z,100,优惠券礼物已支付。
LT2026RETURN,78619630,china,2025-12-20T21:43:04.139118Z,100,优惠券礼物已支付。
L4STLEG3ND2025,78619630,china,2025-12-20T21:44:16.836213Z,100,优惠券礼物已支付。
LT2026RETURN,jk187,china,2025-12-20T21:45:39.293194Z,(H304),已使用过的优惠券代码。
L4STLEG3ND2025,jk187,china,2025-12-20T21:46:17.693719Z,(H304),已使用过的优惠券代码。
LT2026RETURN,dshujun,china,2025-12-20T21:47:03.509003Z,(H304),已使用过的优惠券代码。
L4STLEG3ND2025,dshujun,china,2025-12-20T21:48:56.488243Z,(H304),已使用过的优惠券代码。
LT2026RETURN,kkws228,china,2025-12-20T21:49:54.006999Z,100,优惠券礼物已支付。
L4STLEG3ND2025,kkws228,china,2025-12-20T21:50:31.854534Z,100,优惠券礼物已支付。
LT2026RETURN,1029709109,china,2025-12-20T21:50:57.460956Z,100,优惠券礼物已支付。
L4STLEG3ND2025,1029709109,china,2025-12-20T21:52:21.782495Z,100,优惠券礼物已支付。
LT2026RETURN,yh.24288,china,2025-12-20T21:53:30.054900Z,(H304),已使用过的优惠券代码。
L4STLEG3ND2025,yh.24288,china,2025-12-20T21:54:32.064118Z,(H304),已使用过的优惠券代码。
LT2026RETURN,hedgehogss,china,2025-12-20T21:55:30.105333Z,100,优惠券礼物已支付。
L4STLEG3ND2025,hedgehogss,china,2025-12-20T21:57:06.680250Z,100,优惠券礼物已支付。
LT2026RETURN,si04172,china,2025-12-20T21:57:36.000565Z,(H304),已使用过的优惠券代码。
L4STLEG3ND2025,si04172,china,2025-12-20T21:58:20.735163Z,(H304),已使用过的优惠券代码。
LT2026RETURN,828511124,china,2025-12-20T21:59:22.490279Z,100,优惠券礼物已支付。
L4STLEG3ND2025,828511124,china,2025-12-20T22:00:41.308902Z,100,优惠券礼物已支付。
LT2026RETURN,1711365230,china,2025-12-20T22:02:07.759530Z,100,优惠券礼物已支付。
L4STLEG3ND2025,1711365230,china,2025-12-20T22:03:14.412933Z,100,优惠券礼物已支付。
LT2026RETURN,ycshangtian,china,2025-12-20T22:04:46.563943Z,(H304),已使用过的优惠券代码。
L4STLEG3ND2025,ycshangtian,china,2025-12-20T22:05:14.452955Z,(H304),已使用过的优惠券代码。
LT2026RETURN,lz0319,china,2025-12-20T22:06:35.436943Z,(H304),已使用过的优惠券代码。
L4STLEG3ND2025,lz0319,china,2025-12-20T22:08:07.451227Z,(H304),已使用过的优惠券代码。
LT2026RETURN,tth578,china,2025-12-20T22:09:14.368667Z,(H304),已使用过的优惠券代码。
L4STLEG3ND2025,tth578,china,2025-12-20T22:11:17.878437Z,(H304),已使用过的优惠券代码。
LT2026RETURN,2287259,china,2025-12-20T22:12:16.256807Z,(H304),已使用过的优惠券代码。
L4STLEG3ND2025,2287259,china,2025-12-20T22:14:19.336149Z,(H304),已使用过的优惠券代码。
LT2026RETURN,Mrc233,china,2025-12-20T22:14:55.293197Z,100,优惠券礼物已支付。
L4STLEG3ND2025,Mrc233,china,2025-12-20T22:16:00.603678Z,100,优惠券礼物已支付。
LT2026RETURN,weiweitop,china,2025-12-20T22:17:13.262874Z,(H304),已使用过的优惠券代码。
L4STLEG3ND2025,weiweitop,china,2025-12-20T22:19:04.112498Z,(H304),已使用过的优惠券代码。
LT2026RETURN,DRXDRC,china,2025-12-20T22:19:43.195287Z,100,优惠券礼物已支付。
L4STLEG3ND2025,DRXDRC,china,2025-12-20T22:21:51.655455Z,100,优惠券礼物已支付。
LT2026RETURN,hunt1ey2,china,2025-12-20T22:22:44.033253Z,100,优惠券礼物已支付。
L4STLEG3ND2025,hunt1ey2,china,2025-12-20T22:24:33.430219Z,100,优惠券礼物已支付。
SW25HSZN1223NQ,samuer007,china,2025-12-23T11:54:26.247207Z,100,优惠券礼物已支付。
SW25HSZN1223NQ,safety007,china,2025-12-23T11:55:20.672331Z,100,优惠券礼物已支付。
SW25HSZN1223NQ,1940519852,china,2025-12-23T11:56:13.798150Z,100,优惠券礼物已支付。
SW25HSZN1223NQ,763066,china,2025-12-23T11:57:51.634273Z,100,优惠券礼物已支付。
SW25HSZN1223NQ,Vittical,china,2025-12-23T11:58:57.145583Z,100,优惠券礼物已支付。
SW25HSZN1223NQ,759830,china,2025-12-23T12:00:40.176620Z,100,优惠券礼物已支付。
SW25HSZN1223NQ,ZQLDHJ,china,2025-12-23T12:01:16.750516Z,100,优惠券礼物已支付。
SW25HSZN1223NQ,zhang921027,china,2025-12-23T12:03:19.595165Z,(H304),已使用过的优惠券代码。
SW25HSZN1223NQ,hyyni1234,china,2025-12-23T12:03:52.702255Z,(H304),已使用过的优惠券代码。
SW25HSZN1223NQ,ZXFAILXY0322,china,2025-12-23T12:04:41.766826Z,(H304),已使用过的优惠券代码。
SW25HSZN1223NQ,linchao0510,china,2025-12-23T12:06:31.465821Z,(H304),已使用过的优惠券代码。
SW25HSZN1223NQ,gcnu2768,china,2025-12-23T12:07:30.754829Z,100,优惠券礼物已支付。
SW25HSZN1223NQ,wwcc998,china,2025-12-23T12:07:54.732456Z,(H304),已使用过的优惠券代码。
SW25HSZN1223NQ,78619630,china,2025-12-23T12:09:21.822892Z,100,优惠券礼物已支付。
SW25HSZN1223NQ,jk187,china,2025-12-23T12:11:05.216373Z,(H304),已使用过的优惠券代码。
SW25HSZN1223NQ,dshujun,china,2025-12-23T12:12:19.916730Z,(H304),已使用过的优惠券代码。
SW25HSZN1223NQ,kkws228,china,2025-12-23T12:13:59.904371Z,100,优惠券礼物已支付。
SW25HSZN1223NQ,1029709109,china,2025-12-23T12:15:21.367678Z,100,优惠券礼物已支付。
SW25HSZN1223NQ,yh.24288,china,2025-12-23T12:15:59.177144Z,100,优惠券礼物已支付。
SW25HSZN1223NQ,hedgehogss,china,2025-12-23T12:16:36.406712Z,100,优惠券礼物已支付。
SW25HSZN1223NQ,si04172,china,2025-12-23T12:17:55.679591Z,100,优惠券礼物已支付。
SW25HSZN1223NQ,828511124,china,2025-12-23T12:18:56.800919Z,100,优惠券礼物已支付。
SW25HSZN1223NQ,1711365230,china,2025-12-23T12:20:01.169813Z,100,优惠券礼物已支付。
SW25HSZN1223NQ,ycshangtian,china,2025-12-23T12:20:30.734142Z,(H304),已使用过的优惠券代码。
SW25HSZN1223NQ,lz0319,china,2025-12-23T12:22:26.924340Z,(H304),已使用过的优惠券代码。
SW25HSZN1223NQ,tth578,china,2025-12-23T12:22:57.040275Z,100,优惠券礼物已支付。
SW25HSZN1223NQ,2287259,china,2025-12-23T12:25:01.839402Z,(H304),已使用过的优惠券代码。
SW25HSZN1223NQ,Mrc233,china,2025-12-23T12:25:35.747793Z,(H304),已使用过的优惠券代码。
SW25HSZN1223NQ,weiweitop,china,2025-12-23T12:27:10.383246Z,(H304),已使用过的优惠券代码。
SW25HSZN1223NQ,DRXDRC,china,2025-12-23T12:27:49.749736Z,100,优惠券礼物已支付。
SW25HSZN1223NQ,hunt1ey2,china,2025-12-23T12:28:27.605065Z,100,优惠券礼物已支付。
JANSW2026C13,samuer007,china,2026-01-01T10:55:26.667899Z,100,优惠券礼物已支付。
JANSW2026C13,safety007,china,2026-01-01T10:57:35.356722Z,100,优惠券礼物已支付。
JANSW2026C13,1940519852,china,2026-01-01T10:58:13.715521Z,100,优惠券礼物已支付。
JANSW2026C13,763066,china,2026-01-01T10:59:07.816217Z,(H304),已使用过的优惠券代码。
JANSW2026C13,Vittical,china,2026-01-01T11:00:11.206740Z,100,优惠券礼物已支付。
JANSW2026C13,759830,china,2026-01-01T11:01:34.697531Z,100,优惠券礼物已支付。
JANSW2026C13,ZQLDHJ,china,2026-01-01T11:02:13.814556Z,100,优惠券礼物已支付。
JANSW2026C13,zhang921027,china,2026-01-01T11:03:42.921738Z,100,优惠券礼物已支付。
JANSW2026C13,hyyni1234,china,2026-01-01T11:04:57.402081Z,100,优惠券礼物已支付。
JANSW2026C13,ZXFAILXY0322,china,2026-01-01T11:06:29.991319Z,100,优惠券礼物已支付。
JANSW2026C13,linchao0510,china,2026-01-01T11:07:07.461234Z,100,优惠券礼物已支付。
JANSW2026C13,gcnu2768,china,2026-01-01T11:07:58.296237Z,100,优惠券礼物已支付。
JANSW2026C13,wwcc998,china,2026-01-01T11:09:04.345720Z,100,优惠券礼物已支付。
JANSW2026C13,78619630,china,2026-01-01T11:10:14.551589Z,100,优惠券礼物已支付。
JANSW2026C13,jk187,china,2026-01-01T11:11:09.534846Z,(H304),已使用过的优惠券代码。
JANSW2026C13,dshujun,china,2026-01-01T11:12:57.233972Z,(H304),已使用过的优惠券代码。
JANSW2026C13,kkws228,china,2026-01-01T11:14:37.613373Z,100,优惠券礼物已支付。
JANSW2026C13,1029709109,china,2026-01-01T11:15:43.704877Z,100,优惠券礼物已支付。
JANSW2026C13,yh.24288,china,2026-01-01T11:17:50.226888Z,(H304),已使用过的优惠券代码。
JANSW2026C13,hedgehogss,china,2026-01-01T11:18:29.168270Z,100,优惠券礼物已支付。
JANSW2026C13,si04172,china,2026-01-01T11:19:22.012948Z,100,优惠券礼物已支付。
JANSW2026C13,828511124,china,2026-01-01T11:20:27.308258Z,100,优惠券礼物已支付。
JANSW2026C13,1711365230,china,2026-01-01T11:21:11.959875Z,100,优惠券礼物已支付。
JANSW2026C13,ycshangtian,china,2026-01-01T11:22:15.543400Z,100,优惠券礼物已支付。
JANSW2026C13,lz0319,china,2026-01-01T11:23:11.140862Z,(H304),已使用过的优惠券代码。
JANSW2026C13,tth578,china,2026-01-01T11:25:16.834538Z,100,优惠券礼物已支付。
JANSW2026C13,2287259,china,2026-01-01T11:26:50.605958Z,100,优惠券礼物已支付。
JANSW2026C13,Mrc233,china,2026-01-01T11:27:57.140324Z,100,优惠券礼物已支付。
JANSW2026C13,weiweitop,china,2026-01-01T11:29:51.544428Z,100,优惠券礼物已支付。
JANSW2026C13,DRXDRC,china,2026-01-01T11:31:00.626493Z,100,优惠券礼物已支付。
JANSW2026C13,hunt1ey2,china,2026-01-01T11:31:52.891318Z,100,优惠券礼物已支付。
0ETN45TH20A774EH,Tonyeh,china,2026-01-04T14:55:27.883110Z,(H304),已使用过的优惠券代码。
1L2PS3M9,Tonyeh,china,2026-01-04T14:56:30.705513Z,(H304),已使用过的优惠券代码。
JANSW2026C13,Tonyeh,china,2026-01-04T14:58:33.712221Z,100,优惠券礼物已支付。
0ETN45TH20A774EH,cjcyk8718,china,2026-01-09T15:15:24.273083Z,(H304),已使用过的优惠券代码。
1L2PS3M9,cjcyk8718,china,2026-01-09T15:17:22.123787Z,(H304),已使用过的优惠券代码。
JANSW2026C13,cjcyk8718,china,2026-01-09T15:19:07.085170Z,100,优惠券礼物已支付。
0ETN45TH20A774EH,38692586,china,2026-01-10T12:28:25.135534Z,(H304),已使用过的优惠券代码。
1L2PS3M9,38692586,china,2026-01-10T12:29:21.414496Z,(H304),已使用过的优惠券代码。
JANSW2026C13,38692586,china,2026-01-10T12:30:58.473324Z,100,优惠券礼物已支付。
36FIGHTIDMC,samuer007,china,2026-01-10T15:19:28.347845Z,(H305),无效的优惠券代码。<br/>请重新确认。
S35IDTOP4HERE,samuer007,china,2026-01-10T15:20:56.572199Z,(H305),无效的优惠券代码。<br/>请重新确认。
36FIGHTIDMC,safety007,china,2026-01-10T15:21:30.898306Z,(H305),无效的优惠券代码。<br/>请重新确认。
S35IDTOP4HERE,safety007,china,2026-01-10T15:21:59.725834Z,(H305),无效的优惠券代码。<br/>请重新确认。
36FIGHTIDMC,1940519852,china,2026-01-10T15:23:31.930542Z,(H305),无效的优惠券代码。<br/>请重新确认。
S35IDTOP4HERE,1940519852,china,2026-01-10T15:24:50.244930Z,(H305),无效的优惠券代码。<br/>请重新确认。
36FIGHTIDMC,763066,china,2026-01-10T15:26:00.290401Z,(H305),无效的优惠券代码。<br/>请重新确认。
S35IDTOP4HERE,763066,china,2026-01-10T15:26:51.260328Z,(H305),无效的优惠券代码。<br/>请重新确认。
36FIGHTIDMC,Vittical,china,2026-01-10T15:27:25.101037Z,(H305),无效的优惠券代码。<br/>请重新确认。
S35IDTOP4HERE,Vittical,china,2026-01-10T15:29:32.925470Z,(H305),无效的优惠券代码。<br/>请重新确认。
36FIGHTIDMC,759830,china,2026-01-10T15:30:21.317943Z,(H305),无效的优惠券代码。<br/>请重新确认。
S35IDTOP4HERE,759830,china,2026-01-10T15:30:46.418194Z,(H305),无效的优惠券代码。<br/>请重新确认。
36FIGHTIDMC,ZQLDHJ,china,2026-01-10T15:31:34.552443Z,(H305),无效的优惠券代码。<br/>请重新确认。
S35IDTOP4HERE,ZQLDHJ,china,2026-01-10T15:33:12.515983Z,(H305),无效的优惠券代码。<br/>请重新确认。
36FIGHTIDMC,zhang921027,china,2026-01-10T15:34:27.207374Z,(H305),无效的优惠券代码。<br/>请重新确认。
S35IDTOP4HERE,zhang921027,china,2026-01-10T15:35:23.854167Z,(H305),无效的优惠券代码。<br/>请重新确认。
36FIGHTIDMC,hyyni1234,china,2026-01-10T15:37:29.397835Z,(H305),无效的优惠券代码。<br/>请重新确认。
S35IDTOP4HERE,hyyni1234,china,2026-01-10T15:38:08.160368Z,(H305),无效的优惠券代码。<br/>请重新确认。
36FIGHTIDMC,ZXFAILXY0322,china,2026-01-10T15:39:56.243908Z,(H305),无效的优惠券代码。<br/>请重新确认。
S35IDTOP4HERE,ZXFAILXY0322,china,2026-01-10T15:40:39.357538Z,(H305),无效的优惠券代码。<br/>请重新确认。
36FIGHTIDMC,linchao0510,china,2026-01-10T15:42:18.569590Z,(H305),无效的优惠券代码。<br/>请重新确认。
S35IDTOP4HERE,linchao0510,china,2026-01-10T15:43:31.338858Z,(H305),无效的优惠券代码。<br/>请重新确认。
36FIGHTIDMC,gcnu2768,china,2026-01-10T15:45:00.465454Z,(H305),无效的优惠券代码。<br/>请重新确认。
S35IDTOP4HERE,gcnu2768,china,2026-01-10T15:46:58.387299Z,(H305),无效的优惠券代码。<br/>请重新确认。
36FIGHTIDMC,wwcc998,china,2026-01-10T15:47:26.034847Z,(H305),无效的优惠券代码。<br/>请重新确认。
S35IDTOP4HERE,wwcc998,china,2026-01-10T15:48:38.610873Z,(H305),无效的优惠券代码。<br/>请重新确认。
36FIGHTIDMC,78619630,china,2026-01-10T15:49:36.426404Z,(H305),无效的优惠券代码。<br/>请重新确认。
S35IDTOP4HERE,78619630,china,2026-01-10T15:50:21.017286Z,(H305),无效的优惠券代码。<br/>请重新确认。
36FIGHTIDMC,jk187,china,2026-01-10T15:52:02.199881Z,(H304),已使用过的优惠券代码。
S35IDTOP4HERE,jk187,china,2026-01-10T15:52:58.080013Z,(H304),已使用过的优惠券代码。
36FIGHTIDMC,dshujun,china,2026-01-10T15:54:06.293579Z,(H304),已使用过的优惠券代码。
S35IDTOP4HERE,dshujun,china,2026-01-10T15:55:07.345516Z,(H304),已使用过的优惠券代码。
36FIGHTIDMC,kkws228,china,2026-01-10T15:56:53.155979Z,(H305),无效的优惠券代码。<br/>请重新确认。
S35IDTOP4HERE,kkws228,china,2026-01-10T15:58:03.053793Z,(H305),无效的优惠券代码。<br/>请重新确认。
36FIGHTIDMC,1029709109,china,2026-01-10T15:59:28.450427Z,(H305),无效的优惠券代码。<br/>请重新确认。
S35IDTOP4HERE,1029709109,china,2026-01-10T16:00:37.683163Z,(H305),无效的优惠券代码。<br/>请重新确认。
36FIGHTIDMC,yh.24288,china,2026-01-10T16:02:02.946320Z,(H305),无效的优惠券代码。<br/>请重新确认。
S35IDTOP4HERE,yh.24288,china,2026-01-10T16:03:40.118587Z,(H305),无效的优惠券代码。<br/>请重新确认。
36FIGHTIDMC,hedgehogss,china,2026-01-10T16:05:43.154749Z,(H305),无效的优惠券代码。<br/>请重新确认。
S35IDTOP4HERE,hedgehogss,china,2026-01-10T16:07:11.431207Z,(H305),无效的优惠券代码。<br/>请重新确认。
36FIGHTIDMC,si04172,china,2026-01-10T16:09:07.913650Z,(H304),已使用过的优惠券代码。
S35IDTOP4HERE,si04172,china,2026-01-10T16:10:30.717149Z,(H304),已使用过的优惠券代码。
36FIGHTIDMC,828511124,china,2026-01-10T16:11:15.897505Z,(H305),无效的优惠券代码。<br/>请重新确认。
S35IDTOP4HERE,828511124,china,2026-01-10T16:13:25.782054Z,(H305),无效的优惠券代码。<br/>请重新确认。
36FIGHTIDMC,1711365230,china,2026-01-10T16:14:03.392343Z,(H305),无效的优惠券代码。<br/>请重新确认。
S35IDTOP4HERE,1711365230,china,2026-01-10T16:15:19.032686Z,(H305),无效的优惠券代码。<br/>请重新确认。
36FIGHTIDMC,ycshangtian,china,2026-01-10T16:15:56.269377Z,(H304),已使用过的优惠券代码。
S35IDTOP4HERE,ycshangtian,china,2026-01-10T16:17:33.986211Z,(H304),已使用过的优惠券代码。
36FIGHTIDMC,lz0319,china,2026-01-10T16:19:15.809309Z,(H304),已使用过的优惠券代码。
S35IDTOP4HERE,lz0319,china,2026-01-10T16:21:17.579424Z,(H304),已使用过的优惠券代码。
36FIGHTIDMC,tth578,china,2026-01-10T16:21:42.058835Z,(H305),无效的优惠券代码。<br/>请重新确认。
S35IDTOP4HERE,tth578,china,2026-01-10T16:23:00.686947Z,(H305),无效的优惠券代码。<br/>请重新确认。
36FIGHTIDMC,2287259,china,2026-01-10T16:24:04.006380Z,(H305),无效的优惠券代码。<br/>请重新确认。
S35IDTOP4HERE,2287259,china,2026-01-10T16:25:41.086329Z,(H305),无效的优惠券代码。<br/>请重新确认。
36FIGHTIDMC,Mrc233,china,2026-01-10T16:27:09.990990Z,(H305),无效的优惠券代码。<br/>请重新确认。
S35IDTOP4HERE,Mrc233,china,2026-01-10T16:28:03.085385Z,(H305),无效的优惠券代码。<br/>请重新确认。
36FIGHTIDMC,weiweitop,china,2026-01-10T16:28:50.876369Z,(H305),无效的优惠券代码。<br/>请重新确认。
S35IDTOP4HERE,weiweitop,china,2026-01-10T16:30:13.693107Z,(H305),无效的优惠券代码。<br/>请重新确认。
36FIGHTIDMC,DRXDRC,china,2026-01-10T16:32:11.901512Z,(H305),无效的优惠券代码。<br/>请重新确认。
S35IDTOP4HERE,DRXDRC,china,2026-01-10T16:34:12.430287Z,(H305),无效的优惠券代码。<br/>请重新确认。
36FIGHTIDMC,hunt1ey2,china,2026-01-10T16:35:37.552314Z,(H305),无效的优惠券代码。<br/>请重新确认。
S35IDTOP4HERE,hunt1ey2,china,2026-01-10T16:36:20.504586Z,(H305),无效的优惠券代码。<br/>请重新确认。
36FIGHTIDMC,Tonyeh,china,2026-01-10T16:37:19.370399Z,(H305),无效的优惠券代码。<br/>请重新确认。
S35IDTOP4HERE,Tonyeh,china,2026-01-10T16:39:12.715817Z,(H305),无效的优惠券代码。<br/>请重新确认。
36FIGHTIDMC,cjcyk8718,china,2026-01-10T16:40:30.884940Z,(H305),无效的优惠券代码。<br/>请重新确认。
S35IDTOP4HERE,cjcyk8718,china,2026-01-10T16:41:03.760290Z,(H305),无效的优惠券代码。<br/>请重新确认。
36FIGHTIDMC,38692586,china,2026-01-10T16:43:15.966220Z,(H305),无效的优惠券代码。<br/>请重新确认。
S35IDTOP4HERE,38692586,china,2026-01-10T16:44:40.598947Z,(H305),无效的优惠券代码。<br/>请重新确认。
WELCOM3S36,samuer007,china,2026-01-11T17:36:24.467173Z,(H305),无效的优惠券代码。<br/>请重新确认。
1STCHAMP26,samuer007,china,2026-01-11T17:36:58.928344Z,(H305),无效的优惠券代码。<br/>请重新确认。
WELCOM3S36,safety007,china,2026-01-11T17:38:35.305424Z,(H305),无效的优惠券代码。<br/>请重新确认。
1STCHAMP26,safety007,china,2026-01-11T17:40:39.531535Z,(H305),无效的优惠券代码。<br/>请重新确认。
WELCOM3S36,1940519852,china,2026-01-11T17:41:20.271638Z,(H305),无效的优惠券代码。<br/>请重新确认。
1STCHAMP26,1940519852,china,2026-01-11T17:41:49.687270Z,(H305),无效的优惠券代码。<br/>请重新确认。
WELCOM3S36,763066,china,2026-01-11T17:43:42.967143Z,(H305),无效的优惠券代码。<br/>请重新确认。
1STCHAMP26,763066,china,2026-01-11T17:44:44.834767Z,(H305),无效的优惠券代码。<br/>请重新确认。
WELCOM3S36,Vittical,china,2026-01-11T17:45:57.534635Z,(H305),无效的优惠券代码。<br/>请重新确认。
1STCHAMP26,Vittical,china,2026-01-11T17:48:04.287302Z,(H305),无效的优惠券代码。<br/>请重新确认。
WELCOM3S36,759830,china,2026-01-11T17:50:04.097302Z,(H305),无效的优惠券代码。<br/>请重新确认。
1STCHAMP26,759830,china,2026-01-11T17:52:07.204321Z,(H305),无效的优惠券代码。<br/>请重新确认。
WELCOM3S36,ZQLDHJ,china,2026-01-11T17:53:59.292915Z,(H305),无效的优惠券代码。<br/>请重新确认。
1STCHAMP26,ZQLDHJ,china,2026-01-11T17:55:17.026223Z,(H305),无效的优惠券代码。<br/>请重新确认。
WELCOM3S36,zhang921027,china,2026-01-11T17:57:25.155732Z,(H305),无效的优惠券代码。<br/>请重新确认。
1STCHAMP26,zhang921027,china,2026-01-11T17:58:54.521465Z,(H305),无效的优惠券代码。<br/>请重新确认。
WELCOM3S36,hyyni1234,china,2026-01-11T17:59:46.192206Z,(H305),无效的优惠券代码。<br/>请重新确认。
1STCHAMP26,hyyni1234,china,2026-01-11T18:01:44.242419Z,(H305),无效的优惠券代码。<br/>请重新确认。
WELCOM3S36,ZXFAILXY0322,china,2026-01-11T18:02:24.195548Z,(H305),无效的优惠券代码。<br/>请重新确认。
1STCHAMP26,ZXFAILXY0322,china,2026-01-11T18:03:06.801558Z,(H305),无效的优惠券代码。<br/>请重新确认。
WELCOM3S36,linchao0510,china,2026-01-11T18:04:14.968761Z,(H305),无效的优惠券代码。<br/>请重新确认。
1STCHAMP26,linchao0510,china,2026-01-11T18:05:37.778480Z,(H305),无效的优惠券代码。<br/>请重新确认。
WELCOM3S36,gcnu2768,china,2026-01-11T18:06:18.426087Z,(H305),无效的优惠券代码。<br/>请重新确认。
1STCHAMP26,gcnu2768,china,2026-01-11T18:08:23.698427Z,(H305),无效的优惠券代码。<br/>请重新确认。
WELCOM3S36,wwcc998,china,2026-01-11T18:08:49.902130Z,(H305),无效的优惠券代码。<br/>请重新确认。
1STCHAMP26,wwcc998,china,2026-01-11T18:10:26.663987Z,(H305),无效的优惠券代码。<br/>请重新确认。
WELCOM3S36,78619630,china,2026-01-11T18:11:03.017285Z,(H305),无效的优惠券代码。<br/>请重新确认。
1STCHAMP26,78619630,china,2026-01-11T18:11:58.433415Z,(H305),无效的优惠券代码。<br/>请重新确认。
WELCOM3S36,jk187,china,2026-01-11T18:13:10.815149Z,(H305),无效的优惠券代码。<br/>请重新确认。
1STCHAMP26,jk187,china,2026-01-11T18:13:38.597992Z,(H305),无效的优惠券代码。<br/>请重新确认。
WELCOM3S36,dshujun,china,2026-01-11T18:14:09.546744Z,(H305),无效的优惠券代码。<br/>请重新确认。
1STCHAMP26,dshujun,china,2026-01-11T18:15:20.496545Z,(H305),无效的优惠券代码。<br/>请重新确认。
WELCOM3S36,kkws228,china,2026-01-11T18:17:03.965339Z,(H305),无效的优惠券代码。<br/>请重新确认。
1STCHAMP26,kkws228,china,2026-01-11T18:18:40.648164Z,(H305),无效的优惠券代码。<br/>请重新确认。
WELCOM3S36,1029709109,china,2026-01-11T18:20:11.221901Z,(H305),无效的优惠券代码。<br/>请重新确认。
1STCHAMP26,1029709109,china,2026-01-11T18:20:57.360908Z,(H305),无效的优惠券代码。<br/>请重新确认。
WELCOM3S36,yh.24288,china,2026-01-11T18:21:59.397871Z,(H305),无效的优惠券代码。<br/>请重新确认。
1STCHAMP26,yh.24288,china,2026-01-11T18:23:45.542130Z,(H305),无效的优惠券代码。<br/>请重新确认。
WELCOM3S36,hedgehogss,china,2026-01-11T18:25:37.059045Z,(H305),无效的优惠券代码。<br/>请重新确认。
1STCHAMP26,hedgehogss,china,2026-01-11T18:26:44.074176Z,(H305),无效的优惠券代码。<br/>请重新确认。
WELCOM3S36,si04172,china,2026-01-11T18:28:34.854739Z,(H305),无效的优惠券代码。<br/>请重新确认。
1STCHAMP26,si04172,china,2026-01-11T18:30:26.761215Z,(H305),无效的优惠券代码。<br/>请重新确认。
WELCOM3S36,828511124,china,2026-01-11T18:32:27.766758Z,(H305),无效的优惠券代码。<br/>请重新确认。
1STCHAMP26,828511124,china,2026-01-11T18:34:32.813577Z,(H305),无效的优惠券代码。<br/>请重新确认。
WELCOM3S36,1711365230,china,2026-01-11T18:35:39.976168Z,(H305),无效的优惠券代码。<br/>请重新确认。
1STCHAMP26,1711365230,china,2026-01-11T18:37:14.377390Z,(H305),无效的优惠券代码。<br/>请重新确认。
WELCOM3S36,ycshangtian,china,2026-01-11T18:38:06.908556Z,(H305),无效的优惠券代码。<br/>请重新确认。
1STCHAMP26,ycshangtian,china,2026-01-11T18:39:10.920796Z,(H305),无效的优惠券代码。<br/>请重新确认。
WELCOM3S36,lz0319,china,2026-01-11T18:41:09.680743Z,(H305),无效的优惠券代码。<br/>请重新确认。
1STCHAMP26,lz0319,china,2026-01-11T18:42:06.720548Z,(H305),无效的优惠券代码。<br/>请重新确认。
WELCOM3S36,tth578,china,2026-01-11T18:43:29.170253Z,(H305),无效的优惠券代码。<br/>请重新确认。
1STCHAMP26,tth578,china,2026-01-11T18:45:34.896674Z,(H305),无效的优惠券代码。<br/>请重新确认。
WELCOM3S36,2287259,china,2026-01-11T18:46:00.725826Z,(H305),无效的优惠券代码。<br/>请重新确认。
1STCHAMP26,2287259,china,2026-01-11T18:48:05.306625Z,(H305),无效的优惠券代码。<br/>请重新确认。
WELCOM3S36,Mrc233,china,2026-01-11T18:48:44.939592Z,(H305),无效的优惠券代码。<br/>请重新确认。
1STCHAMP26,Mrc233,china,2026-01-11T18:50:11.188767Z,(H305),无效的优惠券代码。<br/>请重新确认。
WELCOM3S36,weiweitop,china,2026-01-11T18:51:23.944769Z,(H305),无效的优惠券代码。<br/>请重新确认。
1STCHAMP26,weiweitop,china,2026-01-11T18:51:52.299543Z,(H305),无效的优惠券代码。<br/>请重新确认。
WELCOM3S36,DRXDRC,china,2026-01-11T18:52:49.310854Z,(H305),无效的优惠券代码。<br/>请重新确认。
1STCHAMP26,DRXDRC,china,2026-01-11T18:54:19.125773Z,(H305),无效的优惠券代码。<br/>请重新确认。
WELCOM3S36,hunt1ey2,china,2026-01-11T18:55:07.615020Z,(H305),无效的优惠券代码。<br/>请重新确认。
1STCHAMP26,hunt1ey2,china,2026-01-11T18:56:44.493527Z,(H305),无效的优惠券代码。<br/>请重新确认。
WELCOM3S36,Tonyeh,china,2026-01-11T18:57:08.882389Z,(H305),无效的优惠券代码。<br/>请重新确认。
1STCHAMP26,Tonyeh,china,2026-01-11T18:59:00.444343Z,(H305),无效的优惠券代码。<br/>请重新确认。
WELCOM3S36,cjcyk8718,china,2026-01-11T18:59:27.924820Z,(H305),无效的优惠券代码。<br/>请重新确认。
1STCHAMP26,cjcyk8718,china,2026-01-11T19:01:25.726671Z,(H305),无效的优惠券代码。<br/>请重新确认。
WELCOM3S36,38692586,china,2026-01-11T19:03:24.271230Z,(H305),无效的优惠券代码。<br/>请重新确认。
1STCHAMP26,38692586,china,2026-01-11T19:05:01.755773Z,(H305),无效的优惠券代码。<br/>请重新确认。
RTA111WINNER,samuer007,china,2026-01-12T17:21:27.096329Z,(H305),无效的优惠券代码。<br/>请重新确认。
RTA111WINNER,safety007,china,2026-01-12T17:22:05.658453Z,(H305),无效的优惠券代码。<br/>请重新确认。
RTA111WINNER,1940519852,china,2026-01-12T17:23:44.395612Z,(H305),无效的优惠券代码。<br/>请重新确认。
RTA111WINNER,763066,china,2026-01-12T17:25:16.943109Z,(H305),无效的优惠券代码。<br/>请重新确认。
RTA111WINNER,Vittical,china,2026-01-12T17:27:11.967899Z,(H305),无效的优惠券代码。<br/>请重新确认。
RTA111WINNER,759830,china,2026-01-12T17:27:36.873986Z,(H305),无效的优惠券代码。<br/>请重新确认。
RTA111WINNER,ZQLDHJ,china,2026-01-12T17:30:07.707910Z,(H305),无效的优惠券代码。<br/>请重新确认。
RTA111WINNER,zhang921027,china,2026-01-12T17:31:31.540531Z,(H305),无效的优惠券代码。<br/>请重新确认。
RTA111WINNER,hyyni1234,china,2026-01-12T17:32:38.644137Z,(H305),无效的优惠券代码。<br/>请重新确认。
RTA111WINNER,ZXFAILXY0322,china,2026-01-12T17:33:19.008924Z,(H305),无效的优惠券代码。<br/>请重新确认。
RTA111WINNER,linchao0510,china,2026-01-12T17:34:32.440289Z,(H305),无效的优惠券代码。<br/>请重新确认。
RTA111WINNER,gcnu2768,china,2026-01-12T17:36:41.269005Z,(H305),无效的优惠券代码。<br/>请重新确认。
RTA111WINNER,wwcc998,china,2026-01-12T17:37:32.569459Z,(H305),无效的优惠券代码。<br/>请重新确认。
RTA111WINNER,78619630,china,2026-01-12T17:39:07.888813Z,(H305),无效的优惠券代码。<br/>请重新确认。
RTA111WINNER,jk187,china,2026-01-12T17:40:05.772556Z,(H305),无效的优惠券代码。<br/>请重新确认。
RTA111WINNER,dshujun,china,2026-01-12T17:40:45.805785Z,(H305),无效的优惠券代码。<br/>请重新确认。
RTA111WINNER,kkws228,china,2026-01-12T17:42:42.945410Z,(H305),无效的优惠券代码。<br/>请重新确认。
RTA111WINNER,1029709109,china,2026-01-12T17:44:38.424210Z,(H305),无效的优惠券代码。<br/>请重新确认。
RTA111WINNER,yh.24288,china,2026-01-12T17:46:26.198188Z,(H305),无效的优惠券代码。<br/>请重新确认。
RTA111WINNER,hedgehogss,china,2026-01-12T17:47:12.966292Z,(H305),无效的优惠券代码。<br/>请重新确认。
RTA111WINNER,si04172,china,2026-01-12T17:48:44.469489Z,(H305),无效的优惠券代码。<br/>请重新确认。
RTA111WINNER,828511124,china,2026-01-12T17:49:26.427177Z,(H305),无效的优惠券代码。<br/>请重新确认。
RTA111WINNER,1711365230,china,2026-01-12T17:51:27.377745Z,(H305),无效的优惠券代码。<br/>请重新确认。
RTA111WINNER,ycshangtian,china,2026-01-12T17:52:18.211805Z,(H305),无效的优惠券代码。<br/>请重新确认。
RTA111WINNER,lz0319,china,2026-01-12T17:53:43.624641Z,(H305),无效的优惠券代码。<br/>请重新确认。
RTA111WINNER,tth578,china,2026-01-12T17:55:40.705408Z,(H305),无效的优惠券代码。<br/>请重新确认。
RTA111WINNER,2287259,china,2026-01-12T17:56:56.940548Z,(H305),无效的优惠券代码。<br/>请重新确认。
RTA111WINNER,Mrc233,china,2026-01-12T17:58:41.973158Z,(H305),无效的优惠券代码。<br/>请重新确认。
RTA111WINNER,weiweitop,china,2026-01-12T17:59:23.244611Z,(H305),无效的优惠券代码。<br/>请重新确认。
RTA111WINNER,DRXDRC,china,2026-01-12T18:00:13.924783Z,(H305),无效的优惠券代码。<br/>请重新确认。
RTA111WINNER,hunt1ey2,china,2026-01-12T18:00:59.961697Z,(H305),无效的优惠券代码。<br/>请重新确认。
RTA111WINNER,Tonyeh,china,2026-01-12T18:01:27.623074Z,(H305),无效的优惠券代码。<br/>请重新确认。
RTA111WINNER,cjcyk8718,china,2026-01-12T18:02:59.507167Z,(H305),无效的优惠券代码。<br/>请重新确认。
RTA111WINNER,38692586,china,2026-01-12T18:04:23.319657Z,(H305),无效的优惠券代码。<br/>请重新确认。
0ETN45TH20A774EH,0Scallion0,china,2026-01-17T11:59:27.708439Z,(H304),已使用过的优惠券代码。
1L2PS3M9,0Scallion0,china,2026-01-17T12:01:01.497722Z,(H304),已使用过的优惠券代码。
JANSW2026C13,0Scallion0,china,2026-01-17T12:02:37.429536Z,100,优惠券礼物已支付。
SEAMASTERS26,samuer007,china,2026-01-18T17:45:17.686403Z,100,优惠券礼物已支付。
S35FINALSEA,samuer007,china,2026-01-18T17:46:34.282440Z,100,优惠券礼物已支付。
SEAMASTERS26,safety007,china,2026-01-18T17:48:35.699167Z,100,优惠券礼物已支付。
S35FINALSEA,safety007,china,2026-01-18T17:49:21.401015Z,100,优惠券礼物已支付。
SEAMASTERS26,1940519852,china,2026-01-18T17:50:31.990090Z,100,优惠券礼物已支付。
S35FINALSEA,1940519852,china,2026-01-18T17:52:34.392330Z,100,优惠券礼物已支付。
SEAMASTERS26,763066,china,2026-01-18T17:54:09.190945Z,100,优惠券礼物已支付。
S35FINALSEA,763066,china,2026-01-18T17:55:09.977099Z,100,优惠券礼物已支付。
SEAMASTERS26,Vittical,china,2026-01-18T17:56:24.633248Z,100,优惠券礼物已支付。
S35FINALSEA,Vittical,china,2026-01-18T17:57:51.321634Z,100,优惠券礼物已支付。
SEAMASTERS26,759830,china,2026-01-18T17:58:26.587976Z,100,优惠券礼物已支付。
S35FINALSEA,759830,china,2026-01-18T17:59:20.268092Z,100,优惠券礼物已支付。
SEAMASTERS26,ZQLDHJ,china,2026-01-18T18:01:22.052029Z,100,优惠券礼物已支付。
S35FINALSEA,ZQLDHJ,china,2026-01-18T18:02:02.597851Z,100,优惠券礼物已支付。
SEAMASTERS26,zhang921027,china,2026-01-18T18:03:52.533800Z,100,优惠券礼物已支付。
S35FINALSEA,zhang921027,china,2026-01-18T18:05:12.393238Z,100,优惠券礼物已支付。
SEAMASTERS26,hyyni1234,china,2026-01-18T18:06:30.692589Z,100,优惠券礼物已支付。
S35FINALSEA,hyyni1234,china,2026-01-18T18:08:35.426105Z,100,优惠券礼物已支付。
SEAMASTERS26,ZXFAILXY0322,china,2026-01-18T18:09:15.393823Z,100,优惠券礼物已支付。
S35FINALSEA,ZXFAILXY0322,china,2026-01-18T18:09:49.745969Z,100,优惠券礼物已支付。
SEAMASTERS26,linchao0510,china,2026-01-18T18:10:37.447073Z,100,优惠券礼物已支付。
S35FINALSEA,linchao0510,china,2026-01-18T18:12:17.224171Z,100,优惠券礼物已支付。
SEAMASTERS26,gcnu2768,china,2026-01-18T18:12:45.528871Z,100,优惠券礼物已支付。
S35FINALSEA,gcnu2768,china,2026-01-18T18:13:23.330275Z,100,优惠券礼物已支付。
SEAMASTERS26,wwcc998,china,2026-01-18T18:14:18.911814Z,100,优惠券礼物已支付。
S35FINALSEA,wwcc998,china,2026-01-18T18:16:02.424763Z,100,优惠券礼物已支付。
SEAMASTERS26,78619630,china,2026-01-18T18:17:43.431014Z,100,优惠券礼物已支付。
S35FINALSEA,78619630,china,2026-01-18T18:18:21.650892Z,100,优惠券礼物已支付。
SEAMASTERS26,jk187,china,2026-01-18T18:19:49.423429Z,(H304),已使用过的优惠券代码。
S35FINALSEA,jk187,china,2026-01-18T18:20:26.918853Z,(H304),已使用过的优惠券代码。
SEAMASTERS26,dshujun,china,2026-01-18T18:21:41.537655Z,(H304),已使用过的优惠券代码。
S35FINALSEA,dshujun,china,2026-01-18T18:23:18.954202Z,(H304),已使用过的优惠券代码。
SEAMASTERS26,kkws228,china,2026-01-18T18:24:25.407382Z,100,优惠券礼物已支付。
S35FINALSEA,kkws228,china,2026-01-18T18:25:27.400175Z,100,优惠券礼物已支付。
SEAMASTERS26,1029709109,china,2026-01-18T18:27:18.560084Z,100,优惠券礼物已支付。
S35FINALSEA,1029709109,china,2026-01-18T18:28:20.105417Z,100,优惠券礼物已支付。
SEAMASTERS26,yh.24288,china,2026-01-18T18:29:39.580887Z,(H304),已使用过的优惠券代码。
S35FINALSEA,yh.24288,china,2026-01-18T18:31:17.392634Z,(H304),已使用过的优惠券代码。
SEAMASTERS26,hedgehogss,china,2026-01-18T18:33:07.826910Z,100,优惠券礼物已支付。
S35FINALSEA,hedgehogss,china,2026-01-18T18:34:10.013088Z,100,优惠券礼物已支付。
SEAMASTERS26,si04172,china,2026-01-18T18:36:16.640674Z,100,优惠券礼物已支付。
S35FINALSEA,si04172,china,2026-01-18T18:36:45.241395Z,100,优惠券礼物已支付。
SEAMASTERS26,828511124,china,2026-01-18T18:38:09.249460Z,100,优惠券礼物已支付。
S35FINALSEA,828511124,china,2026-01-18T18:39:44.980784Z,100,优惠券礼物已支付。
SEAMASTERS26,1711365230,china,2026-01-18T18:41:33.645115Z,100,优惠券礼物已支付。
S35FINALSEA,1711365230,china,2026-01-18T18:42:04.350852Z,100,优惠券礼物已支付。
SEAMASTERS26,ycshangtian,china,2026-01-18T18:43:15.050117Z,100,优惠券礼物已支付。
S35FINALSEA,ycshangtian,china,2026-01-18T18:44:54.672349Z,100,优惠券礼物已支付。
SEAMASTERS26,lz0319,china,2026-01-18T18:45:20.138560Z,100,优惠券礼物已支付。
S35FINALSEA,lz0319,china,2026-01-18T18:46:25.735035Z,100,优惠券礼物已支付。
SEAMASTERS26,tth578,china,2026-01-18T18:47:43.248040Z,(H304),已使用过的优惠券代码。
S35FINALSEA,tth578,china,2026-01-18T18:48:51.064542Z,(H304),已使用过的优惠券代码。
SEAMASTERS26,2287259,china,2026-01-18T18:49:47.981746Z,100,优惠券礼物已支付。
S35FINALSEA,2287259,china,2026-01-18T18:51:45.736780Z,100,优惠券礼物已支付。
SEAMASTERS26,Mrc233,china,2026-01-18T18:52:07.626674Z,100,优惠券礼物已支付。
S35FINALSEA,Mrc233,china,2026-01-18T18:52:34.606976Z,100,优惠券礼物已支付。
SEAMASTERS26,weiweitop,china,2026-01-18T18:53:03.866916Z,100,优惠券礼物已支付。
S35FINALSEA,weiweitop,china,2026-01-18T18:54:59.695799Z,100,优惠券礼物已支付。
SEAMASTERS26,DRXDRC,china,2026-01-18T18:55:29.519230Z,100,优惠券礼物已支付。
S35FINALSEA,DRXDRC,china,2026-01-18T18:56:07.112421Z,100,优惠券礼物已支付。
SEAMASTERS26,hunt1ey2,china,2026-01-18T18:57:33.665871Z,100,优惠券礼物已支付。
S35FINALSEA,hunt1ey2,china,2026-01-18T18:59:17.829479Z,100,优惠券礼物已支付。
SEAMASTERS26,Tonyeh,china,2026-01-18T19:00:02.645042Z,100,优惠券礼物已支付。
S35FINALSEA,Tonyeh,china,2026-01-18T19:01:58.373531Z,100,优惠券礼物已支付。
SEAMASTERS26,cjcyk8718,china,2026-01-18T19:02:25.414071Z,100,优惠券礼物已支付。
S35FINALSEA,cjcyk8718,china,2026-01-18T19:03:47.957192Z,100,优惠券礼物已支付。
SEAMASTERS26,38692586,china,2026-01-18T19:05:40.429180Z,100,优惠券礼物已支付。
S35FINALSEA,38692586,china,2026-01-18T19:06:13.334262Z,100,优惠券礼物已支付。
SEAMASTERS26,0Scallion0,china,2026-01-18T19:07:29.053423Z,(H304),已使用过的优惠券代码。
S35FINALSEA,0Scallion0,china,2026-01-18T19:09:29.844090Z,(H304),已使用过的优惠券代码。
01swxtlotr31,samuer007,china,2026-01-31T22:44:12.225242Z,100,优惠券礼物已支付。
01swxtlotr31,safety007,china,2026-01-31T22:44:49.123363Z,100,优惠券礼物已支付。
01swxtlotr31,1940519852,china,2026-01-31T22:46:20.879432Z,100,优惠券礼物已支付。
01swxtlotr31,763066,china,2026-01-31T22:48:29.582274Z,100,优惠券礼物已支付。
01swxtlotr31,Vittical,china,2026-01-31T22:49:50.651998Z,100,优惠券礼物已支付。
01swxtlotr31,759830,china,2026-01-31T22:51:13.675798Z,100,优惠券礼物已支付。
01swxtlotr31,ZQLDHJ,china,2026-01-31T22:53:11.827345Z,100,优惠券礼物已支付。
01swxtlotr31,zhang921027,china,2026-01-31T22:55:19.108699Z,(H304),已使用过的优惠券代码。
01swxtlotr31,hyyni1234,china,2026-01-31T22:56:37.530627Z,(H304),已使用过的优惠券代码。
01swxtlotr31,ZXFAILXY0322,china,2026-01-31T22:58:46.069906Z,(H304),已使用过的优惠券代码。
01swxtlotr31,linchao0510,china,2026-01-31T23:00:03.775054Z,(H304),已使用过的优惠券代码。
01swxtlotr31,gcnu2768,china,2026-01-31T23:01:36.216745Z,100,优惠券礼物已支付。
01swxtlotr31,wwcc998,china,2026-01-31T23:03:35.532365Z,100,优惠券礼物已支付。
01swxtlotr31,78619630,china,2026-01-31T23:05:24.141316Z,100,优惠券礼物已支付。
01swxtlotr31,jk187,china,2026-01-31T23:07:34.319066Z,100,优惠券礼物已支付。
01swxtlotr31,dshujun,china,2026-01-31T23:09:39.641491Z,100,优惠券礼物已支付。
01swxtlotr31,kkws228,china,2026-01-31T23:11:14.738333Z,100,优惠券礼物已支付。
01swxtlotr31,1029709109,china,2026-01-31T23:12:26.778265Z,100,优惠券礼物已支付。
01swxtlotr31,yh.24288,china,2026-01-31T23:14:27.215404Z,100,优惠券礼物已支付。
01swxtlotr31,hedgehogss,china,2026-01-31T23:16:14.242947Z,100,优惠券礼物已支付。
01swxtlotr31,si04172,china,2026-01-31T23:17:00.123036Z,100,优惠券礼物已支付。
01swxtlotr31,828511124,china,2026-01-31T23:17:50.045253Z,100,优惠券礼物已支付。
01swxtlotr31,1711365230,china,2026-01-31T23:19:24.748761Z,100,优惠券礼物已支付。
01swxtlotr31,ycshangtian,china,2026-01-31T23:21:30.952534Z,(H304),已使用过的优惠券代码。
01swxtlotr31,lz0319,china,2026-01-31T23:22:14.540179Z,100,优惠券礼物已支付。
01swxtlotr31,tth578,china,2026-01-31T23:22:41.831668Z,100,优惠券礼物已支付。
01swxtlotr31,2287259,china,2026-01-31T23:23:07.191810Z,100,优惠券礼物已支付。
01swxtlotr31,Mrc233,china,2026-01-31T23:24:33.985712Z,100,优惠券礼物已支付。
01swxtlotr31,weiweitop,china,2026-01-31T23:26:07.618429Z,100,优惠券礼物已支付。
01swxtlotr31,DRXDRC,china,2026-01-31T23:27:02.897978Z,100,优惠券礼物已支付。
01swxtlotr31,hunt1ey2,china,2026-01-31T23:27:31.987662Z,100,优惠券礼物已支付。
01swxtlotr31,Tonyeh,china,2026-01-31T23:28:34.593313Z,100,优惠券礼物已支付。
01swxtlotr31,cjcyk8718,china,2026-01-31T23:30:34.605431Z,100,优惠券礼物已支付。
01swxtlotr31,38692586,china,2026-01-31T23:31:07.665289Z,100,优惠券礼物已支付。
01swxtlotr31,0Scallion0,china,2026-01-31T23:32:22.080887Z,100,优惠券礼物已支付。
COL3KY8G1FT15,samuer007,china,2026-02-06T12:41:11.238196Z,100,优惠券礼物已支付。
COL3KY8G1FT15,safety007,china,2026-02-06T12:41:38.777803Z,100,优惠券礼物已支付。
COL3KY8G1FT15,1940519852,china,2026-02-06T12:43:18.797300Z,100,优惠券礼物已支付。
COL3KY8G1FT15,763066,china,2026-02-06T12:44:27.716613Z,(H304),已使用过的优惠券代码。
COL3KY8G1FT15,Vittical,china,2026-02-06T12:45:30.335845Z,100,优惠券礼物已支付。
COL3KY8G1FT15,759830,china,2026-02-06T12:46:54.447896Z,100,优惠券礼物已支付。
COL3KY8G1FT15,ZQLDHJ,china,2026-02-06T12:48:11.518536Z,100,优惠券礼物已支付。
COL3KY8G1FT15,zhang921027,china,2026-02-06T12:48:56.431432Z,(H304),已使用过的优惠券代码。
COL3KY8G1FT15,hyyni1234,china,2026-02-06T12:51:03.117445Z,(H304),已使用过的优惠券代码。
COL3KY8G1FT15,ZXFAILXY0322,china,2026-02-06T12:53:01.316120Z,(H304),已使用过的优惠券代码。
COL3KY8G1FT15,linchao0510,china,2026-02-06T12:53:41.464850Z,(H304),已使用过的优惠券代码。
COL3KY8G1FT15,gcnu2768,china,2026-02-06T12:54:04.177350Z,100,优惠券礼物已支付。
COL3KY8G1FT15,wwcc998,china,2026-02-06T12:55:41.490525Z,100,优惠券礼物已支付。
COL3KY8G1FT15,78619630,china,2026-02-06T12:56:23.142094Z,100,优惠券礼物已支付。
COL3KY8G1FT15,jk187,china,2026-02-06T12:57:55.894457Z,(H304),已使用过的优惠券代码。
COL3KY8G1FT15,dshujun,china,2026-02-06T12:58:53.315297Z,(H304),已使用过的优惠券代码。
COL3KY8G1FT15,kkws228,china,2026-02-06T12:59:30.782392Z,100,优惠券礼物已支付。
COL3KY8G1FT15,1029709109,china,2026-02-06T13:00:25.240986Z,(H304),已使用过的优惠券代码。
COL3KY8G1FT15,yh.24288,china,2026-02-06T13:01:35.458005Z,(H304),已使用过的优惠券代码。
COL3KY8G1FT15,hedgehogss,china,2026-02-06T13:02:03.452445Z,(H304),已使用过的优惠券代码。
COL3KY8G1FT15,si04172,china,2026-02-06T13:03:17.384935Z,100,优惠券礼物已支付。
COL3KY8G1FT15,828511124,china,2026-02-06T13:05:08.809392Z,100,优惠券礼物已支付。
COL3KY8G1FT15,1711365230,china,2026-02-06T13:06:00.973396Z,100,优惠券礼物已支付。
COL3KY8G1FT15,ycshangtian,china,2026-02-06T13:07:08.768738Z,(H304),已使用过的优惠券代码。
COL3KY8G1FT15,lz0319,china,2026-02-06T13:08:57.658200Z,(H304),已使用过的优惠券代码。
COL3KY8G1FT15,tth578,china,2026-02-06T13:09:43.898232Z,(H304),已使用过的优惠券代码。
COL3KY8G1FT15,2287259,china,2026-02-06T13:10:46.933227Z,100,优惠券礼物已支付。
COL3KY8G1FT15,Mrc233,china,2026-02-06T13:12:46.052657Z,100,优惠券礼物已支付。
COL3KY8G1FT15,weiweitop,china,2026-02-06T13:14:42.493748Z,100,优惠券礼物已支付。
COL3KY8G1FT15,DRXDRC,china,2026-02-06T13:15:48.321554Z,(H304),已使用过的优惠券代码。
COL3KY8G1FT15,hunt1ey2,china,2026-02-06T13:16:49.045774Z,(H304),已使用过的优惠券代码。
COL3KY8G1FT15,Tonyeh,china,2026-02-06T13:17:45.598741Z,100,优惠券礼物已支付。
COL3KY8G1FT15,cjcyk8718,china,2026-02-06T13:18:31.015625Z,(H304),已使用过的优惠券代码。
COL3KY8G1FT15,38692586,china,2026-02-06T13:19:50.968109Z,100,优惠券礼物已支付。
COL3KY8G1FT15,0Scallion0,china,2026-02-06T13:20:43.850775Z,100,优惠券礼物已支付。
FEBSW2026E82,samuer007,china,2026-02-06T22:49:17.392845Z,100,优惠券礼物已支付。
FEBSW2026E82,safety007,china,2026-02-06T22:50:04.080163Z,100,优惠券礼物已支付。
FEBSW2026E82,1940519852,china,2026-02-06T22:52:00.178695Z,100,优惠券礼物已支付。
FEBSW2026E82,763066,china,2026-02-06T22:54:04.015894Z,100,优惠券礼物已支付。
FEBSW2026E82,Vittical,china,2026-02-06T22:55:21.365526Z,100,优惠券礼物已支付。
FEBSW2026E82,759830,china,2026-02-06T22:55:57.920199Z,100,优惠券礼物已支付。
FEBSW2026E82,ZQLDHJ,china,2026-02-06T22:57:11.331909Z,100,优惠券礼物已支付。
FEBSW2026E82,zhang921027,china,2026-02-06T22:57:38.948509Z,100,优惠券礼物已支付。
FEBSW2026E82,hyyni1234,china,2026-02-06T22:58:48.667156Z,100,优惠券礼物已支付。
FEBSW2026E82,ZXFAILXY0322,china,2026-02-06T22:59:36.619602Z,100,优惠券礼物已支付。
FEBSW2026E82,linchao0510,china,2026-02-06T23:00:12.323966Z,100,优惠券礼物已支付。
FEBSW2026E82,gcnu2768,china,2026-02-06T23:01:22.151426Z,100,优惠券礼物已支付。
FEBSW2026E82,wwcc998,china,2026-02-06T23:01:52.721909Z,(H304),已使用过的优惠券代码。
FEBSW2026E82,78619630,china,2026-02-06T23:02:45.266273Z,100,优惠券礼物已支付。
FEBSW2026E82,jk187,china,2026-02-06T23:03:57.414251Z,(H304),已使用过的优惠券代码。
FEBSW2026E82,dshujun,china,2026-02-06T23:05:16.871031Z,(H304),已使用过的优惠券代码。
FEBSW2026E82,kkws228,china,2026-02-06T23:07:21.236608Z,100,优惠券礼物已支付。
FEBSW2026E82,1029709109,china,2026-02-06T23:09:27.457625Z,(H304),已使用过的优惠券代码。
FEBSW2026E82,yh.24288,china,2026-02-06T23:10:18.981119Z,(H304),已使用过的优惠券代码。
FEBSW2026E82,hedgehogss,china,2026-02-06T23:11:36.643508Z,100,优惠券礼物已支付。
FEBSW2026E82,si04172,china,2026-02-06T23:13:27.875819Z,100,优惠券礼物已支付。
FEBSW2026E82,828511124,china,2026-02-06T23:14:15.920230Z,100,优惠券礼物已支付。
FEBSW2026E82,1711365230,china,2026-02-06T23:15:48.209369Z,100,优惠券礼物已支付。
FEBSW2026E82,ycshangtian,china,2026-02-06T23:17:21.154014Z,(H304),已使用过的优惠券代码。
FEBSW2026E82,lz0319,china,2026-02-06T23:18:05.690492Z,(H304),已使用过的优惠券代码。
FEBSW2026E82,tth578,china,2026-02-06T23:19:36.872235Z,(H304),已使用过的优惠券代码。
FEBSW2026E82,2287259,china,2026-02-06T23:20:57.061843Z,100,优惠券礼物已支付。
FEBSW2026E82,Mrc233,china,2026-02-06T23:21:43.878356Z,100,优惠券礼物已支付。
FEBSW2026E82,weiweitop,china,2026-02-06T23:23:01.963277Z,100,优惠券礼物已支付。
FEBSW2026E82,DRXDRC,china,2026-02-06T23:24:50.892542Z,100,优惠券礼物已支付。
FEBSW2026E82,hunt1ey2,china,2026-02-06T23:26:31.809677Z,100,优惠券礼物已支付。
FEBSW2026E82,Tonyeh,china,2026-02-06T23:28:03.287698Z,100,优惠券礼物已支付。
FEBSW2026E82,cjcyk8718,china,2026-02-06T23:29:11.102301Z,100,优惠券礼物已支付。
FEBSW2026E82,38692586,china,2026-02-06T23:31:19.794304Z,100,优惠券礼物已支付。
FEBSW2026E82,0Scallion0,china,2026-02-06T23:32:06.401649Z,(H304),已使用过的优惠券代码。
LETSGO2OSAKA,samuer007,china,2026-02-07T21:56:29.429178Z,100,优惠券礼物已支付。
LETSGO2OSAKA,safety007,china,2026-02-07T21:57:24.335047Z,100,优惠券礼物已支付。
LETSGO2OSAKA,1940519852,china,2026-02-07T21:58:10.891931Z,100,优惠券礼物已支付。
LETSGO2OSAKA,763066,china,2026-02-07T22:00:18.051163Z,100,优惠券礼物已支付。
LETSGO2OSAKA,Vittical,china,2026-02-07T22:01:26.094614Z,100,优惠券礼物已支付。
LETSGO2OSAKA,759830,china,2026-02-07T22:03:04.799915Z,100,优惠券礼物已支付。
LETSGO2OSAKA,ZQLDHJ,china,2026-02-07T22:04:59.412104Z,100,优惠券礼物已支付。
LETSGO2OSAKA,zhang921027,china,2026-02-07T22:06:39.196020Z,(H304),已使用过的优惠券代码。
LETSGO2OSAKA,hyyni1234,china,2026-02-07T22:07:25.379450Z,(H304),已使用过的优惠券代码。
LETSGO2OSAKA,ZXFAILXY0322,china,2026-02-07T22:08:19.653253Z,(H304),已使用过的优惠券代码。
LETSGO2OSAKA,linchao0510,china,2026-02-07T22:10:20.620400Z,(H304),已使用过的优惠券代码。
LETSGO2OSAKA,gcnu2768,china,2026-02-07T22:12:15.092991Z,100,优惠券礼物已支付。
LETSGO2OSAKA,wwcc998,china,2026-02-07T22:12:49.747080Z,100,优惠券礼物已支付。
LETSGO2OSAKA,78619630,china,2026-02-07T22:13:27.167192Z,100,优惠券礼物已支付。
LETSGO2OSAKA,jk187,china,2026-02-07T22:14:12.582721Z,(H304),已使用过的优惠券代码。
LETSGO2OSAKA,dshujun,china,2026-02-07T22:15:53.525951Z,(H304),已使用过的优惠券代码。
LETSGO2OSAKA,kkws228,china,2026-02-07T22:16:19.061453Z,100,优惠券礼物已支付。
LETSGO2OSAKA,1029709109,china,2026-02-07T22:18:27.095943Z,100,优惠券礼物已支付。
LETSGO2OSAKA,yh.24288,china,2026-02-07T22:20:22.976272Z,(H304),已使用过的优惠券代码。
LETSGO2OSAKA,hedgehogss,china,2026-02-07T22:22:06.828047Z,100,优惠券礼物已支付。
LETSGO2OSAKA,si04172,china,2026-02-07T22:22:49.327334Z,100,优惠券礼物已支付。
LETSGO2OSAKA,828511124,china,2026-02-07T22:23:36.890171Z,100,优惠券礼物已支付。
LETSGO2OSAKA,1711365230,china,2026-02-07T22:24:04.536049Z,100,优惠券礼物已支付。
LETSGO2OSAKA,ycshangtian,china,2026-02-07T22:25:17.139708Z,100,优惠券礼物已支付。
LETSGO2OSAKA,lz0319,china,2026-02-07T22:25:43.146689Z,(H304),已使用过的优惠券代码。
LETSGO2OSAKA,tth578,china,2026-02-07T22:26:53.802814Z,(H304),已使用过的优惠券代码。
LETSGO2OSAKA,2287259,china,2026-02-07T22:28:54.629466Z,100,优惠券礼物已支付。
LETSGO2OSAKA,Mrc233,china,2026-02-07T22:30:54.588076Z,100,优惠券礼物已支付。
LETSGO2OSAKA,weiweitop,china,2026-02-07T22:32:00.219341Z,100,优惠券礼物已支付。
LETSGO2OSAKA,DRXDRC,china,2026-02-07T22:33:29.271319Z,100,优惠券礼物已支付。
LETSGO2OSAKA,hunt1ey2,china,2026-02-07T22:34:43.613329Z,100,优惠券礼物已支付。
LETSGO2OSAKA,Tonyeh,china,2026-02-07T22:36:06.385414Z,100,优惠券礼物已支付。
LETSGO2OSAKA,cjcyk8718,china,2026-02-07T22:36:44.844437Z,100,优惠券礼物已支付。
LETSGO2OSAKA,38692586,china,2026-02-07T22:38:13.788661Z,100,优惠券礼物已支付。
LETSGO2OSAKA,0Scallion0,china,2026-02-07T22:38:38.563547Z,100,优惠券礼物已支付。
2026ghlsqidong,samuer007,china,2026-02-07T22:53:13.087388Z,(H305),无效的优惠券代码。<br/>请重新确认。
tiaozhanduijuebisai,samuer007,china,2026-02-07T22:55:02.995264Z,(H305),无效的优惠券代码。<br/>请重新确认。
ASSEMBLE26K0REA,samuer007,china,2026-02-07T22:57:02.220338Z,100,优惠券礼物已支付。
2026ghlsqidong,safety007,china,2026-02-07T22:58:37.215734Z,(H305),无效的优惠券代码。<br/>请重新确认。
tiaozhanduijuebisai,safety007,china,2026-02-07T23:00:17.119789Z,(H305),无效的优惠券代码。<br/>请重新确认。
ASSEMBLE26K0REA,safety007,china,2026-02-07T23:02:27.468403Z,100,优惠券礼物已支付。
2026ghlsqidong,1940519852,china,2026-02-07T23:03:36.437282Z,(H305),无效的优惠券代码。<br/>请重新确认。
tiaozhanduijuebisai,1940519852,china,2026-02-07T23:04:17.957032Z,(H305),无效的优惠券代码。<br/>请重新确认。
ASSEMBLE26K0REA,1940519852,china,2026-02-07T23:05:10.201458Z,100,优惠券礼物已支付。
2026ghlsqidong,763066,china,2026-02-07T23:06:00.822072Z,(H305),无效的优惠券代码。<br/>请重新确认。
tiaozhanduijuebisai,763066,china,2026-02-07T23:06:26.234469Z,(H305),无效的优惠券代码。<br/>请重新确认。
ASSEMBLE26K0REA,763066,china,2026-02-07T23:08:32.330762Z,100,优惠券礼物已支付。
2026ghlsqidong,Vittical,china,2026-02-07T23:09:04.644994Z,(H305),无效的优惠券代码。<br/>请重新确认。
tiaozhanduijuebisai,Vittical,china,2026-02-07T23:10:06.567418Z,(H305),无效的优惠券代码。<br/>请重新确认。
ASSEMBLE26K0REA,Vittical,china,2026-02-07T23:10:53.249447Z,100,优惠券礼物已支付。
2026ghlsqidong,759830,china,2026-02-07T23:13:06.300412Z,(H304),已使用过的优惠券代码。
tiaozhanduijuebisai,759830,china,2026-02-07T23:14:57.537381Z,(H304),已使用过的优惠券代码。
ASSEMBLE26K0REA,759830,china,2026-02-07T23:17:04.550988Z,(H304),已使用过的优惠券代码。
2026ghlsqidong,ZQLDHJ,china,2026-02-07T23:17:31.634213Z,(H305),无效的优惠券代码。<br/>请重新确认。
tiaozhanduijuebisai,ZQLDHJ,china,2026-02-07T23:19:18.120418Z,(H305),无效的优惠券代码。<br/>请重新确认。
ASSEMBLE26K0REA,ZQLDHJ,china,2026-02-07T23:20:04.614359Z,100,优惠券礼物已支付。
2026ghlsqidong,zhang921027,china,2026-02-07T23:20:41.616298Z,(H304),已使用过的优惠券代码。
tiaozhanduijuebisai,zhang921027,china,2026-02-07T23:21:40.102737Z,(H304),已使用过的优惠券代码。
ASSEMBLE26K0REA,zhang921027,china,2026-02-07T23:22:23.974835Z,(H304),已使用过的优惠券代码。
2026ghlsqidong,hyyni1234,china,2026-02-07T23:23:13.246115Z,(H304),已使用过的优惠券代码。
tiaozhanduijuebisai,hyyni1234,china,2026-02-07T23:24:58.561356Z,(H304),已使用过的优惠券代码。
ASSEMBLE26K0REA,hyyni1234,china,2026-02-07T23:25:47.147335Z,(H304),已使用过的优惠券代码。
2026ghlsqidong,ZXFAILXY0322,china,2026-02-07T23:27:20.608401Z,(H304),已使用过的优惠券代码。
tiaozhanduijuebisai,ZXFAILXY0322,china,2026-02-07T23:29:05.859006Z,(H304),已使用过的优惠券代码。
ASSEMBLE26K0REA,ZXFAILXY0322,china,2026-02-07T23:29:57.067528Z,(H304),已使用过的优惠券代码。
2026ghlsqidong,linchao0510,china,2026-02-07T23:31:00.779425Z,(H304),已使用过的优惠券代码。
tiaozhanduijuebisai,linchao0510,china,2026-02-07T23:32:29.594880Z,(H304),已使用过的优惠券代码。
ASSEMBLE26K0REA,linchao0510,china,2026-02-07T23:33:54.772219Z,(H304),已使用过的优惠券代码。
2026ghlsqidong,gcnu2768,china,2026-02-07T23:34:35.318568Z,(H304),已使用过的优惠券代码。
tiaozhanduijuebisai,gcnu2768,china,2026-02-07T23:36:08.747368Z,(H305),无效的优惠券代码。<br/>请重新确认。
ASSEMBLE26K0REA,gcnu2768,china,2026-02-07T23:37:51.856392Z,(H304),已使用过的优惠券代码。
2026ghlsqidong,wwcc998,china,2026-02-07T23:39:42.135870Z,(H305),无效的优惠券代码。<br/>请重新确认。
tiaozhanduijuebisai,wwcc998,china,2026-02-07T23:40:10.336924Z,(H304),已使用过的优惠券代码。
ASSEMBLE26K0REA,wwcc998,china,2026-02-07T23:42:13.763376Z,100,优惠券礼物已支付。
2026ghlsqidong,78619630,china,2026-02-07T23:43:25.023039Z,(H305),无效的优惠券代码。<br/>请重新确认。
tiaozhanduijuebisai,78619630,china,2026-02-07T23:45:24.820078Z,(H305),无效的优惠券代码。<br/>请重新确认。
ASSEMBLE26K0REA,78619630,china,2026-02-07T23:46:10.433931Z,100,优惠券礼物已支付。
2026ghlsqidong,jk187,china,2026-02-07T23:47:58.508301Z,(H304),已使用过的优惠券代码。
tiaozhanduijuebisai,jk187,china,2026-02-07T23:48:46.220640Z,(H304),已使用过的优惠券代码。
ASSEMBLE26K0REA,jk187,china,2026-02-07T23:50:51.353494Z,(H304),已使用过的优惠券代码。
2026ghlsqidong,dshujun,china,2026-02-07T23:52:08.276560Z,(H304),已使用过的优惠券代码。
tiaozhanduijuebisai,dshujun,china,2026-02-07T23:53:28.659270Z,(H304),已使用过的优惠券代码。
ASSEMBLE26K0REA,dshujun,china,2026-02-07T23:54:00.338907Z,(H304),已使用过的优惠券代码。
2026ghlsqidong,kkws228,china,2026-02-07T23:54:47.336808Z,(H305),无效的优惠券代码。<br/>请重新确认。
tiaozhanduijuebisai,kkws228,china,2026-02-07T23:56:04.877668Z,(H305),无效的优惠券代码。<br/>请重新确认。
ASSEMBLE26K0REA,kkws228,china,2026-02-07T23:57:49.199784Z,100,优惠券礼物已支付。
2026ghlsqidong,1029709109,china,2026-02-07T23:58:58.214877Z,(H305),无效的优惠券代码。<br/>请重新确认。
tiaozhanduijuebisai,1029709109,china,2026-02-08T00:00:17.247394Z,(H305),无效的优惠券代码。<br/>请重新确认。
ASSEMBLE26K0REA,1029709109,china,2026-02-08T00:01:10.373458Z,100,优惠券礼物已支付。
2026ghlsqidong,yh.24288,china,2026-02-08T00:03:14.269287Z,(H304),已使用过的优惠券代码。
tiaozhanduijuebisai,yh.24288,china,2026-02-08T00:04:25.662957Z,(H304),已使用过的优惠券代码。
ASSEMBLE26K0REA,yh.24288,china,2026-02-08T00:05:32.113168Z,(H304),已使用过的优惠券代码。
2026ghlsqidong,hedgehogss,china,2026-02-08T00:07:33.781289Z,(H305),无效的优惠券代码。<br/>请重新确认。
tiaozhanduijuebisai,hedgehogss,china,2026-02-08T00:09:30.455030Z,(H305),无效的优惠券代码。<br/>请重新确认。
ASSEMBLE26K0REA,hedgehogss,china,2026-02-08T00:11:36.111254Z,100,优惠券礼物已支付。
2026ghlsqidong,si04172,china,2026-02-08T00:12:35.578875Z,(H305),无效的优惠券代码。<br/>请重新确认。
tiaozhanduijuebisai,si04172,china,2026-02-08T00:14:09.799080Z,(H305),无效的优惠券代码。<br/>请重新确认。
ASSEMBLE26K0REA,si04172,china,2026-02-08T00:15:40.160408Z,100,优惠券礼物已支付。
2026ghlsqidong,828511124,china,2026-02-08T00:16:12.089738Z,(H305),无效的优惠券代码。<br/>请重新确认。
tiaozhanduijuebisai,828511124,china,2026-02-08T00:17:38.971204Z,(H305),无效的优惠券代码。<br/>请重新确认。
ASSEMBLE26K0REA,828511124,china,2026-02-08T00:19:36.477128Z,100,优惠券礼物已支付。
2026ghlsqidong,1711365230,china,2026-02-08T00:20:17.112973Z,(H305),无效的优惠券代码。<br/>请重新确认。
tiaozhanduijuebisai,1711365230,china,2026-02-08T00:21:50.364809Z,(H305),无效的优惠券代码。<br/>请重新确认。
ASSEMBLE26K0REA,1711365230,china,2026-02-08T00:23:18.775937Z,100,优惠券礼物已支付。
2026ghlsqidong,ycshangtian,china,2026-02-08T00:25:22.263075Z,(H304),已使用过的优惠券代码。
tiaozhanduijuebisai,ycshangtian,china,2026-02-08T00:26:08.800209Z,(H304),已使用过的优惠券代码。
ASSEMBLE26K0REA,ycshangtian,china,2026-02-08T00:27:58.392715Z,(H304),已使用过的优惠券代码。
2026ghlsqidong,lz0319,china,2026-02-08T00:29:55.834768Z,(H304),已使用过的优惠券代码。
tiaozhanduijuebisai,lz0319,china,2026-02-08T00:31:11.797173Z,(H304),已使用过的优惠券代码。
ASSEMBLE26K0REA,lz0319,china,2026-02-08T00:31:33.477108Z,(H304),已使用过的优惠券代码。
2026ghlsqidong,tth578,china,2026-02-08T00:32:27.982674Z,(H304),已使用过的优惠券代码。
tiaozhanduijuebisai,tth578,china,2026-02-08T00:34:20.518312Z,(H305),无效的优惠券代码。<br/>请重新确认。
ASSEMBLE26K0REA,tth578,china,2026-02-08T00:34:53.219127Z,(H304),已使用过的优惠券代码。
2026ghlsqidong,2287259,china,2026-02-08T00:35:36.585817Z,(H305),无效的优惠券代码。<br/>请重新确认。
tiaozhanduijuebisai,2287259,china,2026-02-08T00:36:39.769194Z,(H305),无效的优惠券代码。<br/>请重新确认。
ASSEMBLE26K0REA,2287259,china,2026-02-08T00:37:15.559308Z,100,优惠券礼物已支付。
2026ghlsqidong,Mrc233,china,2026-02-08T00:38:41.615181Z,(H305),无效的优惠券代码。<br/>请重新确认。
tiaozhanduijuebisai,Mrc233,china,2026-02-08T00:39:45.400768Z,(H305),无效的优惠券代码。<br/>请重新确认。
ASSEMBLE26K0REA,Mrc233,china,2026-02-08T00:40:24.848626Z,100,优惠券礼物已支付。
2026ghlsqidong,weiweitop,china,2026-02-08T00:42:04.457362Z,(H305),无效的优惠券代码。<br/>请重新确认。
tiaozhanduijuebisai,weiweitop,china,2026-02-08T00:43:38.197732Z,(H305),无效的优惠券代码。<br/>请重新确认。
ASSEMBLE26K0REA,weiweitop,china,2026-02-08T00:45:08.581317Z,100,优惠券礼物已支付。
2026ghlsqidong,DRXDRC,china,2026-02-08T00:46:12.501217Z,(H304),已使用过的优惠券代码。
tiaozhanduijuebisai,DRXDRC,china,2026-02-08T00:47:37.569382Z,(H304),已使用过的优惠券代码。
ASSEMBLE26K0REA,DRXDRC,china,2026-02-08T00:49:06.049056Z,100,优惠券礼物已支付。
2026ghlsqidong,hunt1ey2,china,2026-02-08T00:50:06.415922Z,(H305),无效的优惠券代码。<br/>请重新确认。
tiaozhanduijuebisai,hunt1ey2,china,2026-02-08T00:51:48.011080Z,(H305),无效的优惠券代码。<br/>请重新确认。
ASSEMBLE26K0REA,hunt1ey2,china,2026-02-08T00:53:29.043132Z,100,优惠券礼物已支付。
2026ghlsqidong,Tonyeh,china,2026-02-08T00:54:30.522620Z,(H305),无效的优惠券代码。<br/>请重新确认。
tiaozhanduijuebisai,Tonyeh,china,2026-02-08T00:55:14.860806Z,(H305),无效的优惠券代码。<br/>请重新确认。
ASSEMBLE26K0REA,Tonyeh,china,2026-02-08T00:55:52.337394Z,100,优惠券礼物已支付。
2026ghlsqidong,cjcyk8718,china,2026-02-08T00:56:53.016527Z,(H305),无效的优惠券代码。<br/>请重新确认。
tiaozhanduijuebisai,cjcyk8718,china,2026-02-08T00:58:15.042161Z,(H305),无效的优惠券代码。<br/>请重新确认。
ASSEMBLE26K0REA,cjcyk8718,china,2026-02-08T01:00:14.614586Z,100,优惠券礼物已支付。
2026ghlsqidong,38692586,china,2026-02-08T01:01:00.741093Z,(H305),无效的优惠券代码。<br/>请重新确认。
tiaozhanduijuebisai,38692586,china,2026-02-08T01:02:47.212771Z,(H305),无效的优惠券代码。<br/>请重新确认。
ASSEMBLE26K0REA,38692586,china,2026-02-08T01:04:20.328409Z,100,优惠券礼物已支付。
2026ghlsqidong,0Scallion0,china,2026-02-08T01:05:56.767512Z,(H305),无效的优惠券代码。<br/>请重新确认。
tiaozhanduijuebisai,0Scallion0,china,2026-02-08T01:07:58.110329Z,(H305),无效的优惠券代码。<br/>请重新确认。
ASSEMBLE26K0REA,0Scallion0,china,2026-02-08T01:08:38.449282Z,100,优惠券礼物已支付。
26SWXLOTRS2,samuer007,china,2026-02-08T18:04:10.487202Z,100,优惠券礼物已支付。
26SWXLOTRS2,safety007,china,2026-02-08T18:04:58.783161Z,100,优惠券礼物已支付。
26SWXLOTRS2,1940519852,china,2026-02-08T18:06:14.608912Z,100,优惠券礼物已支付。
26SWXLOTRS2,763066,china,2026-02-08T18:07:20.438750Z,100,优惠券礼物已支付。
26SWXLOTRS2,Vittical,china,2026-02-08T18:07:49.082529Z,100,优惠券礼物已支付。
26SWXLOTRS2,759830,china,2026-02-08T18:08:24.638509Z,100,优惠券礼物已支付。
26SWXLOTRS2,ZQLDHJ,china,2026-02-08T18:09:10.334515Z,100,优惠券礼物已支付。
26SWXLOTRS2,zhang921027,china,2026-02-08T18:10:22.770525Z,100,优惠券礼物已支付。
26SWXLOTRS2,hyyni1234,china,2026-02-08T18:12:15.303826Z,100,优惠券礼物已支付。
26SWXLOTRS2,ZXFAILXY0322,china,2026-02-08T18:13:10.642758Z,100,优惠券礼物已支付。
26SWXLOTRS2,linchao0510,china,2026-02-08T18:15:17.543408Z,100,优惠券礼物已支付。
26SWXLOTRS2,gcnu2768,china,2026-02-08T18:16:52.659961Z,100,优惠券礼物已支付。
26SWXLOTRS2,wwcc998,china,2026-02-08T18:18:05.869393Z,(H304),已使用过的优惠券代码。
26SWXLOTRS2,78619630,china,2026-02-08T18:19:48.233121Z,100,优惠券礼物已支付。
26SWXLOTRS2,jk187,china,2026-02-08T18:20:46.050290Z,(H304),已使用过的优惠券代码。
26SWXLOTRS2,dshujun,china,2026-02-08T18:22:10.068436Z,(H304),已使用过的优惠券代码。
26SWXLOTRS2,kkws228,china,2026-02-08T18:24:00.639661Z,100,优惠券礼物已支付。
26SWXLOTRS2,1029709109,china,2026-02-08T18:26:05.876798Z,100,优惠券礼物已支付。
26SWXLOTRS2,yh.24288,china,2026-02-08T18:28:09.499855Z,(H304),已使用过的优惠券代码。
26SWXLOTRS2,hedgehogss,china,2026-02-08T18:29:47.612787Z,100,优惠券礼物已支付。
26SWXLOTRS2,si04172,china,2026-02-08T18:31:49.732157Z,100,优惠券礼物已支付。
26SWXLOTRS2,828511124,china,2026-02-08T18:33:34.932848Z,100,优惠券礼物已支付。
26SWXLOTRS2,1711365230,china,2026-02-08T18:35:08.995136Z,100,优惠券礼物已支付。
26SWXLOTRS2,ycshangtian,china,2026-02-08T18:36:34.370209Z,(H304),已使用过的优惠券代码。
26SWXLOTRS2,lz0319,china,2026-02-08T18:38:33.417249Z,(H304),已使用过的优惠券代码。
26SWXLOTRS2,tth578,china,2026-02-08T18:39:48.680438Z,100,优惠券礼物已支付。
26SWXLOTRS2,2287259,china,2026-02-08T18:41:34.372259Z,100,优惠券礼物已支付。
26SWXLOTRS2,Mrc233,china,2026-02-08T18:42:22.243068Z,100,优惠券礼物已支付。
26SWXLOTRS2,weiweitop,china,2026-02-08T18:43:09.475439Z,100,优惠券礼物已支付。
26SWXLOTRS2,DRXDRC,china,2026-02-08T18:43:49.803718Z,100,优惠券礼物已支付。
26SWXLOTRS2,hunt1ey2,china,2026-02-08T18:45:17.656605Z,100,优惠券礼物已支付。
26SWXLOTRS2,Tonyeh,china,2026-02-08T18:46:11.716777Z,100,优惠券礼物已支付。
26SWXLOTRS2,cjcyk8718,china,2026-02-08T18:47:07.221356Z,100,优惠券礼物已支付。
26SWXLOTRS2,38692586,china,2026-02-08T18:49:15.516066Z,100,优惠券礼物已支付。
26SWXLOTRS2,0Scallion0,china,2026-02-08T18:51:09.768506Z,(H304),已使用过的优惠券代码。
SWELWEEK1,samuer007,china,2026-02-19T18:29:09.601323Z,(H305),无效的优惠券代码。<br/>请重新确认。
SWELSTARTS,samuer007,china,2026-02-19T18:29:58.168673Z,(H305),无效的优惠券代码。<br/>请重新确认。
SWELWEEK1,safety007,china,2026-02-19T18:31:13.489809Z,(H305),无效的优惠券代码。<br/>请重新确认。
SWELSTARTS,safety007,china,2026-02-19T18:32:33.017100Z,(H305),无效的优惠券代码。<br/>请重新确认。
SWELWEEK1,1940519852,china,2026-02-19T18:34:25.121111Z,(H305),无效的优惠券代码。<br/>请重新确认。
SWELSTARTS,1940519852,china,2026-02-19T18:34:58.718466Z,(H305),无效的优惠券代码。<br/>请重新确认。
SWELWEEK1,763066,china,2026-02-19T18:35:55.352098Z,(H305),无效的优惠券代码。<br/>请重新确认。
SWELSTARTS,763066,china,2026-02-19T18:37:29.488116Z,(H305),无效的优惠券代码。<br/>请重新确认。
SWELWEEK1,Vittical,china,2026-02-19T18:39:13.699691Z,(H305),无效的优惠券代码。<br/>请重新确认。
SWELSTARTS,Vittical,china,2026-02-19T18:40:23.028468Z,(H305),无效的优惠券代码。<br/>请重新确认。
SWELWEEK1,759830,china,2026-02-19T18:41:23.419418Z,(H305),无效的优惠券代码。<br/>请重新确认。
SWELSTARTS,759830,china,2026-02-19T18:43:12.945610Z,(H305),无效的优惠券代码。<br/>请重新确认。
SWELWEEK1,ZQLDHJ,china,2026-02-19T18:44:13.323535Z,(H305),无效的优惠券代码。<br/>请重新确认。
SWELSTARTS,ZQLDHJ,china,2026-02-19T18:44:43.343548Z,(H305),无效的优惠券代码。<br/>请重新确认。
SWELWEEK1,zhang921027,china,2026-02-19T18:46:45.601650Z,(H304),已使用过的优惠券代码。
SWELSTARTS,zhang921027,china,2026-02-19T18:47:59.060514Z,(H304),已使用过的优惠券代码。
SWELWEEK1,hyyni1234,china,2026-02-19T18:48:30.210633Z,(H304),已使用过的优惠券代码。
SWELSTARTS,hyyni1234,china,2026-02-19T18:49:56.075546Z,(H304),已使用过的优惠券代码。
SWELWEEK1,ZXFAILXY0322,china,2026-02-19T18:51:58.121913Z,(H304),已使用过的优惠券代码。
SWELSTARTS,ZXFAILXY0322,china,2026-02-19T18:52:41.708417Z,(H304),已使用过的优惠券代码。
SWELWEEK1,linchao0510,china,2026-02-19T18:54:25.785606Z,(H304),已使用过的优惠券代码。
SWELSTARTS,linchao0510,china,2026-02-19T18:55:25.961521Z,(H304),已使用过的优惠券代码。
SWELWEEK1,gcnu2768,china,2026-02-19T18:57:05.041335Z,(H305),无效的优惠券代码。<br/>请重新确认。
SWELSTARTS,gcnu2768,china,2026-02-19T18:58:47.730239Z,(H305),无效的优惠券代码。<br/>请重新确认。
SWELWEEK1,wwcc998,china,2026-02-19T19:00:16.755387Z,(H304),已使用过的优惠券代码。
SWELSTARTS,wwcc998,china,2026-02-19T19:02:09.104355Z,(H304),已使用过的优惠券代码。
SWELWEEK1,78619630,china,2026-02-19T19:03:23.559553Z,(H305),无效的优惠券代码。<br/>请重新确认。
SWELSTARTS,78619630,china,2026-02-19T19:04:53.044345Z,(H305),无效的优惠券代码。<br/>请重新确认。
SWELWEEK1,jk187,china,2026-02-19T19:05:51.291693Z,(H304),已使用过的优惠券代码。
SWELSTARTS,jk187,china,2026-02-19T19:06:20.242931Z,(H304),已使用过的优惠券代码。
SWELWEEK1,dshujun,china,2026-02-19T19:08:04.422302Z,(H304),已使用过的优惠券代码。
SWELSTARTS,dshujun,china,2026-02-19T19:08:39.680284Z,(H304),已使用过的优惠券代码。
SWELWEEK1,kkws228,china,2026-02-19T19:09:15.895943Z,(H305),无效的优惠券代码。<br/>请重新确认。
SWELSTARTS,kkws228,china,2026-02-19T19:11:04.307934Z,(H305),无效的优惠券代码。<br/>请重新确认。
SWELWEEK1,1029709109,china,2026-02-19T19:12:52.309613Z,(H305),无效的优惠券代码。<br/>请重新确认。
SWELSTARTS,1029709109,china,2026-02-19T19:13:53.396974Z,(H305),无效的优惠券代码。<br/>请重新确认。
SWELWEEK1,yh.24288,china,2026-02-19T19:15:19.969419Z,(H305),无效的优惠券代码。<br/>请重新确认。
SWELSTARTS,yh.24288,china,2026-02-19T19:16:51.755787Z,(H305),无效的优惠券代码。<br/>请重新确认。
SWELWEEK1,hedgehogss,china,2026-02-19T19:18:53.902190Z,(H305),无效的优惠券代码。<br/>请重新确认。
SWELSTARTS,hedgehogss,china,2026-02-19T19:20:38.569648Z,(H305),无效的优惠券代码。<br/>请重新确认。
SWELWEEK1,si04172,china,2026-02-19T19:22:19.051569Z,(H305),无效的优惠券代码。<br/>请重新确认。
SWELSTARTS,si04172,china,2026-02-19T19:23:29.232884Z,(H305),无效的优惠券代码。<br/>请重新确认。
SWELWEEK1,828511124,china,2026-02-19T19:24:44.647859Z,(H305),无效的优惠券代码。<br/>请重新确认。
SWELSTARTS,828511124,china,2026-02-19T19:26:23.384795Z,(H305),无效的优惠券代码。<br/>请重新确认。
SWELWEEK1,1711365230,china,2026-02-19T19:26:45.735073Z,(H305),无效的优惠券代码。<br/>请重新确认。
SWELSTARTS,1711365230,china,2026-02-19T19:27:14.502382Z,(H305),无效的优惠券代码。<br/>请重新确认。
SWELWEEK1,ycshangtian,china,2026-02-19T19:28:58.686122Z,(H304),已使用过的优惠券代码。
SWELSTARTS,ycshangtian,china,2026-02-19T19:29:31.727893Z,(H304),已使用过的优惠券代码。
SWELWEEK1,lz0319,china,2026-02-19T19:30:08.037944Z,(H304),已使用过的优惠券代码。
SWELSTARTS,lz0319,china,2026-02-19T19:31:13.228150Z,(H304),已使用过的优惠券代码。
SWELWEEK1,tth578,china,2026-02-19T19:31:40.306778Z,(H305),无效的优惠券代码。<br/>请重新确认。
SWELSTARTS,tth578,china,2026-02-19T19:32:43.250157Z,(H305),无效的优惠券代码。<br/>请重新确认。
SWELWEEK1,2287259,china,2026-02-19T19:34:19.353584Z,(H305),无效的优惠券代码。<br/>请重新确认。
SWELSTARTS,2287259,china,2026-02-19T19:35:11.752867Z,(H305),无效的优惠券代码。<br/>请重新确认。
SWELWEEK1,Mrc233,china,2026-02-19T19:36:13.690555Z,(H305),无效的优惠券代码。<br/>请重新确认。
SWELSTARTS,Mrc233,china,2026-02-19T19:38:10.032977Z,(H305),无效的优惠券代码。<br/>请重新确认。
SWELWEEK1,weiweitop,china,2026-02-19T19:40:03.662997Z,(H305),无效的优惠券代码。<br/>请重新确认。
SWELSTARTS,weiweitop,china,2026-02-19T19:42:04.491344Z,(H305),无效的优惠券代码。<br/>请重新确认。
SWELWEEK1,DRXDRC,china,2026-02-19T19:43:59.782835Z,(H305),无效的优惠券代码。<br/>请重新确认。
SWELSTARTS,DRXDRC,china,2026-02-19T19:45:13.174316Z,(H305),无效的优惠券代码。<br/>请重新确认。
SWELWEEK1,hunt1ey2,china,2026-02-19T19:46:19.058580Z,(H305),无效的优惠券代码。<br/>请重新确认。
SWELSTARTS,hunt1ey2,china,2026-02-19T19:48:21.364656Z,(H305),无效的优惠券代码。<br/>请重新确认。
SWELWEEK1,Tonyeh,china,2026-02-19T19:49:19.265303Z,(H305),无效的优惠券代码。<br/>请重新确认。
SWELSTARTS,Tonyeh,china,2026-02-19T19:51:03.408970Z,(H305),无效的优惠券代码。<br/>请重新确认。
SWELWEEK1,cjcyk8718,china,2026-02-19T19:52:29.127180Z,(H305),无效的优惠券代码。<br/>请重新确认。
SWELSTARTS,cjcyk8718,china,2026-02-19T19:53:36.201794Z,(H305),无效的优惠券代码。<br/>请重新确认。
SWELWEEK1,38692586,china,2026-02-19T19:54:13.624048Z,(H305),无效的优惠券代码。<br/>请重新确认。
SWELSTARTS,38692586,china,2026-02-19T19:56:13.572262Z,(H305),无效的优惠券代码。<br/>请重新确认。
SWELWEEK1,0Scallion0,china,2026-02-19T19:58:15.501674Z,(H305),无效的优惠券代码。<br/>请重新确认。
SWELSTARTS,0Scallion0,china,2026-02-19T19:59:37.071694Z,(H305),无效的优惠券代码。<br/>请重新确认。
SWELISON,samuer007,china,2026-02-26T10:43:16.874775Z,100,优惠券礼物已支付。
ALLERLASWEL,samuer007,china,2026-02-26T10:45:17.311250Z,100,优惠券礼物已支付。
SWELISON,safety007,china,2026-02-26T10:45:56.490547Z,100,优惠券礼物已支付。
ALLERLASWEL,safety007,china,2026-02-26T10:46:46.621532Z,100,优惠券礼物已支付。
SWELISON,1940519852,china,2026-02-26T10:47:40.103092Z,100,优惠券礼物已支付。
ALLERLASWEL,1940519852,china,2026-02-26T10:48:36.186179Z,100,优惠券礼物已支付。
SWELISON,763066,china,2026-02-26T10:49:33.950952Z,100,优惠券礼物已支付。
ALLERLASWEL,763066,china,2026-02-26T10:50:30.060883Z,100,优惠券礼物已支付。
SWELISON,Vittical,china,2026-02-26T10:50:58.215611Z,100,优惠券礼物已支付。
ALLERLASWEL,Vittical,china,2026-02-26T10:51:58.096342Z,100,优惠券礼物已支付。
SWELISON,759830,china,2026-02-26T10:52:56.265621Z,100,优惠券礼物已支付。
ALLERLASWEL,759830,china,2026-02-26T10:53:36.067023Z,100,优惠券礼物已支付。
SWELISON,ZQLDHJ,china,2026-02-26T10:55:35.228334Z,100,优惠券礼物已支付。
ALLERLASWEL,ZQLDHJ,china,2026-02-26T10:56:59.154770Z,100,优惠券礼物已支付。
SWELISON,zhang921027,china,2026-02-26T10:57:42.013592Z,(H304),已使用过的优惠券代码。
ALLERLASWEL,zhang921027,china,2026-02-26T10:58:24.783575Z,(H304),已使用过的优惠券代码。
SWELISON,hyyni1234,china,2026-02-26T10:59:18.348796Z,(H304),已使用过的优惠券代码。
ALLERLASWEL,hyyni1234,china,2026-02-26T11:01:07.128390Z,(H304),已使用过的优惠券代码。
SWELISON,ZXFAILXY0322,china,2026-02-26T11:02:29.574926Z,(H304),已使用过的优惠券代码。
ALLERLASWEL,ZXFAILXY0322,china,2026-02-26T11:03:03.863259Z,(H304),已使用过的优惠券代码。
SWELISON,linchao0510,china,2026-02-26T11:04:06.909678Z,(H304),已使用过的优惠券代码。
ALLERLASWEL,linchao0510,china,2026-02-26T11:05:36.557289Z,(H304),已使用过的优惠券代码。
SWELISON,gcnu2768,china,2026-02-26T11:07:05.623617Z,100,优惠券礼物已支付。
ALLERLASWEL,gcnu2768,china,2026-02-26T11:07:39.133398Z,100,优惠券礼物已支付。
SWELISON,wwcc998,china,2026-02-26T11:08:36.287406Z,100,优惠券礼物已支付。
ALLERLASWEL,wwcc998,china,2026-02-26T11:09:36.443945Z,100,优惠券礼物已支付。
SWELISON,78619630,china,2026-02-26T11:10:51.759166Z,100,优惠券礼物已支付。
ALLERLASWEL,78619630,china,2026-02-26T11:12:37.520449Z,100,优惠券礼物已支付。
SWELISON,jk187,china,2026-02-26T11:13:13.545599Z,(H304),已使用过的优惠券代码。
ALLERLASWEL,jk187,china,2026-02-26T11:15:12.919978Z,(H304),已使用过的优惠券代码。
SWELISON,dshujun,china,2026-02-26T11:17:18.960953Z,(H304),已使用过的优惠券代码。
ALLERLASWEL,dshujun,china,2026-02-26T11:18:19.768503Z,(H304),已使用过的优惠券代码。
SWELISON,kkws228,china,2026-02-26T11:20:08.963369Z,100,优惠券礼物已支付。
ALLERLASWEL,kkws228,china,2026-02-26T11:21:06.944310Z,100,优惠券礼物已支付。
SWELISON,1029709109,china,2026-02-26T11:22:36.215685Z,100,优惠券礼物已支付。
ALLERLASWEL,1029709109,china,2026-02-26T11:24:25.666259Z,100,优惠券礼物已支付。
SWELISON,yh.24288,china,2026-02-26T11:25:05.251052Z,(H304),已使用过的优惠券代码。
ALLERLASWEL,yh.24288,china,2026-02-26T11:26:11.458020Z,(H304),已使用过的优惠券代码。
SWELISON,hedgehogss,china,2026-02-26T11:28:08.495312Z,100,优惠券礼物已支付。
ALLERLASWEL,hedgehogss,china,2026-02-26T11:30:09.413498Z,100,优惠券礼物已支付。
SWELISON,si04172,china,2026-02-26T11:31:58.197120Z,100,优惠券礼物已支付。
ALLERLASWEL,si04172,china,2026-02-26T11:33:27.907662Z,100,优惠券礼物已支付。
SWELISON,828511124,china,2026-02-26T11:35:42.039123Z,100,优惠券礼物已支付。
ALLERLASWEL,828511124,china,2026-02-26T11:36:42.104052Z,100,优惠券礼物已支付。
SWELISON,1711365230,china,2026-02-26T11:37:53.867828Z,100,优惠券礼物已支付。
ALLERLASWEL,1711365230,china,2026-02-26T11:38:32.094396Z,100,优惠券礼物已支付。
ALLERLASWEL,ycshangtian,china,2026-02-26T11:40:15.626134Z,(H304),已使用过的优惠券代码。
SWELISON,lz0319,china,2026-02-26T11:41:59.872890Z,(H304),已使用过的优惠券代码。
ALLERLASWEL,lz0319,china,2026-02-26T11:42:40.422167Z,(H304),已使用过的优惠券代码。
SWELISON,tth578,china,2026-02-26T11:43:58.472028Z,100,优惠券礼物已支付。
ALLERLASWEL,tth578,china,2026-02-26T11:44:24.656711Z,100,优惠券礼物已支付。
SWELISON,2287259,china,2026-02-26T11:45:17.016119Z,100,优惠券礼物已支付。
ALLERLASWEL,2287259,china,2026-02-26T11:47:25.574888Z,100,优惠券礼物已支付。
SWELISON,Mrc233,china,2026-02-26T11:49:13.380726Z,100,优惠券礼物已支付。
ALLERLASWEL,Mrc233,china,2026-02-26T11:50:01.404938Z,100,优惠券礼物已支付。
SWELISON,weiweitop,china,2026-02-26T11:51:47.367599Z,100,优惠券礼物已支付。
ALLERLASWEL,weiweitop,china,2026-02-26T11:52:34.251513Z,100,优惠券礼物已支付。
SWELISON,DRXDRC,china,2026-02-26T11:53:52.916890Z,100,优惠券礼物已支付。
ALLERLASWEL,DRXDRC,china,2026-02-26T11:55:41.279600Z,100,优惠券礼物已支付。
SWELISON,hunt1ey2,china,2026-02-26T11:56:34.183684Z,100,优惠券礼物已支付。
ALLERLASWEL,hunt1ey2,china,2026-02-26T11:58:27.180158Z,100,优惠券礼物已支付。
SWELISON,Tonyeh,china,2026-02-26T11:59:50.231905Z,100,优惠券礼物已支付。
ALLERLASWEL,Tonyeh,china,2026-02-26T12:00:46.567810Z,100,优惠券礼物已支付。
SWELISON,cjcyk8718,china,2026-02-26T12:01:09.262440Z,100,优惠券礼物已支付。
ALLERLASWEL,cjcyk8718,china,2026-02-26T12:02:36.930673Z,100,优惠券礼物已支付。
SWELISON,38692586,china,2026-02-26T12:04:26.648868Z,100,优惠券礼物已支付。
ALLERLASWEL,38692586,china,2026-02-26T12:05:19.008499Z,100,优惠券礼物已支付。
SWELISON,0Scallion0,china,2026-02-26T12:06:46.784023Z,100,优惠券礼物已支付。
ALLERLASWEL,0Scallion0,china,2026-02-26T12:08:02.553315Z,100,优惠券礼物已支付。
2026SWXINNIANHAO,samuer007,china,2026-03-01T21:34:40.195723Z,100,优惠券礼物已支付。
2026SWLAISUZHOU,samuer007,china,2026-03-01T21:35:38.098213Z,100,优惠券礼物已支付。
2026SWXINNIANHAO,safety007,china,2026-03-01T21:37:16.907467Z,100,优惠券礼物已支付。
2026SWLAISUZHOU,safety007,china,2026-03-01T21:39:04.061553Z,100,优惠券礼物已支付。
2026SWXINNIANHAO,1940519852,china,2026-03-01T21:39:31.071568Z,100,优惠券礼物已支付。
2026SWLAISUZHOU,1940519852,china,2026-03-01T21:41:31.811161Z,100,优惠券礼物已支付。
2026SWXINNIANHAO,763066,china,2026-03-01T21:42:02.886002Z,(H304),已使用过的优惠券代码。
2026SWLAISUZHOU,763066,china,2026-03-01T21:43:08.940244Z,(H304),已使用过的优惠券代码。
2026SWXINNIANHAO,Vittical,china,2026-03-01T21:43:41.683159Z,100,优惠券礼物已支付。
2026SWLAISUZHOU,Vittical,china,2026-03-01T21:44:36.623623Z,100,优惠券礼物已支付。
2026SWXINNIANHAO,759830,china,2026-03-01T21:46:34.346252Z,100,优惠券礼物已支付。
2026SWLAISUZHOU,759830,china,2026-03-01T21:48:07.902845Z,100,优惠券礼物已支付。
2026SWXINNIANHAO,ZQLDHJ,china,2026-03-01T21:49:40.802598Z,100,优惠券礼物已支付。
2026SWLAISUZHOU,ZQLDHJ,china,2026-03-01T21:51:41.744782Z,100,优惠券礼物已支付。
2026SWXINNIANHAO,zhang921027,china,2026-03-01T21:52:43.333499Z,(H304),已使用过的优惠券代码。
2026SWLAISUZHOU,zhang921027,china,2026-03-01T21:54:13.161984Z,(H304),已使用过的优惠券代码。
2026SWXINNIANHAO,hyyni1234,china,2026-03-01T21:56:02.045714Z,(H304),已使用过的优惠券代码。
2026SWLAISUZHOU,hyyni1234,china,2026-03-01T21:56:59.515417Z,(H304),已使用过的优惠券代码。
2026SWXINNIANHAO,ZXFAILXY0322,china,2026-03-01T21:58:57.364290Z,(H304),已使用过的优惠券代码。
2026SWLAISUZHOU,ZXFAILXY0322,china,2026-03-01T21:59:44.667490Z,(H304),已使用过的优惠券代码。
2026SWXINNIANHAO,linchao0510,china,2026-03-01T22:01:52.894946Z,(H304),已使用过的优惠券代码。
2026SWLAISUZHOU,linchao0510,china,2026-03-01T22:03:39.413735Z,(H304),已使用过的优惠券代码。
2026SWXINNIANHAO,gcnu2768,china,2026-03-01T22:05:26.520338Z,100,优惠券礼物已支付。
2026SWLAISUZHOU,gcnu2768,china,2026-03-01T22:06:55.267747Z,100,优惠券礼物已支付。
2026SWXINNIANHAO,wwcc998,china,2026-03-01T22:07:52.216552Z,(H304),已使用过的优惠券代码。
2026SWLAISUZHOU,wwcc998,china,2026-03-01T22:09:50.463558Z,(H304),已使用过的优惠券代码。
2026SWXINNIANHAO,78619630,china,2026-03-01T22:10:58.699748Z,100,优惠券礼物已支付。
2026SWLAISUZHOU,78619630,china,2026-03-01T22:13:05.314975Z,100,优惠券礼物已支付。
2026SWXINNIANHAO,jk187,china,2026-03-01T22:14:05.963986Z,(H304),已使用过的优惠券代码。
2026SWLAISUZHOU,jk187,china,2026-03-01T22:14:51.771479Z,(H304),已使用过的优惠券代码。
2026SWXINNIANHAO,dshujun,china,2026-03-01T22:16:40.734071Z,(H304),已使用过的优惠券代码。
2026SWLAISUZHOU,dshujun,china,2026-03-01T22:18:08.416057Z,(H304),已使用过的优惠券代码。
2026SWXINNIANHAO,kkws228,china,2026-03-01T22:19:58.170592Z,100,优惠券礼物已支付。
2026SWLAISUZHOU,kkws228,china,2026-03-01T22:21:53.769031Z,100,优惠券礼物已支付。
2026SWXINNIANHAO,1029709109,china,2026-03-01T22:22:26.717610Z,100,优惠券礼物已支付。
2026SWLAISUZHOU,1029709109,china,2026-03-01T22:24:21.421643Z,100,优惠券礼物已支付。
2026SWXINNIANHAO,yh.24288,china,2026-03-01T22:26:19.378592Z,(H304),已使用过的优惠券代码。
2026SWLAISUZHOU,yh.24288,china,2026-03-01T22:26:51.204125Z,(H304),已使用过的优惠券代码。
2026SWXINNIANHAO,hedgehogss,china,2026-03-01T22:27:26.258734Z,100,优惠券礼物已支付。
2026SWLAISUZHOU,hedgehogss,china,2026-03-01T22:28:38.709452Z,100,优惠券礼物已支付。
2026SWXINNIANHAO,si04172,china,2026-03-01T22:30:14.242682Z,100,优惠券礼物已支付。
2026SWLAISUZHOU,si04172,china,2026-03-01T22:31:21.570891Z,100,优惠券礼物已支付。
2026SWXINNIANHAO,828511124,china,2026-03-01T22:32:12.205872Z,100,优惠券礼物已支付。
2026SWLAISUZHOU,828511124,china,2026-03-01T22:33:38.517061Z,100,优惠券礼物已支付。
DRITTEWOCHESWEL,samuer007,china,2026-03-22T18:03:01.218996Z,(H306),无效的优惠券代码。<br/>请重新确认。
HALFWAYDONE,samuer007,china,2026-03-22T18:03:34.024504Z,(H306),无效的优惠券代码。<br/>请重新确认。
SW03DEV06NOTE,samuer007,china,2026-03-22T18:05:43.595615Z,(H306),无效的优惠券代码。<br/>请重新确认。
KOKOKARASHOUBU26,samuer007,china,2026-03-22T18:06:17.313447Z,(H306),无效的优惠券代码。<br/>请重新确认。
xinnianhao,samuer007,china,2026-03-22T18:07:03.238989Z,(H306),无效的优惠券代码。<br/>请重新确认。
SM26HELLONANIWA,samuer007,china,2026-03-22T18:09:13.662402Z,(H306),无效的优惠券代码。<br/>请重新确认。
LETSHAVEFUN2026AMSUM,samuer007,china,2026-03-22T18:10:15.405785Z,(H306),无效的优惠券代码。<br/>请重新确认。
WEHAVECOUPONSAMSUM,samuer007,china,2026-03-22T18:11:54.680347Z,(H306),无效的优惠券代码。<br/>请重新确认。
CHUANQISAI411,samuer007,china,2026-03-22T18:12:56.790361Z,(H306),无效的优惠券代码。<br/>请重新确认。
SWEL2026WOCHE5,samuer007,china,2026-03-22T18:14:24.752566Z,(H306),无效的优惠券代码。<br/>请重新确认。
ONEMOREWEEK,samuer007,china,2026-03-22T18:15:11.928692Z,(H306),无效的优惠券代码。<br/>请重新确认。
LOTR4CO11ABON,samuer007,china,2026-03-22T18:16:29.607859Z,100,优惠券礼物已支付。
LDNAT5INOURFUTURE,samuer007,china,2026-03-22T18:18:01.079143Z,(H306),无效的优惠券代码。<br/>请重新确认。
SUMMITINAMERICAS2026,samuer007,china,2026-03-22T18:19:38.391612Z,(H306),无效的优惠券代码。<br/>请重新确认。
DRITTEWOCHESWEL,safety007,china,2026-03-22T18:20:24.988476Z,(H306),无效的优惠券代码。<br/>请重新确认。
HALFWAYDONE,safety007,china,2026-03-22T18:21:18.653171Z,(H306),无效的优惠券代码。<br/>请重新确认。
SW03DEV06NOTE,safety007,china,2026-03-22T18:22:38.119362Z,(H306),无效的优惠券代码。<br/>请重新确认。
KOKOKARASHOUBU26,safety007,china,2026-03-22T18:23:47.490292Z,(H306),无效的优惠券代码。<br/>请重新确认。
xinnianhao,safety007,china,2026-03-22T18:25:40.914400Z,(H306),无效的优惠券代码。<br/>请重新确认。
SM26HELLONANIWA,safety007,china,2026-03-22T18:26:36.785257Z,(H306),无效的优惠券代码。<br/>请重新确认。
LETSHAVEFUN2026AMSUM,safety007,china,2026-03-22T18:27:49.991763Z,(H306),无效的优惠券代码。<br/>请重新确认。
WEHAVECOUPONSAMSUM,safety007,china,2026-03-22T18:29:51.027500Z,(H306),无效的优惠券代码。<br/>请重新确认。
CHUANQISAI411,safety007,china,2026-03-22T18:31:34.109424Z,(H306),无效的优惠券代码。<br/>请重新确认。
SWEL2026WOCHE5,safety007,china,2026-03-22T18:33:17.149040Z,(H306),无效的优惠券代码。<br/>请重新确认。
ONEMOREWEEK,safety007,china,2026-03-22T18:35:21.566928Z,(H306),无效的优惠券代码。<br/>请重新确认。
LOTR4CO11ABON,safety007,china,2026-03-22T18:36:10.248270Z,100,优惠券礼物已支付。
LDNAT5INOURFUTURE,safety007,china,2026-03-22T18:37:14.336866Z,(H306),无效的优惠券代码。<br/>请重新确认。
SUMMITINAMERICAS2026,safety007,china,2026-03-22T18:38:23.863331Z,(H306),无效的优惠券代码。<br/>请重新确认。
DRITTEWOCHESWEL,1940519852,china,2026-03-22T18:40:15.757744Z,(H306),无效的优惠券代码。<br/>请重新确认。
HALFWAYDONE,1940519852,china,2026-03-22T18:40:53.001644Z,(H306),无效的优惠券代码。<br/>请重新确认。
SW03DEV06NOTE,1940519852,china,2026-03-22T18:41:20.725995Z,(H306),无效的优惠券代码。<br/>请重新确认。
KOKOKARASHOUBU26,1940519852,china,2026-03-22T18:42:39.244770Z,(H306),无效的优惠券代码。<br/>请重新确认。
xinnianhao,1940519852,china,2026-03-22T18:44:16.929569Z,(H306),无效的优惠券代码。<br/>请重新确认。
SM26HELLONANIWA,1940519852,china,2026-03-22T18:46:16.823129Z,(H306),无效的优惠券代码。<br/>请重新确认。
LETSHAVEFUN2026AMSUM,1940519852,china,2026-03-22T18:47:43.570784Z,(H306),无效的优惠券代码。<br/>请重新确认。
WEHAVECOUPONSAMSUM,1940519852,china,2026-03-22T18:49:35.667152Z,(H306),无效的优惠券代码。<br/>请重新确认。
CHUANQISAI411,1940519852,china,2026-03-22T18:51:12.639701Z,(H306),无效的优惠券代码。<br/>请重新确认。
SWEL2026WOCHE5,1940519852,china,2026-03-22T18:52:28.898084Z,(H306),无效的优惠券代码。<br/>请重新确认。
ONEMOREWEEK,1940519852,china,2026-03-22T18:52:59.920884Z,(H306),无效的优惠券代码。<br/>请重新确认。
LOTR4CO11ABON,1940519852,china,2026-03-22T18:55:04.864827Z,100,优惠券礼物已支付。
LDNAT5INOURFUTURE,1940519852,china,2026-03-22T18:56:10.717092Z,(H306),无效的优惠券代码。<br/>请重新确认。
SUMMITINAMERICAS2026,1940519852,china,2026-03-22T18:57:09.694953Z,(H306),无效的优惠券代码。<br/>请重新确认。
DRITTEWOCHESWEL,763066,china,2026-03-22T18:58:46.330323Z,(H306),无效的优惠券代码。<br/>请重新确认。
HALFWAYDONE,763066,china,2026-03-22T19:00:49.669718Z,(H306),无效的优惠券代码。<br/>请重新确认。
SW03DEV06NOTE,763066,china,2026-03-22T19:02:51.849755Z,(H306),无效的优惠券代码。<br/>请重新确认。
KOKOKARASHOUBU26,763066,china,2026-03-22T19:03:42.987607Z,(H306),无效的优惠券代码。<br/>请重新确认。
xinnianhao,763066,china,2026-03-22T19:05:22.121546Z,(H306),无效的优惠券代码。<br/>请重新确认。
SM26HELLONANIWA,763066,china,2026-03-22T19:07:16.186149Z,(H306),无效的优惠券代码。<br/>请重新确认。
LETSHAVEFUN2026AMSUM,763066,china,2026-03-22T19:08:31.275694Z,(H306),无效的优惠券代码。<br/>请重新确认。
WEHAVECOUPONSAMSUM,763066,china,2026-03-22T19:09:02.677208Z,(H306),无效的优惠券代码。<br/>请重新确认。
CHUANQISAI411,763066,china,2026-03-22T19:10:23.876625Z,(H306),无效的优惠券代码。<br/>请重新确认。
SWEL2026WOCHE5,763066,china,2026-03-22T19:10:54.719138Z,(H306),无效的优惠券代码。<br/>请重新确认。
ONEMOREWEEK,763066,china,2026-03-22T19:12:28.908377Z,(H306),无效的优惠券代码。<br/>请重新确认。
LOTR4CO11ABON,763066,china,2026-03-22T19:14:08.462482Z,(H304),已使用过的优惠券代码。
LDNAT5INOURFUTURE,763066,china,2026-03-22T19:14:41.281238Z,(H306),无效的优惠券代码。<br/>请重新确认。
SUMMITINAMERICAS2026,763066,china,2026-03-22T19:15:44.529190Z,(H306),无效的优惠券代码。<br/>请重新确认。
DRITTEWOCHESWEL,Vittical,china,2026-03-22T19:16:51.660468Z,(H306),无效的优惠券代码。<br/>请重新确认。
HALFWAYDONE,Vittical,china,2026-03-22T19:17:37.259947Z,(H306),无效的优惠券代码。<br/>请重新确认。
SW03DEV06NOTE,Vittical,china,2026-03-22T19:19:40.147983Z,(H306),无效的优惠券代码。<br/>请重新确认。
KOKOKARASHOUBU26,Vittical,china,2026-03-22T19:21:14.738315Z,(H306),无效的优惠券代码。<br/>请重新确认。
xinnianhao,Vittical,china,2026-03-22T19:22:38.225641Z,(H306),无效的优惠券代码。<br/>请重新确认。
SM26HELLONANIWA,Vittical,china,2026-03-22T19:23:59.681785Z,(H306),无效的优惠券代码。<br/>请重新确认。
LETSHAVEFUN2026AMSUM,Vittical,china,2026-03-22T19:25:49.625913Z,(H306),无效的优惠券代码。<br/>请重新确认。
WEHAVECOUPONSAMSUM,Vittical,china,2026-03-22T19:27:44.763120Z,(H306),无效的优惠券代码。<br/>请重新确认。
CHUANQISAI411,Vittical,china,2026-03-22T19:28:53.217718Z,(H306),无效的优惠券代码。<br/>请重新确认。
SWEL2026WOCHE5,Vittical,china,2026-03-22T19:30:28.199034Z,(H306),无效的优惠券代码。<br/>请重新确认。
ONEMOREWEEK,Vittical,china,2026-03-22T19:30:57.954628Z,(H306),无效的优惠券代码。<br/>请重新确认。
LOTR4CO11ABON,Vittical,china,2026-03-22T19:31:52.282046Z,100,优惠券礼物已支付。
LDNAT5INOURFUTURE,Vittical,china,2026-03-22T19:33:38.839770Z,(H306),无效的优惠券代码。<br/>请重新确认。
SUMMITINAMERICAS2026,Vittical,china,2026-03-22T19:35:08.742112Z,(H306),无效的优惠券代码。<br/>请重新确认。
DRITTEWOCHESWEL,759830,china,2026-03-22T19:36:51.404744Z,(H306),无效的优惠券代码。<br/>请重新确认。
HALFWAYDONE,759830,china,2026-03-22T19:37:30.479326Z,(H306),无效的优惠券代码。<br/>请重新确认。
SW03DEV06NOTE,759830,china,2026-03-22T19:38:22.048487Z,(H306),无效的优惠券代码。<br/>请重新确认。
KOKOKARASHOUBU26,759830,china,2026-03-22T19:39:58.651196Z,(H306),无效的优惠券代码。<br/>请重新确认。
xinnianhao,759830,china,2026-03-22T19:40:35.245337Z,(H306),无效的优惠券代码。<br/>请重新确认。
SM26HELLONANIWA,759830,china,2026-03-22T19:41:05.099549Z,(H306),无效的优惠券代码。<br/>请重新确认。
LETSHAVEFUN2026AMSUM,759830,china,2026-03-22T19:41:53.654021Z,(H306),无效的优惠券代码。<br/>请重新确认。
WEHAVECOUPONSAMSUM,759830,china,2026-03-22T19:42:29.551569Z,(H306),无效的优惠券代码。<br/>请重新确认。
CHUANQISAI411,759830,china,2026-03-22T19:43:13.526860Z,(H306),无效的优惠券代码。<br/>请重新确认。
SWEL2026WOCHE5,759830,china,2026-03-22T19:44:37.861690Z,(H306),无效的优惠券代码。<br/>请重新确认。
ONEMOREWEEK,759830,china,2026-03-22T19:45:38.875536Z,(H306),无效的优惠券代码。<br/>请重新确认。
LOTR4CO11ABON,759830,china,2026-03-22T19:47:28.835903Z,100,优惠券礼物已支付。
LDNAT5INOURFUTURE,759830,china,2026-03-22T19:48:40.947212Z,(H306),无效的优惠券代码。<br/>请重新确认。
SUMMITINAMERICAS2026,759830,china,2026-03-22T19:50:24.641585Z,(H306),无效的优惠券代码。<br/>请重新确认。
DRITTEWOCHESWEL,ZQLDHJ,china,2026-03-22T19:51:12.112898Z,(H306),无效的优惠券代码。<br/>请重新确认。
HALFWAYDONE,ZQLDHJ,china,2026-03-22T19:52:58.264641Z,(H306),无效的优惠券代码。<br/>请重新确认。
SW03DEV06NOTE,ZQLDHJ,china,2026-03-22T19:53:27.697950Z,(H306),无效的优惠券代码。<br/>请重新确认。
KOKOKARASHOUBU26,ZQLDHJ,china,2026-03-22T19:55:22.635603Z,(H306),无效的优惠券代码。<br/>请重新确认。
xinnianhao,ZQLDHJ,china,2026-03-22T19:56:42.396700Z,(H306),无效的优惠券代码。<br/>请重新确认。
SM26HELLONANIWA,ZQLDHJ,china,2026-03-22T19:58:18.717876Z,(H306),无效的优惠券代码。<br/>请重新确认。
LETSHAVEFUN2026AMSUM,ZQLDHJ,china,2026-03-22T19:58:52.367651Z,(H306),无效的优惠券代码。<br/>请重新确认。
WEHAVECOUPONSAMSUM,ZQLDHJ,china,2026-03-22T20:00:58.305149Z,(H306),无效的优惠券代码。<br/>请重新确认。
CHUANQISAI411,ZQLDHJ,china,2026-03-22T20:03:05.165409Z,(H306),无效的优惠券代码。<br/>请重新确认。
SWEL2026WOCHE5,ZQLDHJ,china,2026-03-22T20:04:48.514233Z,(H306),无效的优惠券代码。<br/>请重新确认。
ONEMOREWEEK,ZQLDHJ,china,2026-03-22T20:06:47.049320Z,(H306),无效的优惠券代码。<br/>请重新确认。
LOTR4CO11ABON,ZQLDHJ,china,2026-03-22T20:08:18.814399Z,100,优惠券礼物已支付。
LDNAT5INOURFUTURE,ZQLDHJ,china,2026-03-22T20:09:35.318128Z,(H306),无效的优惠券代码。<br/>请重新确认。
SUMMITINAMERICAS2026,ZQLDHJ,china,2026-03-22T20:10:32.441429Z,(H306),无效的优惠券代码。<br/>请重新确认。
DRITTEWOCHESWEL,zhang921027,china,2026-03-22T20:11:38.593163Z,(H306),无效的优惠券代码。<br/>请重新确认。
HALFWAYDONE,zhang921027,china,2026-03-22T20:13:28.388359Z,(H306),无效的优惠券代码。<br/>请重新确认。
SW03DEV06NOTE,zhang921027,china,2026-03-22T20:14:05.703841Z,(H306),无效的优惠券代码。<br/>请重新确认。
KOKOKARASHOUBU26,zhang921027,china,2026-03-22T20:14:50.338761Z,(H306),无效的优惠券代码。<br/>请重新确认。
xinnianhao,zhang921027,china,2026-03-22T20:16:31.721028Z,(H306),无效的优惠券代码。<br/>请重新确认。
SM26HELLONANIWA,zhang921027,china,2026-03-22T20:16:58.053153Z,(H306),无效的优惠券代码。<br/>请重新确认。
LETSHAVEFUN2026AMSUM,zhang921027,china,2026-03-22T20:19:04.119704Z,(H306),无效的优惠券代码。<br/>请重新确认。
WEHAVECOUPONSAMSUM,zhang921027,china,2026-03-22T20:21:07.681815Z,(H306),无效的优惠券代码。<br/>请重新确认。
CHUANQISAI411,zhang921027,china,2026-03-22T20:22:32.953508Z,(H306),无效的优惠券代码。<br/>请重新确认。
SWEL2026WOCHE5,zhang921027,china,2026-03-22T20:22:59.629624Z,(H306),无效的优惠券代码。<br/>请重新确认。
ONEMOREWEEK,zhang921027,china,2026-03-22T20:23:41.538684Z,(H306),无效的优惠券代码。<br/>请重新确认。
LOTR4CO11ABON,zhang921027,china,2026-03-22T20:24:38.656348Z,(H304),已使用过的优惠券代码。
LDNAT5INOURFUTURE,zhang921027,china,2026-03-22T20:25:51.503989Z,(H306),无效的优惠券代码。<br/>请重新确认。
SUMMITINAMERICAS2026,zhang921027,china,2026-03-22T20:26:31.089655Z,(H306),无效的优惠券代码。<br/>请重新确认。
DRITTEWOCHESWEL,hyyni1234,china,2026-03-22T20:28:13.931605Z,(H306),无效的优惠券代码。<br/>请重新确认。
HALFWAYDONE,hyyni1234,china,2026-03-22T20:30:23.524363Z,(H306),无效的优惠券代码。<br/>请重新确认。
SW03DEV06NOTE,hyyni1234,china,2026-03-22T20:32:27.754474Z,(H306),无效的优惠券代码。<br/>请重新确认。
KOKOKARASHOUBU26,hyyni1234,china,2026-03-22T20:33:38.050702Z,(H306),无效的优惠券代码。<br/>请重新确认。
xinnianhao,hyyni1234,china,2026-03-22T20:34:10.158250Z,(H306),无效的优惠券代码。<br/>请重新确认。
SM26HELLONANIWA,hyyni1234,china,2026-03-22T20:35:51.063301Z,(H306),无效的优惠券代码。<br/>请重新确认。
LETSHAVEFUN2026AMSUM,hyyni1234,china,2026-03-22T20:37:59.619597Z,(H306),无效的优惠券代码。<br/>请重新确认。
WEHAVECOUPONSAMSUM,hyyni1234,china,2026-03-22T20:38:43.514060Z,(H306),无效的优惠券代码。<br/>请重新确认。
CHUANQISAI411,hyyni1234,china,2026-03-22T20:40:37.655696Z,(H306),无效的优惠券代码。<br/>请重新确认。
SWEL2026WOCHE5,hyyni1234,china,2026-03-22T20:41:22.447390Z,(H306),无效的优惠券代码。<br/>请重新确认。
ONEMOREWEEK,hyyni1234,china,2026-03-22T20:42:48.795893Z,(H306),无效的优惠券代码。<br/>请重新确认。
LOTR4CO11ABON,hyyni1234,china,2026-03-22T20:44:06.009561Z,(H304),已使用过的优惠券代码。
LDNAT5INOURFUTURE,hyyni1234,china,2026-03-22T20:45:13.044111Z,(H306),无效的优惠券代码。<br/>请重新确认。
SUMMITINAMERICAS2026,hyyni1234,china,2026-03-22T20:47:30.705711Z,(H306),无效的优惠券代码。<br/>请重新确认。
DRITTEWOCHESWEL,ZXFAILXY0322,china,2026-03-22T20:49:33.798323Z,(H306),无效的优惠券代码。<br/>请重新确认。
HALFWAYDONE,ZXFAILXY0322,china,2026-03-22T20:51:28.250197Z,(H306),无效的优惠券代码。<br/>请重新确认。
SW03DEV06NOTE,ZXFAILXY0322,china,2026-03-22T20:53:19.832251Z,(H306),无效的优惠券代码。<br/>请重新确认。
KOKOKARASHOUBU26,ZXFAILXY0322,china,2026-03-22T20:54:29.441322Z,(H306),无效的优惠券代码。<br/>请重新确认。
xinnianhao,ZXFAILXY0322,china,2026-03-22T20:56:19.619954Z,(H306),无效的优惠券代码。<br/>请重新确认。
SM26HELLONANIWA,ZXFAILXY0322,china,2026-03-22T20:58:28.794637Z,(H306),无效的优惠券代码。<br/>请重新确认。
LETSHAVEFUN2026AMSUM,ZXFAILXY0322,china,2026-03-22T20:59:54.382162Z,(H306),无效的优惠券代码。<br/>请重新确认。
WEHAVECOUPONSAMSUM,ZXFAILXY0322,china,2026-03-22T21:01:47.006227Z,(H306),无效的优惠券代码。<br/>请重新确认。
CHUANQISAI411,ZXFAILXY0322,china,2026-03-22T21:03:25.585209Z,(H306),无效的优惠券代码。<br/>请重新确认。
SWEL2026WOCHE5,ZXFAILXY0322,china,2026-03-22T21:04:01.346595Z,(H306),无效的优惠券代码。<br/>请重新确认。
ONEMOREWEEK,ZXFAILXY0322,china,2026-03-22T21:05:26.610977Z,(H306),无效的优惠券代码。<br/>请重新确认。
LOTR4CO11ABON,ZXFAILXY0322,china,2026-03-22T21:06:47.383325Z,(H304),已使用过的优惠券代码。
LDNAT5INOURFUTURE,ZXFAILXY0322,china,2026-03-22T21:08:07.014614Z,(H306),无效的优惠券代码。<br/>请重新确认。
SUMMITINAMERICAS2026,ZXFAILXY0322,china,2026-03-22T21:09:23.836418Z,(H306),无效的优惠券代码。<br/>请重新确认。
DRITTEWOCHESWEL,linchao0510,china,2026-03-22T21:10:07.432512Z,(H306),无效的优惠券代码。<br/>请重新确认。
HALFWAYDONE,linchao0510,china,2026-03-22T21:11:33.796813Z,(H306),无效的优惠券代码。<br/>请重新确认。
SW03DEV06NOTE,linchao0510,china,2026-03-22T21:12:00.514663Z,(H306),无效的优惠券代码。<br/>请重新确认。
KOKOKARASHOUBU26,linchao0510,china,2026-03-22T21:12:43.556621Z,(H306),无效的优惠券代码。<br/>请重新确认。
xinnianhao,linchao0510,china,2026-03-22T21:13:15.491650Z,(H306),无效的优惠券代码。<br/>请重新确认。
SM26HELLONANIWA,linchao0510,china,2026-03-22T21:14:54.253992Z,(H306),无效的优惠券代码。<br/>请重新确认。
LETSHAVEFUN2026AMSUM,linchao0510,china,2026-03-22T21:15:55.672534Z,(H306),无效的优惠券代码。<br/>请重新确认。
WEHAVECOUPONSAMSUM,linchao0510,china,2026-03-22T21:17:16.332893Z,(H306),无效的优惠券代码。<br/>请重新确认。
CHUANQISAI411,linchao0510,china,2026-03-22T21:17:50.842137Z,(H306),无效的优惠券代码。<br/>请重新确认。
SWEL2026WOCHE5,linchao0510,china,2026-03-22T21:18:37.366780Z,(H306),无效的优惠券代码。<br/>请重新确认。
ONEMOREWEEK,linchao0510,china,2026-03-22T21:20:27.000528Z,(H306),无效的优惠券代码。<br/>请重新确认。
LOTR4CO11ABON,linchao0510,china,2026-03-22T21:21:55.738359Z,(H304),已使用过的优惠券代码。
LDNAT5INOURFUTURE,linchao0510,china,2026-03-22T21:22:57.296956Z,(H306),无效的优惠券代码。<br/>请重新确认。
SUMMITINAMERICAS2026,linchao0510,china,2026-03-22T21:23:22.312922Z,(H306),无效的优惠券代码。<br/>请重新确认。
DRITTEWOCHESWEL,gcnu2768,china,2026-03-22T21:24:31.635514Z,(H306),无效的优惠券代码。<br/>请重新确认。
HALFWAYDONE,gcnu2768,china,2026-03-22T21:25:56.688956Z,(H306),无效的优惠券代码。<br/>请重新确认。
SW03DEV06NOTE,gcnu2768,china,2026-03-22T21:27:36.741324Z,(H306),无效的优惠券代码。<br/>请重新确认。
KOKOKARASHOUBU26,gcnu2768,china,2026-03-22T21:28:33.377755Z,(H306),无效的优惠券代码。<br/>请重新确认。
xinnianhao,gcnu2768,china,2026-03-22T21:30:16.548870Z,(H306),无效的优惠券代码。<br/>请重新确认。
SM26HELLONANIWA,gcnu2768,china,2026-03-22T21:32:04.740824Z,(H306),无效的优惠券代码。<br/>请重新确认。
LETSHAVEFUN2026AMSUM,gcnu2768,china,2026-03-22T21:33:30.216926Z,(H306),无效的优惠券代码。<br/>请重新确认。
WEHAVECOUPONSAMSUM,gcnu2768,china,2026-03-22T21:34:50.937734Z,(H306),无效的优惠券代码。<br/>请重新确认。
CHUANQISAI411,gcnu2768,china,2026-03-22T21:36:46.892387Z,(H306),无效的优惠券代码。<br/>请重新确认。
SWEL2026WOCHE5,gcnu2768,china,2026-03-22T21:38:41.706726Z,(H306),无效的优惠券代码。<br/>请重新确认。
ONEMOREWEEK,gcnu2768,china,2026-03-22T21:39:57.599101Z,(H306),无效的优惠券代码。<br/>请重新确认。
LOTR4CO11ABON,gcnu2768,china,2026-03-22T21:41:15.942524Z,100,优惠券礼物已支付。
LDNAT5INOURFUTURE,gcnu2768,china,2026-03-22T21:42:35.301871Z,(H306),无效的优惠券代码。<br/>请重新确认。
SUMMITINAMERICAS2026,gcnu2768,china,2026-03-22T21:43:22.586229Z,(H306),无效的优惠券代码。<br/>请重新确认。
DRITTEWOCHESWEL,wwcc998,china,2026-03-22T21:44:11.883127Z,(H306),无效的优惠券代码。<br/>请重新确认。
HALFWAYDONE,wwcc998,china,2026-03-22T21:44:44.019192Z,(H306),无效的优惠券代码。<br/>请重新确认。
SW03DEV06NOTE,wwcc998,china,2026-03-22T21:46:26.900633Z,(H306),无效的优惠券代码。<br/>请重新确认。
KOKOKARASHOUBU26,wwcc998,china,2026-03-22T21:48:37.135683Z,(H306),无效的优惠券代码。<br/>请重新确认。
xinnianhao,wwcc998,china,2026-03-22T21:49:40.631773Z,(H306),无效的优惠券代码。<br/>请重新确认。
SM26HELLONANIWA,wwcc998,china,2026-03-22T21:50:32.947865Z,(H306),无效的优惠券代码。<br/>请重新确认。
LETSHAVEFUN2026AMSUM,wwcc998,china,2026-03-22T21:52:16.274720Z,(H306),无效的优惠券代码。<br/>请重新确认。
WEHAVECOUPONSAMSUM,wwcc998,china,2026-03-22T21:52:39.976184Z,(H306),无效的优惠券代码。<br/>请重新确认。
CHUANQISAI411,wwcc998,china,2026-03-22T21:54:01.420336Z,(H306),无效的优惠券代码。<br/>请重新确认。
SWEL2026WOCHE5,wwcc998,china,2026-03-22T21:55:09.134577Z,(H306),无效的优惠券代码。<br/>请重新确认。
ONEMOREWEEK,wwcc998,china,2026-03-22T21:56:02.215892Z,(H306),无效的优惠券代码。<br/>请重新确认。
LOTR4CO11ABON,wwcc998,china,2026-03-22T21:56:38.985318Z,(H304),已使用过的优惠券代码。
LDNAT5INOURFUTURE,wwcc998,china,2026-03-22T21:58:16.678063Z,(H306),无效的优惠券代码。<br/>请重新确认。
SUMMITINAMERICAS2026,wwcc998,china,2026-03-22T21:59:53.136954Z,(H306),无效的优惠券代码。<br/>请重新确认。
DRITTEWOCHESWEL,78619630,china,2026-03-22T22:00:31.419744Z,(H306),无效的优惠券代码。<br/>请重新确认。
HALFWAYDONE,78619630,china,2026-03-22T22:01:17.267538Z,(H306),无效的优惠券代码。<br/>请重新确认。
SW03DEV06NOTE,78619630,china,2026-03-22T22:02:37.404385Z,(H306),无效的优惠券代码。<br/>请重新确认。
KOKOKARASHOUBU26,78619630,china,2026-03-22T22:04:46.217403Z,(H306),无效的优惠券代码。<br/>请重新确认。
xinnianhao,78619630,china,2026-03-22T22:06:22.233652Z,(H306),无效的优惠券代码。<br/>请重新确认。
SM26HELLONANIWA,78619630,china,2026-03-22T22:06:55.221787Z,(H306),无效的优惠券代码。<br/>请重新确认。
LETSHAVEFUN2026AMSUM,78619630,china,2026-03-22T22:08:32.259158Z,(H306),无效的优惠券代码。<br/>请重新确认。
WEHAVECOUPONSAMSUM,78619630,china,2026-03-22T22:10:33.815376Z,(H306),无效的优惠券代码。<br/>请重新确认。
CHUANQISAI411,78619630,china,2026-03-22T22:11:14.029439Z,(H306),无效的优惠券代码。<br/>请重新确认。
SWEL2026WOCHE5,78619630,china,2026-03-22T22:12:00.277773Z,(H306),无效的优惠券代码。<br/>请重新确认。
ONEMOREWEEK,78619630,china,2026-03-22T22:12:33.132767Z,(H306),无效的优惠券代码。<br/>请重新确认。
LOTR4CO11ABON,78619630,china,2026-03-22T22:12:58.368551Z,100,优惠券礼物已支付。
LDNAT5INOURFUTURE,78619630,china,2026-03-22T22:13:37.929601Z,(H306),无效的优惠券代码。<br/>请重新确认。
SUMMITINAMERICAS2026,78619630,china,2026-03-22T22:15:32.245349Z,(H306),无效的优惠券代码。<br/>请重新确认。
DRITTEWOCHESWEL,jk187,china,2026-03-22T22:16:20.096703Z,(H306),无效的优惠券代码。<br/>请重新确认。
HALFWAYDONE,jk187,china,2026-03-22T22:18:12.385671Z,(H306),无效的优惠券代码。<br/>请重新确认。
SW03DEV06NOTE,jk187,china,2026-03-22T22:19:43.640834Z,(H306),无效的优惠券代码。<br/>请重新确认。
KOKOKARASHOUBU26,jk187,china,2026-03-22T22:21:46.938283Z,(H306),无效的优惠券代码。<br/>请重新确认。
xinnianhao,jk187,china,2026-03-22T22:22:56.813419Z,(H306),无效的优惠券代码。<br/>请重新确认。
SM26HELLONANIWA,jk187,china,2026-03-22T22:24:36.211197Z,(H306),无效的优惠券代码。<br/>请重新确认。
LETSHAVEFUN2026AMSUM,jk187,china,2026-03-22T22:26:40.179355Z,(H306),无效的优惠券代码。<br/>请重新确认。
WEHAVECOUPONSAMSUM,jk187,china,2026-03-22T22:27:41.835820Z,(H306),无效的优惠券代码。<br/>请重新确认。
CHUANQISAI411,jk187,china,2026-03-22T22:29:10.524827Z,(H306),无效的优惠券代码。<br/>请重新确认。
SWEL2026WOCHE5,jk187,china,2026-03-22T22:30:04.032311Z,(H306),无效的优惠券代码。<br/>请重新确认。
ONEMOREWEEK,jk187,china,2026-03-22T22:32:08.645517Z,(H306),无效的优惠券代码。<br/>请重新确认。
LOTR4CO11ABON,jk187,china,2026-03-22T22:33:51.575262Z,(H304),已使用过的优惠券代码。
LDNAT5INOURFUTURE,jk187,china,2026-03-22T22:34:44.418198Z,(H306),无效的优惠券代码。<br/>请重新确认。
SUMMITINAMERICAS2026,jk187,china,2026-03-22T22:35:40.465846Z,(H306),无效的优惠券代码。<br/>请重新确认。
DRITTEWOCHESWEL,dshujun,china,2026-03-22T22:36:24.008087Z,(H306),无效的优惠券代码。<br/>请重新确认。
HALFWAYDONE,dshujun,china,2026-03-22T22:37:16.707001Z,(H306),无效的优惠券代码。<br/>请重新确认。
SW03DEV06NOTE,dshujun,china,2026-03-22T22:37:42.531277Z,(H306),无效的优惠券代码。<br/>请重新确认。
KOKOKARASHOUBU26,dshujun,china,2026-03-22T22:38:32.253796Z,(H306),无效的优惠券代码。<br/>请重新确认。
xinnianhao,dshujun,china,2026-03-22T22:39:50.402731Z,(H306),无效的优惠券代码。<br/>请重新确认。
SM26HELLONANIWA,dshujun,china,2026-03-22T22:41:09.730354Z,(H306),无效的优惠券代码。<br/>请重新确认。
LETSHAVEFUN2026AMSUM,dshujun,china,2026-03-22T22:43:11.494458Z,(H306),无效的优惠券代码。<br/>请重新确认。
WEHAVECOUPONSAMSUM,dshujun,china,2026-03-22T22:44:50.672032Z,(H306),无效的优惠券代码。<br/>请重新确认。
CHUANQISAI411,dshujun,china,2026-03-22T22:46:49.412123Z,(H306),无效的优惠券代码。<br/>请重新确认。
SWEL2026WOCHE5,dshujun,china,2026-03-22T22:47:40.403037Z,(H306),无效的优惠券代码。<br/>请重新确认。
ONEMOREWEEK,dshujun,china,2026-03-22T22:48:21.980614Z,(H306),无效的优惠券代码。<br/>请重新确认。
LOTR4CO11ABON,dshujun,china,2026-03-22T22:50:13.242537Z,(H304),已使用过的优惠券代码。
LDNAT5INOURFUTURE,dshujun,china,2026-03-22T22:52:01.048731Z,(H306),无效的优惠券代码。<br/>请重新确认。
SUMMITINAMERICAS2026,dshujun,china,2026-03-22T22:52:22.117306Z,(H306),无效的优惠券代码。<br/>请重新确认。
DRITTEWOCHESWEL,kkws228,china,2026-03-22T22:54:09.542701Z,(H306),无效的优惠券代码。<br/>请重新确认。
HALFWAYDONE,kkws228,china,2026-03-22T22:54:47.731200Z,(H306),无效的优惠券代码。<br/>请重新确认。
SW03DEV06NOTE,kkws228,china,2026-03-22T22:56:51.120478Z,(H306),无效的优惠券代码。<br/>请重新确认。
KOKOKARASHOUBU26,kkws228,china,2026-03-22T22:58:36.358294Z,(H306),无效的优惠券代码。<br/>请重新确认。
xinnianhao,kkws228,china,2026-03-22T22:59:44.409695Z,(H306),无效的优惠券代码。<br/>请重新确认。
SM26HELLONANIWA,kkws228,china,2026-03-22T23:00:33.936569Z,(H306),无效的优惠券代码。<br/>请重新确认。
LETSHAVEFUN2026AMSUM,kkws228,china,2026-03-22T23:01:17.716434Z,(H306),无效的优惠券代码。<br/>请重新确认。
WEHAVECOUPONSAMSUM,kkws228,china,2026-03-22T23:02:52.779087Z,(H306),无效的优惠券代码。<br/>请重新确认。
CHUANQISAI411,kkws228,china,2026-03-22T23:04:32.610185Z,(H306),无效的优惠券代码。<br/>请重新确认。
SWEL2026WOCHE5,kkws228,china,2026-03-22T23:05:50.019161Z,(H306),无效的优惠券代码。<br/>请重新确认。
ONEMOREWEEK,kkws228,china,2026-03-22T23:07:19.527428Z,(H306),无效的优惠券代码。<br/>请重新确认。
LOTR4CO11ABON,kkws228,china,2026-03-22T23:09:20.513246Z,100,优惠券礼物已支付。
LDNAT5INOURFUTURE,kkws228,china,2026-03-22T23:10:36.920018Z,(H306),无效的优惠券代码。<br/>请重新确认。
SUMMITINAMERICAS2026,kkws228,china,2026-03-22T23:12:27.434017Z,(H306),无效的优惠券代码。<br/>请重新确认。
DRITTEWOCHESWEL,1029709109,china,2026-03-22T23:13:25.911452Z,(H306),无效的优惠券代码。<br/>请重新确认。
HALFWAYDONE,1029709109,china,2026-03-22T23:14:47.675765Z,(H306),无效的优惠券代码。<br/>请重新确认。
SW03DEV06NOTE,1029709109,china,2026-03-22T23:15:25.012688Z,(H306),无效的优惠券代码。<br/>请重新确认。
KOKOKARASHOUBU26,1029709109,china,2026-03-22T23:16:18.231338Z,(H306),无效的优惠券代码。<br/>请重新确认。
xinnianhao,1029709109,china,2026-03-22T23:16:59.569178Z,(H306),无效的优惠券代码。<br/>请重新确认。
SM26HELLONANIWA,1029709109,china,2026-03-22T23:17:40.820696Z,(H306),无效的优惠券代码。<br/>请重新确认。
LETSHAVEFUN2026AMSUM,1029709109,china,2026-03-22T23:18:44.215310Z,(H306),无效的优惠券代码。<br/>请重新确认。
WEHAVECOUPONSAMSUM,1029709109,china,2026-03-22T23:19:46.681168Z,(H306),无效的优惠券代码。<br/>请重新确认。
CHUANQISAI411,1029709109,china,2026-03-22T23:21:23.645860Z,(H306),无效的优惠券代码。<br/>请重新确认。
SWEL2026WOCHE5,1029709109,china,2026-03-22T23:22:24.515903Z,(H306),无效的优惠券代码。<br/>请重新确认。
ONEMOREWEEK,1029709109,china,2026-03-22T23:23:27.151023Z,(H306),无效的优惠券代码。<br/>请重新确认。
LOTR4CO11ABON,1029709109,china,2026-03-22T23:24:34.836619Z,(H304),已使用过的优惠券代码。
LDNAT5INOURFUTURE,1029709109,china,2026-03-22T23:25:16.114782Z,(H306),无效的优惠券代码。<br/>请重新确认。
SUMMITINAMERICAS2026,1029709109,china,2026-03-22T23:27:22.057987Z,(H306),无效的优惠券代码。<br/>请重新确认。
DRITTEWOCHESWEL,yh.24288,china,2026-03-22T23:29:20.782222Z,(H306),无效的优惠券代码。<br/>请重新确认。
HALFWAYDONE,yh.24288,china,2026-03-22T23:30:46.845289Z,(H306),无效的优惠券代码。<br/>请重新确认。
SW03DEV06NOTE,yh.24288,china,2026-03-22T23:32:17.130305Z,(H306),无效的优惠券代码。<br/>请重新确认。
KOKOKARASHOUBU26,yh.24288,china,2026-03-22T23:33:24.916517Z,(H306),无效的优惠券代码。<br/>请重新确认。
xinnianhao,yh.24288,china,2026-03-22T23:35:23.534855Z,(H306),无效的优惠券代码。<br/>请重新确认。
SM26HELLONANIWA,yh.24288,china,2026-03-22T23:36:12.778665Z,(H306),无效的优惠券代码。<br/>请重新确认。
LETSHAVEFUN2026AMSUM,yh.24288,china,2026-03-22T23:38:01.391041Z,(H306),无效的优惠券代码。<br/>请重新确认。
WEHAVECOUPONSAMSUM,yh.24288,china,2026-03-22T23:39:04.665292Z,(H306),无效的优惠券代码。<br/>请重新确认。
CHUANQISAI411,yh.24288,china,2026-03-22T23:40:23.181083Z,(H306),无效的优惠券代码。<br/>请重新确认。
SWEL2026WOCHE5,yh.24288,china,2026-03-22T23:42:09.085191Z,(H306),无效的优惠券代码。<br/>请重新确认。
ONEMOREWEEK,yh.24288,china,2026-03-22T23:43:23.221392Z,(H306),无效的优惠券代码。<br/>请重新确认。
LOTR4CO11ABON,yh.24288,china,2026-03-22T23:44:38.353371Z,(H304),已使用过的优惠券代码。
LDNAT5INOURFUTURE,yh.24288,china,2026-03-22T23:45:18.310789Z,(H306),无效的优惠券代码。<br/>请重新确认。
SUMMITINAMERICAS2026,yh.24288,china,2026-03-22T23:47:11.121826Z,(H306),无效的优惠券代码。<br/>请重新确认。
DRITTEWOCHESWEL,hedgehogss,china,2026-03-22T23:48:59.787109Z,(H306),无效的优惠券代码。<br/>请重新确认。
HALFWAYDONE,hedgehogss,china,2026-03-22T23:49:51.385083Z,(H306),无效的优惠券代码。<br/>请重新确认。
SW03DEV06NOTE,hedgehogss,china,2026-03-22T23:51:49.442786Z,(H306),无效的优惠券代码。<br/>请重新确认。
KOKOKARASHOUBU26,hedgehogss,china,2026-03-22T23:53:14.206236Z,(H306),无效的优惠券代码。<br/>请重新确认。
